,index,patient,pathway,event_type,event,time,resource_id,run,rank,additional,snapshot_time,hidden_run_before
0,2,1,1,resource_use,treatment_begins,0.0,1.0,1,1.0,,0,0
1,2,1,1,resource_use,treatment_begins,0.0,1.0,1,1.0,,2,0
2,2,1,1,resource_use,treatment_begins,0.0,1.0,1,1.0,,4,0
3,2,1,1,resource_use,treatment_begins,0.0,1.0,1,1.0,,6,0
4,2,1,1,resource_use,treatment_begins,0.0,1.0,1,1.0,,8,0
5,2,1,1,resource_use,treatment_begins,0.0,1.0,1,1.0,,10,0
6,2,1,1,resource_use,treatment_begins,0.0,1.0,1,1.0,,12,0
7,2,1,1,resource_use,treatment_begins,0.0,1.0,1,1.0,,14,0
8,5,2,2,resource_use,treatment_begins,12.021043019829973,2.0,1,2.0,,14,0
9,2,1,1,resource_use,treatment_begins,0.0,1.0,1,1.0,,16,0
10,5,2,2,resource_use,treatment_begins,12.021043019829973,2.0,1,2.0,,16,0
11,2,1,1,resource_use,treatment_begins,0.0,1.0,1,1.0,,18,0
12,5,2,2,resource_use,treatment_begins,12.021043019829973,2.0,1,2.0,,18,0
13,2,1,1,resource_use,treatment_begins,0.0,1.0,1,1.0,,20,0
14,5,2,2,resource_use,treatment_begins,12.021043019829973,2.0,1,2.0,,20,0
15,2,1,1,resource_use,treatment_begins,0.0,1.0,1,1.0,,22,0
16,5,2,2,resource_use,treatment_begins,12.021043019829973,2.0,1,2.0,,22,0
17,2,1,1,resource_use,treatment_begins,0.0,1.0,1,1.0,,24,0
18,5,2,2,resource_use,treatment_begins,12.021043019829973,2.0,1,2.0,,24,0
19,8,3,2,resource_use,treatment_begins,23.70199129895224,3.0,1,3.0,,24,0
20,2,1,1,resource_use,treatment_begins,0.0,1.0,1,1.0,,26,0
21,5,2,2,resource_use,treatment_begins,12.021043019829973,2.0,1,2.0,,26,0
22,8,3,2,resource_use,treatment_begins,23.70199129895224,3.0,1,3.0,,26,0
23,2,1,1,resource_use,treatment_begins,0.0,1.0,1,1.0,,28,0
24,5,2,2,resource_use,treatment_begins,12.021043019829973,2.0,1,2.0,,28,0
25,8,3,2,resource_use,treatment_begins,23.70199129895224,3.0,1,3.0,,28,0
26,2,1,1,resource_use,treatment_begins,0.0,1.0,1,1.0,,30,0
27,5,2,2,resource_use,treatment_begins,12.021043019829973,2.0,1,2.0,,30,0
28,8,3,2,resource_use,treatment_begins,23.70199129895224,3.0,1,3.0,,30,0
29,2,1,1,resource_use,treatment_begins,0.0,1.0,1,1.0,,32,0
30,5,2,2,resource_use,treatment_begins,12.021043019829973,2.0,1,2.0,,32,0
31,8,3,2,resource_use,treatment_begins,23.70199129895224,3.0,1,3.0,,32,0
32,2,1,1,resource_use,treatment_begins,0.0,1.0,1,1.0,,34,0
33,5,2,2,resource_use,treatment_begins,12.021043019829973,2.0,1,2.0,,34,0
34,8,3,2,resource_use,treatment_begins,23.70199129895224,3.0,1,3.0,,34,0
35,2,1,1,resource_use,treatment_begins,0.0,1.0,1,1.0,,36,0
36,5,2,2,resource_use,treatment_begins,12.021043019829973,2.0,1,2.0,,36,0
37,8,3,2,resource_use,treatment_begins,23.70199129895224,3.0,1,3.0,,36,0
38,11,4,2,resource_use,treatment_begins,35.625796298323515,4.0,1,4.0,,36,0
39,2,1,1,resource_use,treatment_begins,0.0,1.0,1,1.0,,38,0
40,5,2,2,resource_use,treatment_begins,12.021043019829973,2.0,1,2.0,,38,0
41,8,3,2,resource_use,treatment_begins,23.70199129895224,3.0,1,3.0,,38,0
42,11,4,2,resource_use,treatment_begins,35.625796298323515,4.0,1,4.0,,38,0
43,13,5,2,queue,treatment_wait_begins,37.02476774758143,,1,1.0,,38,0
44,15,6,2,queue,treatment_wait_begins,37.456954746073315,,1,2.0,,38,0
45,2,1,1,resource_use,treatment_begins,0.0,1.0,1,1.0,,40,0
46,5,2,2,resource_use,treatment_begins,12.021043019829973,2.0,1,2.0,,40,0
47,8,3,2,resource_use,treatment_begins,23.70199129895224,3.0,1,3.0,,40,0
48,11,4,2,resource_use,treatment_begins,35.625796298323515,4.0,1,4.0,,40,0
49,13,5,2,queue,treatment_wait_begins,37.02476774758143,,1,1.0,,40,0
50,15,6,2,queue,treatment_wait_begins,37.456954746073315,,1,2.0,,40,0
51,5,2,2,resource_use,treatment_begins,12.021043019829973,2.0,1,1.0,,42,0
52,8,3,2,resource_use,treatment_begins,23.70199129895224,3.0,1,2.0,,42,0
53,11,4,2,resource_use,treatment_begins,35.625796298323515,4.0,1,3.0,,42,0
54,15,6,2,queue,treatment_wait_begins,37.456954746073315,,1,1.0,,42,0
55,18,5,2,resource_use,treatment_begins,41.22601356669928,1.0,1,4.0,,42,0
56,5,2,2,resource_use,treatment_begins,12.021043019829973,2.0,1,1.0,,44,0
57,8,3,2,resource_use,treatment_begins,23.70199129895224,3.0,1,2.0,,44,0
58,11,4,2,resource_use,treatment_begins,35.625796298323515,4.0,1,3.0,,44,0
59,15,6,2,queue,treatment_wait_begins,37.456954746073315,,1,1.0,,44,0
60,18,5,2,resource_use,treatment_begins,41.22601356669928,1.0,1,4.0,,44,0
61,5,2,2,resource_use,treatment_begins,12.021043019829973,2.0,1,1.0,,46,0
62,8,3,2,resource_use,treatment_begins,23.70199129895224,3.0,1,2.0,,46,0
63,11,4,2,resource_use,treatment_begins,35.625796298323515,4.0,1,3.0,,46,0
64,15,6,2,queue,treatment_wait_begins,37.456954746073315,,1,1.0,,46,0
65,18,5,2,resource_use,treatment_begins,41.22601356669928,1.0,1,4.0,,46,0
66,20,7,2,queue,treatment_wait_begins,44.72025732460407,,1,2.0,,46,0
67,8,3,2,resource_use,treatment_begins,23.70199129895224,3.0,1,1.0,,48,0
68,11,4,2,resource_use,treatment_begins,35.625796298323515,4.0,1,2.0,,48,0
69,18,5,2,resource_use,treatment_begins,41.22601356669928,1.0,1,3.0,,48,0
70,20,7,2,queue,treatment_wait_begins,44.72025732460407,,1,1.0,,48,0
71,23,6,2,resource_use,treatment_begins,46.891253581909204,2.0,1,4.0,,48,0
72,8,3,2,resource_use,treatment_begins,23.70199129895224,3.0,1,1.0,,50,0
73,11,4,2,resource_use,treatment_begins,35.625796298323515,4.0,1,2.0,,50,0
74,18,5,2,resource_use,treatment_begins,41.22601356669928,1.0,1,3.0,,50,0
75,20,7,2,queue,treatment_wait_begins,44.72025732460407,,1,1.0,,50,0
76,23,6,2,resource_use,treatment_begins,46.891253581909204,2.0,1,4.0,,50,0
77,8,3,2,resource_use,treatment_begins,23.70199129895224,3.0,1,1.0,,52,0
78,11,4,2,resource_use,treatment_begins,35.625796298323515,4.0,1,2.0,,52,0
79,18,5,2,resource_use,treatment_begins,41.22601356669928,1.0,1,3.0,,52,0
80,20,7,2,queue,treatment_wait_begins,44.72025732460407,,1,1.0,,52,0
81,23,6,2,resource_use,treatment_begins,46.891253581909204,2.0,1,4.0,,52,0
82,25,8,2,queue,treatment_wait_begins,51.770060795891936,,1,2.0,,52,0
83,8,3,2,resource_use,treatment_begins,23.70199129895224,3.0,1,1.0,,54,0
84,11,4,2,resource_use,treatment_begins,35.625796298323515,4.0,1,2.0,,54,0
85,18,5,2,resource_use,treatment_begins,41.22601356669928,1.0,1,3.0,,54,0
86,20,7,2,queue,treatment_wait_begins,44.72025732460407,,1,1.0,,54,0
87,23,6,2,resource_use,treatment_begins,46.891253581909204,2.0,1,4.0,,54,0
88,25,8,2,queue,treatment_wait_begins,51.770060795891936,,1,2.0,,54,0
89,8,3,2,resource_use,treatment_begins,23.70199129895224,3.0,1,1.0,,56,0
90,11,4,2,resource_use,treatment_begins,35.625796298323515,4.0,1,2.0,,56,0
91,18,5,2,resource_use,treatment_begins,41.22601356669928,1.0,1,3.0,,56,0
92,20,7,2,queue,treatment_wait_begins,44.72025732460407,,1,1.0,,56,0
93,23,6,2,resource_use,treatment_begins,46.891253581909204,2.0,1,4.0,,56,0
94,25,8,2,queue,treatment_wait_begins,51.770060795891936,,1,2.0,,56,0
95,8,3,2,resource_use,treatment_begins,23.70199129895224,3.0,1,1.0,,58,0
96,11,4,2,resource_use,treatment_begins,35.625796298323515,4.0,1,2.0,,58,0
97,18,5,2,resource_use,treatment_begins,41.22601356669928,1.0,1,3.0,,58,0
98,20,7,2,queue,treatment_wait_begins,44.72025732460407,,1,1.0,,58,0
99,23,6,2,resource_use,treatment_begins,46.891253581909204,2.0,1,4.0,,58,0
100,25,8,2,queue,treatment_wait_begins,51.770060795891936,,1,2.0,,58,0
101,8,3,2,resource_use,treatment_begins,23.70199129895224,3.0,1,1.0,,60,0
102,11,4,2,resource_use,treatment_begins,35.625796298323515,4.0,1,2.0,,60,0
103,18,5,2,resource_use,treatment_begins,41.22601356669928,1.0,1,3.0,,60,0
104,20,7,2,queue,treatment_wait_begins,44.72025732460407,,1,1.0,,60,0
105,23,6,2,resource_use,treatment_begins,46.891253581909204,2.0,1,4.0,,60,0
106,25,8,2,queue,treatment_wait_begins,51.770060795891936,,1,2.0,,60,0
107,8,3,2,resource_use,treatment_begins,23.70199129895224,3.0,1,1.0,,62,0
108,11,4,2,resource_use,treatment_begins,35.625796298323515,4.0,1,2.0,,62,0
109,18,5,2,resource_use,treatment_begins,41.22601356669928,1.0,1,3.0,,62,0
110,20,7,2,queue,treatment_wait_begins,44.72025732460407,,1,1.0,,62,0
111,23,6,2,resource_use,treatment_begins,46.891253581909204,2.0,1,4.0,,62,0
112,25,8,2,queue,treatment_wait_begins,51.770060795891936,,1,2.0,,62,0
113,8,3,2,resource_use,treatment_begins,23.70199129895224,3.0,1,1.0,,64,0
114,11,4,2,resource_use,treatment_begins,35.625796298323515,4.0,1,2.0,,64,0
115,18,5,2,resource_use,treatment_begins,41.22601356669928,1.0,1,3.0,,64,0
116,20,7,2,queue,treatment_wait_begins,44.72025732460407,,1,1.0,,64,0
117,23,6,2,resource_use,treatment_begins,46.891253581909204,2.0,1,4.0,,64,0
118,25,8,2,queue,treatment_wait_begins,51.770060795891936,,1,2.0,,64,0
119,8,3,2,resource_use,treatment_begins,23.70199129895224,3.0,1,1.0,,66,0
120,11,4,2,resource_use,treatment_begins,35.625796298323515,4.0,1,2.0,,66,0
121,18,5,2,resource_use,treatment_begins,41.22601356669928,1.0,1,3.0,,66,0
122,20,7,2,queue,treatment_wait_begins,44.72025732460407,,1,1.0,,66,0
123,23,6,2,resource_use,treatment_begins,46.891253581909204,2.0,1,4.0,,66,0
124,25,8,2,queue,treatment_wait_begins,51.770060795891936,,1,2.0,,66,0
125,11,4,2,resource_use,treatment_begins,35.625796298323515,4.0,1,1.0,,68,0
126,18,5,2,resource_use,treatment_begins,41.22601356669928,1.0,1,2.0,,68,0
127,23,6,2,resource_use,treatment_begins,46.891253581909204,2.0,1,3.0,,68,0
128,25,8,2,queue,treatment_wait_begins,51.770060795891936,,1,1.0,,68,0
129,28,7,2,resource_use,treatment_begins,67.28077406655834,3.0,1,4.0,,68,0
130,30,9,1,queue,treatment_wait_begins,67.39154057863942,,1,2.0,,68,0
131,32,10,1,queue,treatment_wait_begins,67.78801156455697,,1,3.0,,68,0
132,11,4,2,resource_use,treatment_begins,35.625796298323515,4.0,1,1.0,,70,0
133,18,5,2,resource_use,treatment_begins,41.22601356669928,1.0,1,2.0,,70,0
134,23,6,2,resource_use,treatment_begins,46.891253581909204,2.0,1,3.0,,70,0
135,25,8,2,queue,treatment_wait_begins,51.770060795891936,,1,1.0,,70,0
136,28,7,2,resource_use,treatment_begins,67.28077406655834,3.0,1,4.0,,70,0
137,30,9,1,queue,treatment_wait_begins,67.39154057863942,,1,2.0,,70,0
138,32,10,1,queue,treatment_wait_begins,67.78801156455697,,1,3.0,,70,0
139,11,4,2,resource_use,treatment_begins,35.625796298323515,4.0,1,1.0,,72,0
140,18,5,2,resource_use,treatment_begins,41.22601356669928,1.0,1,2.0,,72,0
141,23,6,2,resource_use,treatment_begins,46.891253581909204,2.0,1,3.0,,72,0
142,25,8,2,queue,treatment_wait_begins,51.770060795891936,,1,1.0,,72,0
143,28,7,2,resource_use,treatment_begins,67.28077406655834,3.0,1,4.0,,72,0
144,30,9,1,queue,treatment_wait_begins,67.39154057863942,,1,2.0,,72,0
145,32,10,1,queue,treatment_wait_begins,67.78801156455697,,1,3.0,,72,0
146,11,4,2,resource_use,treatment_begins,35.625796298323515,4.0,1,1.0,,74,0
147,23,6,2,resource_use,treatment_begins,46.891253581909204,2.0,1,2.0,,74,0
148,25,8,2,queue,treatment_wait_begins,51.770060795891936,,1,1.0,,74,0
149,28,7,2,resource_use,treatment_begins,67.28077406655834,3.0,1,3.0,,74,0
150,32,10,1,queue,treatment_wait_begins,67.78801156455697,,1,2.0,,74,0
151,35,9,1,resource_use,treatment_begins,72.35665649200652,1.0,1,4.0,,74,0
152,37,11,2,queue,treatment_wait_begins,73.02081579727279,,1,3.0,,74,0
153,39,12,2,queue,treatment_wait_begins,73.37299733126183,,1,4.0,,74,0
154,11,4,2,resource_use,treatment_begins,35.625796298323515,4.0,1,1.0,,76,0
155,23,6,2,resource_use,treatment_begins,46.891253581909204,2.0,1,2.0,,76,0
156,25,8,2,queue,treatment_wait_begins,51.770060795891936,,1,1.0,,76,0
157,28,7,2,resource_use,treatment_begins,67.28077406655834,3.0,1,3.0,,76,0
158,32,10,1,queue,treatment_wait_begins,67.78801156455697,,1,2.0,,76,0
159,35,9,1,resource_use,treatment_begins,72.35665649200652,1.0,1,4.0,,76,0
160,37,11,2,queue,treatment_wait_begins,73.02081579727279,,1,3.0,,76,0
161,39,12,2,queue,treatment_wait_begins,73.37299733126183,,1,4.0,,76,0
162,11,4,2,resource_use,treatment_begins,35.625796298323515,4.0,1,1.0,,78,0
163,23,6,2,resource_use,treatment_begins,46.891253581909204,2.0,1,2.0,,78,0
164,25,8,2,queue,treatment_wait_begins,51.770060795891936,,1,1.0,,78,0
165,28,7,2,resource_use,treatment_begins,67.28077406655834,3.0,1,3.0,,78,0
166,32,10,1,queue,treatment_wait_begins,67.78801156455697,,1,2.0,,78,0
167,35,9,1,resource_use,treatment_begins,72.35665649200652,1.0,1,4.0,,78,0
168,37,11,2,queue,treatment_wait_begins,73.02081579727279,,1,3.0,,78,0
169,39,12,2,queue,treatment_wait_begins,73.37299733126183,,1,4.0,,78,0
170,11,4,2,resource_use,treatment_begins,35.625796298323515,4.0,1,1.0,,80,0
171,23,6,2,resource_use,treatment_begins,46.891253581909204,2.0,1,2.0,,80,0
172,25,8,2,queue,treatment_wait_begins,51.770060795891936,,1,1.0,,80,0
173,28,7,2,resource_use,treatment_begins,67.28077406655834,3.0,1,3.0,,80,0
174,32,10,1,queue,treatment_wait_begins,67.78801156455697,,1,2.0,,80,0
175,35,9,1,resource_use,treatment_begins,72.35665649200652,1.0,1,4.0,,80,0
176,37,11,2,queue,treatment_wait_begins,73.02081579727279,,1,3.0,,80,0
177,39,12,2,queue,treatment_wait_begins,73.37299733126183,,1,4.0,,80,0
178,41,13,2,queue,treatment_wait_begins,78.81811547138163,,1,5.0,,80,0
179,28,7,2,resource_use,treatment_begins,67.28077406655834,3.0,1,1.0,,82,0
180,35,9,1,resource_use,treatment_begins,72.35665649200652,1.0,1,2.0,,82,0
181,37,11,2,queue,treatment_wait_begins,73.02081579727279,,1,1.0,,82,0
182,39,12,2,queue,treatment_wait_begins,73.37299733126183,,1,2.0,,82,0
183,41,13,2,queue,treatment_wait_begins,78.81811547138163,,1,3.0,,82,0
184,44,10,1,resource_use,treatment_begins,80.24848909995538,4.0,1,3.0,,82,0
185,47,8,2,resource_use,treatment_begins,80.6414226555737,2.0,1,4.0,,82,0
186,28,7,2,resource_use,treatment_begins,67.28077406655834,3.0,1,1.0,,84,0
187,35,9,1,resource_use,treatment_begins,72.35665649200652,1.0,1,2.0,,84,0
188,37,11,2,queue,treatment_wait_begins,73.02081579727279,,1,1.0,,84,0
189,39,12,2,queue,treatment_wait_begins,73.37299733126183,,1,2.0,,84,0
190,41,13,2,queue,treatment_wait_begins,78.81811547138163,,1,3.0,,84,0
191,44,10,1,resource_use,treatment_begins,80.24848909995538,4.0,1,3.0,,84,0
192,47,8,2,resource_use,treatment_begins,80.6414226555737,2.0,1,4.0,,84,0
193,28,7,2,resource_use,treatment_begins,67.28077406655834,3.0,1,1.0,,86,0
194,35,9,1,resource_use,treatment_begins,72.35665649200652,1.0,1,2.0,,86,0
195,37,11,2,queue,treatment_wait_begins,73.02081579727279,,1,1.0,,86,0
196,39,12,2,queue,treatment_wait_begins,73.37299733126183,,1,2.0,,86,0
197,41,13,2,queue,treatment_wait_begins,78.81811547138163,,1,3.0,,86,0
198,44,10,1,resource_use,treatment_begins,80.24848909995538,4.0,1,3.0,,86,0
199,47,8,2,resource_use,treatment_begins,80.6414226555737,2.0,1,4.0,,86,0
200,28,7,2,resource_use,treatment_begins,67.28077406655834,3.0,1,1.0,,88,0
201,35,9,1,resource_use,treatment_begins,72.35665649200652,1.0,1,2.0,,88,0
202,37,11,2,queue,treatment_wait_begins,73.02081579727279,,1,1.0,,88,0
203,39,12,2,queue,treatment_wait_begins,73.37299733126183,,1,2.0,,88,0
204,41,13,2,queue,treatment_wait_begins,78.81811547138163,,1,3.0,,88,0
205,44,10,1,resource_use,treatment_begins,80.24848909995538,4.0,1,3.0,,88,0
206,47,8,2,resource_use,treatment_begins,80.6414226555737,2.0,1,4.0,,88,0
207,49,14,1,queue,treatment_wait_begins,87.47475223580068,,1,4.0,,88,0
208,28,7,2,resource_use,treatment_begins,67.28077406655834,3.0,1,1.0,,90,0
209,35,9,1,resource_use,treatment_begins,72.35665649200652,1.0,1,2.0,,90,0
210,37,11,2,queue,treatment_wait_begins,73.02081579727279,,1,1.0,,90,0
211,39,12,2,queue,treatment_wait_begins,73.37299733126183,,1,2.0,,90,0
212,41,13,2,queue,treatment_wait_begins,78.81811547138163,,1,3.0,,90,0
213,44,10,1,resource_use,treatment_begins,80.24848909995538,4.0,1,3.0,,90,0
214,47,8,2,resource_use,treatment_begins,80.6414226555737,2.0,1,4.0,,90,0
215,49,14,1,queue,treatment_wait_begins,87.47475223580068,,1,4.0,,90,0
216,51,15,2,queue,treatment_wait_begins,89.40922635875023,,1,5.0,,90,0
217,28,7,2,resource_use,treatment_begins,67.28077406655834,3.0,1,1.0,,92,0
218,35,9,1,resource_use,treatment_begins,72.35665649200652,1.0,1,2.0,,92,0
219,37,11,2,queue,treatment_wait_begins,73.02081579727279,,1,1.0,,92,0
220,39,12,2,queue,treatment_wait_begins,73.37299733126183,,1,2.0,,92,0
221,41,13,2,queue,treatment_wait_begins,78.81811547138163,,1,3.0,,92,0
222,44,10,1,resource_use,treatment_begins,80.24848909995538,4.0,1,3.0,,92,0
223,47,8,2,resource_use,treatment_begins,80.6414226555737,2.0,1,4.0,,92,0
224,49,14,1,queue,treatment_wait_begins,87.47475223580068,,1,4.0,,92,0
225,51,15,2,queue,treatment_wait_begins,89.40922635875023,,1,5.0,,92,0
226,28,7,2,resource_use,treatment_begins,67.28077406655834,3.0,1,1.0,,94,0
227,35,9,1,resource_use,treatment_begins,72.35665649200652,1.0,1,2.0,,94,0
228,37,11,2,queue,treatment_wait_begins,73.02081579727279,,1,1.0,,94,0
229,39,12,2,queue,treatment_wait_begins,73.37299733126183,,1,2.0,,94,0
230,41,13,2,queue,treatment_wait_begins,78.81811547138163,,1,3.0,,94,0
231,44,10,1,resource_use,treatment_begins,80.24848909995538,4.0,1,3.0,,94,0
232,47,8,2,resource_use,treatment_begins,80.6414226555737,2.0,1,4.0,,94,0
233,49,14,1,queue,treatment_wait_begins,87.47475223580068,,1,4.0,,94,0
234,51,15,2,queue,treatment_wait_begins,89.40922635875023,,1,5.0,,94,0
235,28,7,2,resource_use,treatment_begins,67.28077406655834,3.0,1,1.0,,96,0
236,35,9,1,resource_use,treatment_begins,72.35665649200652,1.0,1,2.0,,96,0
237,37,11,2,queue,treatment_wait_begins,73.02081579727279,,1,1.0,,96,0
238,39,12,2,queue,treatment_wait_begins,73.37299733126183,,1,2.0,,96,0
239,41,13,2,queue,treatment_wait_begins,78.81811547138163,,1,3.0,,96,0
240,44,10,1,resource_use,treatment_begins,80.24848909995538,4.0,1,3.0,,96,0
241,47,8,2,resource_use,treatment_begins,80.6414226555737,2.0,1,4.0,,96,0
242,49,14,1,queue,treatment_wait_begins,87.47475223580068,,1,4.0,,96,0
243,51,15,2,queue,treatment_wait_begins,89.40922635875023,,1,5.0,,96,0
244,53,16,2,queue,treatment_wait_begins,95.5671546720581,,1,6.0,,96,0
245,28,7,2,resource_use,treatment_begins,67.28077406655834,3.0,1,1.0,,98,0
246,35,9,1,resource_use,treatment_begins,72.35665649200652,1.0,1,2.0,,98,0
247,37,11,2,queue,treatment_wait_begins,73.02081579727279,,1,1.0,,98,0
248,39,12,2,queue,treatment_wait_begins,73.37299733126183,,1,2.0,,98,0
249,41,13,2,queue,treatment_wait_begins,78.81811547138163,,1,3.0,,98,0
250,44,10,1,resource_use,treatment_begins,80.24848909995538,4.0,1,3.0,,98,0
251,47,8,2,resource_use,treatment_begins,80.6414226555737,2.0,1,4.0,,98,0
252,49,14,1,queue,treatment_wait_begins,87.47475223580068,,1,4.0,,98,0
253,51,15,2,queue,treatment_wait_begins,89.40922635875023,,1,5.0,,98,0
254,53,16,2,queue,treatment_wait_begins,95.5671546720581,,1,6.0,,98,0
255,55,17,2,queue,treatment_wait_begins,96.33602094118923,,1,7.0,,98,0
256,57,18,2,queue,treatment_wait_begins,96.7939072781402,,1,8.0,,98,0
257,28,7,2,resource_use,treatment_begins,67.28077406655834,3.0,1,1.0,,100,0
258,35,9,1,resource_use,treatment_begins,72.35665649200652,1.0,1,2.0,,100,0
259,37,11,2,queue,treatment_wait_begins,73.02081579727279,,1,1.0,,100,0
260,39,12,2,queue,treatment_wait_begins,73.37299733126183,,1,2.0,,100,0
261,41,13,2,queue,treatment_wait_begins,78.81811547138163,,1,3.0,,100,0
262,44,10,1,resource_use,treatment_begins,80.24848909995538,4.0,1,3.0,,100,0
263,47,8,2,resource_use,treatment_begins,80.6414226555737,2.0,1,4.0,,100,0
264,49,14,1,queue,treatment_wait_begins,87.47475223580068,,1,4.0,,100,0
265,51,15,2,queue,treatment_wait_begins,89.40922635875023,,1,5.0,,100,0
266,53,16,2,queue,treatment_wait_begins,95.5671546720581,,1,6.0,,100,0
267,55,17,2,queue,treatment_wait_begins,96.33602094118923,,1,7.0,,100,0
268,57,18,2,queue,treatment_wait_begins,96.7939072781402,,1,8.0,,100,0
269,59,19,2,queue,treatment_wait_begins,98.36980328880216,,1,9.0,,100,0
270,28,7,2,resource_use,treatment_begins,67.28077406655834,3.0,1,1.0,,102,0
271,35,9,1,resource_use,treatment_begins,72.35665649200652,1.0,1,2.0,,102,0
272,37,11,2,queue,treatment_wait_begins,73.02081579727279,,1,1.0,,102,0
273,39,12,2,queue,treatment_wait_begins,73.37299733126183,,1,2.0,,102,0
274,41,13,2,queue,treatment_wait_begins,78.81811547138163,,1,3.0,,102,0
275,44,10,1,resource_use,treatment_begins,80.24848909995538,4.0,1,3.0,,102,0
276,47,8,2,resource_use,treatment_begins,80.6414226555737,2.0,1,4.0,,102,0
277,49,14,1,queue,treatment_wait_begins,87.47475223580068,,1,4.0,,102,0
278,51,15,2,queue,treatment_wait_begins,89.40922635875023,,1,5.0,,102,0
279,53,16,2,queue,treatment_wait_begins,95.5671546720581,,1,6.0,,102,0
280,55,17,2,queue,treatment_wait_begins,96.33602094118923,,1,7.0,,102,0
281,57,18,2,queue,treatment_wait_begins,96.7939072781402,,1,8.0,,102,0
282,59,19,2,queue,treatment_wait_begins,98.36980328880216,,1,9.0,,102,0
283,28,7,2,resource_use,treatment_begins,67.28077406655834,3.0,1,1.0,,104,0
284,35,9,1,resource_use,treatment_begins,72.35665649200652,1.0,1,2.0,,104,0
285,37,11,2,queue,treatment_wait_begins,73.02081579727279,,1,1.0,,104,0
286,39,12,2,queue,treatment_wait_begins,73.37299733126183,,1,2.0,,104,0
287,41,13,2,queue,treatment_wait_begins,78.81811547138163,,1,3.0,,104,0
288,44,10,1,resource_use,treatment_begins,80.24848909995538,4.0,1,3.0,,104,0
289,47,8,2,resource_use,treatment_begins,80.6414226555737,2.0,1,4.0,,104,0
290,49,14,1,queue,treatment_wait_begins,87.47475223580068,,1,4.0,,104,0
291,51,15,2,queue,treatment_wait_begins,89.40922635875023,,1,5.0,,104,0
292,53,16,2,queue,treatment_wait_begins,95.5671546720581,,1,6.0,,104,0
293,55,17,2,queue,treatment_wait_begins,96.33602094118923,,1,7.0,,104,0
294,57,18,2,queue,treatment_wait_begins,96.7939072781402,,1,8.0,,104,0
295,59,19,2,queue,treatment_wait_begins,98.36980328880216,,1,9.0,,104,0
296,61,20,1,queue,treatment_wait_begins,102.87579966565295,,1,10.0,,104,0
297,28,7,2,resource_use,treatment_begins,67.28077406655834,3.0,1,1.0,,106,0
298,35,9,1,resource_use,treatment_begins,72.35665649200652,1.0,1,2.0,,106,0
299,37,11,2,queue,treatment_wait_begins,73.02081579727279,,1,1.0,,106,0
300,39,12,2,queue,treatment_wait_begins,73.37299733126183,,1,2.0,,106,0
301,41,13,2,queue,treatment_wait_begins,78.81811547138163,,1,3.0,,106,0
302,44,10,1,resource_use,treatment_begins,80.24848909995538,4.0,1,3.0,,106,0
303,47,8,2,resource_use,treatment_begins,80.6414226555737,2.0,1,4.0,,106,0
304,49,14,1,queue,treatment_wait_begins,87.47475223580068,,1,4.0,,106,0
305,51,15,2,queue,treatment_wait_begins,89.40922635875023,,1,5.0,,106,0
306,53,16,2,queue,treatment_wait_begins,95.5671546720581,,1,6.0,,106,0
307,55,17,2,queue,treatment_wait_begins,96.33602094118923,,1,7.0,,106,0
308,57,18,2,queue,treatment_wait_begins,96.7939072781402,,1,8.0,,106,0
309,59,19,2,queue,treatment_wait_begins,98.36980328880216,,1,9.0,,106,0
310,61,20,1,queue,treatment_wait_begins,102.87579966565295,,1,10.0,,106,0
311,63,21,1,queue,treatment_wait_begins,104.9407263143454,,1,11.0,,106,0
312,35,9,1,resource_use,treatment_begins,72.35665649200652,1.0,1,1.0,,108,0
313,37,11,2,queue,treatment_wait_begins,73.02081579727279,,1,1.0,,108,0
314,39,12,2,queue,treatment_wait_begins,73.37299733126183,,1,2.0,,108,0
315,41,13,2,queue,treatment_wait_begins,78.81811547138163,,1,3.0,,108,0
316,44,10,1,resource_use,treatment_begins,80.24848909995538,4.0,1,2.0,,108,0
317,47,8,2,resource_use,treatment_begins,80.6414226555737,2.0,1,3.0,,108,0
318,51,15,2,queue,treatment_wait_begins,89.40922635875023,,1,4.0,,108,0
319,53,16,2,queue,treatment_wait_begins,95.5671546720581,,1,5.0,,108,0
320,55,17,2,queue,treatment_wait_begins,96.33602094118923,,1,6.0,,108,0
321,57,18,2,queue,treatment_wait_begins,96.7939072781402,,1,7.0,,108,0
322,59,19,2,queue,treatment_wait_begins,98.36980328880216,,1,8.0,,108,0
323,61,20,1,queue,treatment_wait_begins,102.87579966565295,,1,9.0,,108,0
324,63,21,1,queue,treatment_wait_begins,104.9407263143454,,1,10.0,,108,0
325,66,14,1,resource_use,treatment_begins,107.60875370936559,3.0,1,4.0,,108,0
326,35,9,1,resource_use,treatment_begins,72.35665649200652,1.0,1,1.0,,110,0
327,37,11,2,queue,treatment_wait_begins,73.02081579727279,,1,1.0,,110,0
328,39,12,2,queue,treatment_wait_begins,73.37299733126183,,1,2.0,,110,0
329,41,13,2,queue,treatment_wait_begins,78.81811547138163,,1,3.0,,110,0
330,44,10,1,resource_use,treatment_begins,80.24848909995538,4.0,1,2.0,,110,0
331,47,8,2,resource_use,treatment_begins,80.6414226555737,2.0,1,3.0,,110,0
332,51,15,2,queue,treatment_wait_begins,89.40922635875023,,1,4.0,,110,0
333,53,16,2,queue,treatment_wait_begins,95.5671546720581,,1,5.0,,110,0
334,55,17,2,queue,treatment_wait_begins,96.33602094118923,,1,6.0,,110,0
335,57,18,2,queue,treatment_wait_begins,96.7939072781402,,1,7.0,,110,0
336,59,19,2,queue,treatment_wait_begins,98.36980328880216,,1,8.0,,110,0
337,61,20,1,queue,treatment_wait_begins,102.87579966565295,,1,9.0,,110,0
338,63,21,1,queue,treatment_wait_begins,104.9407263143454,,1,10.0,,110,0
339,66,14,1,resource_use,treatment_begins,107.60875370936559,3.0,1,4.0,,110,0
340,37,11,2,queue,treatment_wait_begins,73.02081579727279,,1,1.0,,112,0
341,39,12,2,queue,treatment_wait_begins,73.37299733126183,,1,2.0,,112,0
342,41,13,2,queue,treatment_wait_begins,78.81811547138163,,1,3.0,,112,0
343,44,10,1,resource_use,treatment_begins,80.24848909995538,4.0,1,1.0,,112,0
344,47,8,2,resource_use,treatment_begins,80.6414226555737,2.0,1,2.0,,112,0
345,51,15,2,queue,treatment_wait_begins,89.40922635875023,,1,4.0,,112,0
346,53,16,2,queue,treatment_wait_begins,95.5671546720581,,1,5.0,,112,0
347,55,17,2,queue,treatment_wait_begins,96.33602094118923,,1,6.0,,112,0
348,57,18,2,queue,treatment_wait_begins,96.7939072781402,,1,7.0,,112,0
349,59,19,2,queue,treatment_wait_begins,98.36980328880216,,1,8.0,,112,0
350,63,21,1,queue,treatment_wait_begins,104.9407263143454,,1,9.0,,112,0
351,66,14,1,resource_use,treatment_begins,107.60875370936559,3.0,1,3.0,,112,0
352,69,20,1,resource_use,treatment_begins,110.51521835406044,1.0,1,4.0,,112,0
353,71,22,2,queue,treatment_wait_begins,111.17765606341352,,1,10.0,,112,0
354,37,11,2,queue,treatment_wait_begins,73.02081579727279,,1,1.0,,114,0
355,39,12,2,queue,treatment_wait_begins,73.37299733126183,,1,2.0,,114,0
356,41,13,2,queue,treatment_wait_begins,78.81811547138163,,1,3.0,,114,0
357,44,10,1,resource_use,treatment_begins,80.24848909995538,4.0,1,1.0,,114,0
358,47,8,2,resource_use,treatment_begins,80.6414226555737,2.0,1,2.0,,114,0
359,51,15,2,queue,treatment_wait_begins,89.40922635875023,,1,4.0,,114,0
360,53,16,2,queue,treatment_wait_begins,95.5671546720581,,1,5.0,,114,0
361,55,17,2,queue,treatment_wait_begins,96.33602094118923,,1,6.0,,114,0
362,57,18,2,queue,treatment_wait_begins,96.7939072781402,,1,7.0,,114,0
363,59,19,2,queue,treatment_wait_begins,98.36980328880216,,1,8.0,,114,0
364,63,21,1,queue,treatment_wait_begins,104.9407263143454,,1,9.0,,114,0
365,66,14,1,resource_use,treatment_begins,107.60875370936559,3.0,1,3.0,,114,0
366,69,20,1,resource_use,treatment_begins,110.51521835406044,1.0,1,4.0,,114,0
367,71,22,2,queue,treatment_wait_begins,111.17765606341352,,1,10.0,,114,0
368,73,23,2,queue,treatment_wait_begins,112.29553792447513,,1,11.0,,114,0
369,37,11,2,queue,treatment_wait_begins,73.02081579727279,,1,1.0,,116,0
370,39,12,2,queue,treatment_wait_begins,73.37299733126183,,1,2.0,,116,0
371,41,13,2,queue,treatment_wait_begins,78.81811547138163,,1,3.0,,116,0
372,44,10,1,resource_use,treatment_begins,80.24848909995538,4.0,1,1.0,,116,0
373,47,8,2,resource_use,treatment_begins,80.6414226555737,2.0,1,2.0,,116,0
374,51,15,2,queue,treatment_wait_begins,89.40922635875023,,1,4.0,,116,0
375,53,16,2,queue,treatment_wait_begins,95.5671546720581,,1,5.0,,116,0
376,55,17,2,queue,treatment_wait_begins,96.33602094118923,,1,6.0,,116,0
377,57,18,2,queue,treatment_wait_begins,96.7939072781402,,1,7.0,,116,0
378,59,19,2,queue,treatment_wait_begins,98.36980328880216,,1,8.0,,116,0
379,63,21,1,queue,treatment_wait_begins,104.9407263143454,,1,9.0,,116,0
380,66,14,1,resource_use,treatment_begins,107.60875370936559,3.0,1,3.0,,116,0
381,69,20,1,resource_use,treatment_begins,110.51521835406044,1.0,1,4.0,,116,0
382,71,22,2,queue,treatment_wait_begins,111.17765606341352,,1,10.0,,116,0
383,73,23,2,queue,treatment_wait_begins,112.29553792447513,,1,11.0,,116,0
384,37,11,2,queue,treatment_wait_begins,73.02081579727279,,1,1.0,,118,0
385,39,12,2,queue,treatment_wait_begins,73.37299733126183,,1,2.0,,118,0
386,41,13,2,queue,treatment_wait_begins,78.81811547138163,,1,3.0,,118,0
387,44,10,1,resource_use,treatment_begins,80.24848909995538,4.0,1,1.0,,118,0
388,51,15,2,queue,treatment_wait_begins,89.40922635875023,,1,4.0,,118,0
389,53,16,2,queue,treatment_wait_begins,95.5671546720581,,1,5.0,,118,0
390,55,17,2,queue,treatment_wait_begins,96.33602094118923,,1,6.0,,118,0
391,57,18,2,queue,treatment_wait_begins,96.7939072781402,,1,7.0,,118,0
392,59,19,2,queue,treatment_wait_begins,98.36980328880216,,1,8.0,,118,0
393,66,14,1,resource_use,treatment_begins,107.60875370936559,3.0,1,2.0,,118,0
394,69,20,1,resource_use,treatment_begins,110.51521835406044,1.0,1,3.0,,118,0
395,71,22,2,queue,treatment_wait_begins,111.17765606341352,,1,9.0,,118,0
396,73,23,2,queue,treatment_wait_begins,112.29553792447513,,1,10.0,,118,0
397,76,21,1,resource_use,treatment_begins,116.33282776713702,2.0,1,4.0,,118,0
398,39,12,2,queue,treatment_wait_begins,73.37299733126183,,1,1.0,,120,0
399,41,13,2,queue,treatment_wait_begins,78.81811547138163,,1,2.0,,120,0
400,51,15,2,queue,treatment_wait_begins,89.40922635875023,,1,3.0,,120,0
401,53,16,2,queue,treatment_wait_begins,95.5671546720581,,1,4.0,,120,0
402,55,17,2,queue,treatment_wait_begins,96.33602094118923,,1,5.0,,120,0
403,57,18,2,queue,treatment_wait_begins,96.7939072781402,,1,6.0,,120,0
404,59,19,2,queue,treatment_wait_begins,98.36980328880216,,1,7.0,,120,0
405,66,14,1,resource_use,treatment_begins,107.60875370936559,3.0,1,1.0,,120,0
406,69,20,1,resource_use,treatment_begins,110.51521835406044,1.0,1,2.0,,120,0
407,71,22,2,queue,treatment_wait_begins,111.17765606341352,,1,8.0,,120,0
408,73,23,2,queue,treatment_wait_begins,112.29553792447513,,1,9.0,,120,0
409,76,21,1,resource_use,treatment_begins,116.33282776713702,2.0,1,3.0,,120,0
410,79,11,2,resource_use,treatment_begins,119.8566567640836,4.0,1,4.0,,120,0
411,39,12,2,queue,treatment_wait_begins,73.37299733126183,,1,1.0,,122,0
412,41,13,2,queue,treatment_wait_begins,78.81811547138163,,1,2.0,,122,0
413,51,15,2,queue,treatment_wait_begins,89.40922635875023,,1,3.0,,122,0
414,53,16,2,queue,treatment_wait_begins,95.5671546720581,,1,4.0,,122,0
415,55,17,2,queue,treatment_wait_begins,96.33602094118923,,1,5.0,,122,0
416,57,18,2,queue,treatment_wait_begins,96.7939072781402,,1,6.0,,122,0
417,59,19,2,queue,treatment_wait_begins,98.36980328880216,,1,7.0,,122,0
418,66,14,1,resource_use,treatment_begins,107.60875370936559,3.0,1,1.0,,122,0
419,69,20,1,resource_use,treatment_begins,110.51521835406044,1.0,1,2.0,,122,0
420,71,22,2,queue,treatment_wait_begins,111.17765606341352,,1,8.0,,122,0
421,73,23,2,queue,treatment_wait_begins,112.29553792447513,,1,9.0,,122,0
422,76,21,1,resource_use,treatment_begins,116.33282776713702,2.0,1,3.0,,122,0
423,79,11,2,resource_use,treatment_begins,119.8566567640836,4.0,1,4.0,,122,0
424,81,24,2,queue,treatment_wait_begins,121.48538924519744,,1,10.0,,122,0
425,39,12,2,queue,treatment_wait_begins,73.37299733126183,,1,1.0,,124,0
426,41,13,2,queue,treatment_wait_begins,78.81811547138163,,1,2.0,,124,0
427,51,15,2,queue,treatment_wait_begins,89.40922635875023,,1,3.0,,124,0
428,53,16,2,queue,treatment_wait_begins,95.5671546720581,,1,4.0,,124,0
429,55,17,2,queue,treatment_wait_begins,96.33602094118923,,1,5.0,,124,0
430,57,18,2,queue,treatment_wait_begins,96.7939072781402,,1,6.0,,124,0
431,59,19,2,queue,treatment_wait_begins,98.36980328880216,,1,7.0,,124,0
432,66,14,1,resource_use,treatment_begins,107.60875370936559,3.0,1,1.0,,124,0
433,69,20,1,resource_use,treatment_begins,110.51521835406044,1.0,1,2.0,,124,0
434,71,22,2,queue,treatment_wait_begins,111.17765606341352,,1,8.0,,124,0
435,73,23,2,queue,treatment_wait_begins,112.29553792447513,,1,9.0,,124,0
436,76,21,1,resource_use,treatment_begins,116.33282776713702,2.0,1,3.0,,124,0
437,79,11,2,resource_use,treatment_begins,119.8566567640836,4.0,1,4.0,,124,0
438,81,24,2,queue,treatment_wait_begins,121.48538924519744,,1,10.0,,124,0
439,39,12,2,queue,treatment_wait_begins,73.37299733126183,,1,1.0,,126,0
440,41,13,2,queue,treatment_wait_begins,78.81811547138163,,1,2.0,,126,0
441,51,15,2,queue,treatment_wait_begins,89.40922635875023,,1,3.0,,126,0
442,53,16,2,queue,treatment_wait_begins,95.5671546720581,,1,4.0,,126,0
443,55,17,2,queue,treatment_wait_begins,96.33602094118923,,1,5.0,,126,0
444,57,18,2,queue,treatment_wait_begins,96.7939072781402,,1,6.0,,126,0
445,59,19,2,queue,treatment_wait_begins,98.36980328880216,,1,7.0,,126,0
446,66,14,1,resource_use,treatment_begins,107.60875370936559,3.0,1,1.0,,126,0
447,69,20,1,resource_use,treatment_begins,110.51521835406044,1.0,1,2.0,,126,0
448,71,22,2,queue,treatment_wait_begins,111.17765606341352,,1,8.0,,126,0
449,73,23,2,queue,treatment_wait_begins,112.29553792447513,,1,9.0,,126,0
450,76,21,1,resource_use,treatment_begins,116.33282776713702,2.0,1,3.0,,126,0
451,79,11,2,resource_use,treatment_begins,119.8566567640836,4.0,1,4.0,,126,0
452,81,24,2,queue,treatment_wait_begins,121.48538924519744,,1,10.0,,126,0
453,39,12,2,queue,treatment_wait_begins,73.37299733126183,,1,1.0,,128,0
454,41,13,2,queue,treatment_wait_begins,78.81811547138163,,1,2.0,,128,0
455,51,15,2,queue,treatment_wait_begins,89.40922635875023,,1,3.0,,128,0
456,53,16,2,queue,treatment_wait_begins,95.5671546720581,,1,4.0,,128,0
457,55,17,2,queue,treatment_wait_begins,96.33602094118923,,1,5.0,,128,0
458,57,18,2,queue,treatment_wait_begins,96.7939072781402,,1,6.0,,128,0
459,59,19,2,queue,treatment_wait_begins,98.36980328880216,,1,7.0,,128,0
460,66,14,1,resource_use,treatment_begins,107.60875370936559,3.0,1,1.0,,128,0
461,69,20,1,resource_use,treatment_begins,110.51521835406044,1.0,1,2.0,,128,0
462,71,22,2,queue,treatment_wait_begins,111.17765606341352,,1,8.0,,128,0
463,73,23,2,queue,treatment_wait_begins,112.29553792447513,,1,9.0,,128,0
464,76,21,1,resource_use,treatment_begins,116.33282776713702,2.0,1,3.0,,128,0
465,79,11,2,resource_use,treatment_begins,119.8566567640836,4.0,1,4.0,,128,0
466,81,24,2,queue,treatment_wait_begins,121.48538924519744,,1,10.0,,128,0
467,83,25,2,queue,treatment_wait_begins,127.62081856126873,,1,11.0,,128,0
468,39,12,2,queue,treatment_wait_begins,73.37299733126183,,1,1.0,,130,0
469,41,13,2,queue,treatment_wait_begins,78.81811547138163,,1,2.0,,130,0
470,51,15,2,queue,treatment_wait_begins,89.40922635875023,,1,3.0,,130,0
471,53,16,2,queue,treatment_wait_begins,95.5671546720581,,1,4.0,,130,0
472,55,17,2,queue,treatment_wait_begins,96.33602094118923,,1,5.0,,130,0
473,57,18,2,queue,treatment_wait_begins,96.7939072781402,,1,6.0,,130,0
474,59,19,2,queue,treatment_wait_begins,98.36980328880216,,1,7.0,,130,0
475,66,14,1,resource_use,treatment_begins,107.60875370936559,3.0,1,1.0,,130,0
476,69,20,1,resource_use,treatment_begins,110.51521835406044,1.0,1,2.0,,130,0
477,71,22,2,queue,treatment_wait_begins,111.17765606341352,,1,8.0,,130,0
478,73,23,2,queue,treatment_wait_begins,112.29553792447513,,1,9.0,,130,0
479,76,21,1,resource_use,treatment_begins,116.33282776713702,2.0,1,3.0,,130,0
480,79,11,2,resource_use,treatment_begins,119.8566567640836,4.0,1,4.0,,130,0
481,81,24,2,queue,treatment_wait_begins,121.48538924519744,,1,10.0,,130,0
482,83,25,2,queue,treatment_wait_begins,127.62081856126873,,1,11.0,,130,0
483,39,12,2,queue,treatment_wait_begins,73.37299733126183,,1,1.0,,132,0
484,41,13,2,queue,treatment_wait_begins,78.81811547138163,,1,2.0,,132,0
485,51,15,2,queue,treatment_wait_begins,89.40922635875023,,1,3.0,,132,0
486,53,16,2,queue,treatment_wait_begins,95.5671546720581,,1,4.0,,132,0
487,55,17,2,queue,treatment_wait_begins,96.33602094118923,,1,5.0,,132,0
488,57,18,2,queue,treatment_wait_begins,96.7939072781402,,1,6.0,,132,0
489,59,19,2,queue,treatment_wait_begins,98.36980328880216,,1,7.0,,132,0
490,66,14,1,resource_use,treatment_begins,107.60875370936559,3.0,1,1.0,,132,0
491,69,20,1,resource_use,treatment_begins,110.51521835406044,1.0,1,2.0,,132,0
492,71,22,2,queue,treatment_wait_begins,111.17765606341352,,1,8.0,,132,0
493,73,23,2,queue,treatment_wait_begins,112.29553792447513,,1,9.0,,132,0
494,76,21,1,resource_use,treatment_begins,116.33282776713702,2.0,1,3.0,,132,0
495,79,11,2,resource_use,treatment_begins,119.8566567640836,4.0,1,4.0,,132,0
496,81,24,2,queue,treatment_wait_begins,121.48538924519744,,1,10.0,,132,0
497,83,25,2,queue,treatment_wait_begins,127.62081856126873,,1,11.0,,132,0
498,85,26,2,queue,treatment_wait_begins,130.89979933108373,,1,12.0,,132,0
499,39,12,2,queue,treatment_wait_begins,73.37299733126183,,1,1.0,,134,0
500,41,13,2,queue,treatment_wait_begins,78.81811547138163,,1,2.0,,134,0
501,51,15,2,queue,treatment_wait_begins,89.40922635875023,,1,3.0,,134,0
502,53,16,2,queue,treatment_wait_begins,95.5671546720581,,1,4.0,,134,0
503,55,17,2,queue,treatment_wait_begins,96.33602094118923,,1,5.0,,134,0
504,57,18,2,queue,treatment_wait_begins,96.7939072781402,,1,6.0,,134,0
505,59,19,2,queue,treatment_wait_begins,98.36980328880216,,1,7.0,,134,0
506,66,14,1,resource_use,treatment_begins,107.60875370936559,3.0,1,1.0,,134,0
507,69,20,1,resource_use,treatment_begins,110.51521835406044,1.0,1,2.0,,134,0
508,71,22,2,queue,treatment_wait_begins,111.17765606341352,,1,8.0,,134,0
509,73,23,2,queue,treatment_wait_begins,112.29553792447513,,1,9.0,,134,0
510,76,21,1,resource_use,treatment_begins,116.33282776713702,2.0,1,3.0,,134,0
511,79,11,2,resource_use,treatment_begins,119.8566567640836,4.0,1,4.0,,134,0
512,81,24,2,queue,treatment_wait_begins,121.48538924519744,,1,10.0,,134,0
513,83,25,2,queue,treatment_wait_begins,127.62081856126873,,1,11.0,,134,0
514,85,26,2,queue,treatment_wait_begins,130.89979933108373,,1,12.0,,134,0
515,87,27,1,queue,treatment_wait_begins,132.98523286264282,,1,13.0,,134,0
516,39,12,2,queue,treatment_wait_begins,73.37299733126183,,1,1.0,,136,0
517,41,13,2,queue,treatment_wait_begins,78.81811547138163,,1,2.0,,136,0
518,51,15,2,queue,treatment_wait_begins,89.40922635875023,,1,3.0,,136,0
519,53,16,2,queue,treatment_wait_begins,95.5671546720581,,1,4.0,,136,0
520,55,17,2,queue,treatment_wait_begins,96.33602094118923,,1,5.0,,136,0
521,57,18,2,queue,treatment_wait_begins,96.7939072781402,,1,6.0,,136,0
522,59,19,2,queue,treatment_wait_begins,98.36980328880216,,1,7.0,,136,0
523,66,14,1,resource_use,treatment_begins,107.60875370936559,3.0,1,1.0,,136,0
524,69,20,1,resource_use,treatment_begins,110.51521835406044,1.0,1,2.0,,136,0
525,71,22,2,queue,treatment_wait_begins,111.17765606341352,,1,8.0,,136,0
526,73,23,2,queue,treatment_wait_begins,112.29553792447513,,1,9.0,,136,0
527,76,21,1,resource_use,treatment_begins,116.33282776713702,2.0,1,3.0,,136,0
528,79,11,2,resource_use,treatment_begins,119.8566567640836,4.0,1,4.0,,136,0
529,81,24,2,queue,treatment_wait_begins,121.48538924519744,,1,10.0,,136,0
530,83,25,2,queue,treatment_wait_begins,127.62081856126873,,1,11.0,,136,0
531,85,26,2,queue,treatment_wait_begins,130.89979933108373,,1,12.0,,136,0
532,87,27,1,queue,treatment_wait_begins,132.98523286264282,,1,13.0,,136,0
533,89,28,2,queue,treatment_wait_begins,135.25183130913413,,1,14.0,,136,0
534,91,29,2,queue,treatment_wait_begins,135.6372170444124,,1,15.0,,136,0
535,39,12,2,queue,treatment_wait_begins,73.37299733126183,,1,1.0,,138,0
536,41,13,2,queue,treatment_wait_begins,78.81811547138163,,1,2.0,,138,0
537,51,15,2,queue,treatment_wait_begins,89.40922635875023,,1,3.0,,138,0
538,53,16,2,queue,treatment_wait_begins,95.5671546720581,,1,4.0,,138,0
539,55,17,2,queue,treatment_wait_begins,96.33602094118923,,1,5.0,,138,0
540,57,18,2,queue,treatment_wait_begins,96.7939072781402,,1,6.0,,138,0
541,59,19,2,queue,treatment_wait_begins,98.36980328880216,,1,7.0,,138,0
542,66,14,1,resource_use,treatment_begins,107.60875370936559,3.0,1,1.0,,138,0
543,69,20,1,resource_use,treatment_begins,110.51521835406044,1.0,1,2.0,,138,0
544,71,22,2,queue,treatment_wait_begins,111.17765606341352,,1,8.0,,138,0
545,73,23,2,queue,treatment_wait_begins,112.29553792447513,,1,9.0,,138,0
546,76,21,1,resource_use,treatment_begins,116.33282776713702,2.0,1,3.0,,138,0
547,79,11,2,resource_use,treatment_begins,119.8566567640836,4.0,1,4.0,,138,0
548,81,24,2,queue,treatment_wait_begins,121.48538924519744,,1,10.0,,138,0
549,83,25,2,queue,treatment_wait_begins,127.62081856126873,,1,11.0,,138,0
550,85,26,2,queue,treatment_wait_begins,130.89979933108373,,1,12.0,,138,0
551,87,27,1,queue,treatment_wait_begins,132.98523286264282,,1,13.0,,138,0
552,89,28,2,queue,treatment_wait_begins,135.25183130913413,,1,14.0,,138,0
553,91,29,2,queue,treatment_wait_begins,135.6372170444124,,1,15.0,,138,0
554,93,30,2,queue,treatment_wait_begins,136.53537831628518,,1,16.0,,138,0
555,39,12,2,queue,treatment_wait_begins,73.37299733126183,,1,1.0,,140,0
556,41,13,2,queue,treatment_wait_begins,78.81811547138163,,1,2.0,,140,0
557,51,15,2,queue,treatment_wait_begins,89.40922635875023,,1,3.0,,140,0
558,53,16,2,queue,treatment_wait_begins,95.5671546720581,,1,4.0,,140,0
559,55,17,2,queue,treatment_wait_begins,96.33602094118923,,1,5.0,,140,0
560,57,18,2,queue,treatment_wait_begins,96.7939072781402,,1,6.0,,140,0
561,59,19,2,queue,treatment_wait_begins,98.36980328880216,,1,7.0,,140,0
562,66,14,1,resource_use,treatment_begins,107.60875370936559,3.0,1,1.0,,140,0
563,69,20,1,resource_use,treatment_begins,110.51521835406044,1.0,1,2.0,,140,0
564,71,22,2,queue,treatment_wait_begins,111.17765606341352,,1,8.0,,140,0
565,73,23,2,queue,treatment_wait_begins,112.29553792447513,,1,9.0,,140,0
566,76,21,1,resource_use,treatment_begins,116.33282776713702,2.0,1,3.0,,140,0
567,79,11,2,resource_use,treatment_begins,119.8566567640836,4.0,1,4.0,,140,0
568,81,24,2,queue,treatment_wait_begins,121.48538924519744,,1,10.0,,140,0
569,83,25,2,queue,treatment_wait_begins,127.62081856126873,,1,11.0,,140,0
570,85,26,2,queue,treatment_wait_begins,130.89979933108373,,1,12.0,,140,0
571,87,27,1,queue,treatment_wait_begins,132.98523286264282,,1,13.0,,140,0
572,89,28,2,queue,treatment_wait_begins,135.25183130913413,,1,14.0,,140,0
573,91,29,2,queue,treatment_wait_begins,135.6372170444124,,1,15.0,,140,0
574,93,30,2,queue,treatment_wait_begins,136.53537831628518,,1,16.0,,140,0
575,95,31,2,queue,treatment_wait_begins,139.96198057430644,,1,17.0,,140,0
576,39,12,2,queue,treatment_wait_begins,73.37299733126183,,1,1.0,,142,0
577,41,13,2,queue,treatment_wait_begins,78.81811547138163,,1,2.0,,142,0
578,51,15,2,queue,treatment_wait_begins,89.40922635875023,,1,3.0,,142,0
579,53,16,2,queue,treatment_wait_begins,95.5671546720581,,1,4.0,,142,0
580,55,17,2,queue,treatment_wait_begins,96.33602094118923,,1,5.0,,142,0
581,57,18,2,queue,treatment_wait_begins,96.7939072781402,,1,6.0,,142,0
582,59,19,2,queue,treatment_wait_begins,98.36980328880216,,1,7.0,,142,0
583,66,14,1,resource_use,treatment_begins,107.60875370936559,3.0,1,1.0,,142,0
584,69,20,1,resource_use,treatment_begins,110.51521835406044,1.0,1,2.0,,142,0
585,71,22,2,queue,treatment_wait_begins,111.17765606341352,,1,8.0,,142,0
586,73,23,2,queue,treatment_wait_begins,112.29553792447513,,1,9.0,,142,0
587,76,21,1,resource_use,treatment_begins,116.33282776713702,2.0,1,3.0,,142,0
588,79,11,2,resource_use,treatment_begins,119.8566567640836,4.0,1,4.0,,142,0
589,81,24,2,queue,treatment_wait_begins,121.48538924519744,,1,10.0,,142,0
590,83,25,2,queue,treatment_wait_begins,127.62081856126873,,1,11.0,,142,0
591,85,26,2,queue,treatment_wait_begins,130.89979933108373,,1,12.0,,142,0
592,87,27,1,queue,treatment_wait_begins,132.98523286264282,,1,13.0,,142,0
593,89,28,2,queue,treatment_wait_begins,135.25183130913413,,1,14.0,,142,0
594,91,29,2,queue,treatment_wait_begins,135.6372170444124,,1,15.0,,142,0
595,93,30,2,queue,treatment_wait_begins,136.53537831628518,,1,16.0,,142,0
596,95,31,2,queue,treatment_wait_begins,139.96198057430644,,1,17.0,,142,0
597,97,32,2,queue,treatment_wait_begins,141.90538175510554,,1,18.0,,142,0
598,39,12,2,queue,treatment_wait_begins,73.37299733126183,,1,1.0,,144,0
599,41,13,2,queue,treatment_wait_begins,78.81811547138163,,1,2.0,,144,0
600,51,15,2,queue,treatment_wait_begins,89.40922635875023,,1,3.0,,144,0
601,53,16,2,queue,treatment_wait_begins,95.5671546720581,,1,4.0,,144,0
602,55,17,2,queue,treatment_wait_begins,96.33602094118923,,1,5.0,,144,0
603,57,18,2,queue,treatment_wait_begins,96.7939072781402,,1,6.0,,144,0
604,59,19,2,queue,treatment_wait_begins,98.36980328880216,,1,7.0,,144,0
605,66,14,1,resource_use,treatment_begins,107.60875370936559,3.0,1,1.0,,144,0
606,69,20,1,resource_use,treatment_begins,110.51521835406044,1.0,1,2.0,,144,0
607,71,22,2,queue,treatment_wait_begins,111.17765606341352,,1,8.0,,144,0
608,73,23,2,queue,treatment_wait_begins,112.29553792447513,,1,9.0,,144,0
609,76,21,1,resource_use,treatment_begins,116.33282776713702,2.0,1,3.0,,144,0
610,79,11,2,resource_use,treatment_begins,119.8566567640836,4.0,1,4.0,,144,0
611,81,24,2,queue,treatment_wait_begins,121.48538924519744,,1,10.0,,144,0
612,83,25,2,queue,treatment_wait_begins,127.62081856126873,,1,11.0,,144,0
613,85,26,2,queue,treatment_wait_begins,130.89979933108373,,1,12.0,,144,0
614,87,27,1,queue,treatment_wait_begins,132.98523286264282,,1,13.0,,144,0
615,89,28,2,queue,treatment_wait_begins,135.25183130913413,,1,14.0,,144,0
616,91,29,2,queue,treatment_wait_begins,135.6372170444124,,1,15.0,,144,0
617,93,30,2,queue,treatment_wait_begins,136.53537831628518,,1,16.0,,144,0
618,95,31,2,queue,treatment_wait_begins,139.96198057430644,,1,17.0,,144,0
619,97,32,2,queue,treatment_wait_begins,141.90538175510554,,1,18.0,,144,0
620,39,12,2,queue,treatment_wait_begins,73.37299733126183,,1,1.0,,146,0
621,41,13,2,queue,treatment_wait_begins,78.81811547138163,,1,2.0,,146,0
622,51,15,2,queue,treatment_wait_begins,89.40922635875023,,1,3.0,,146,0
623,53,16,2,queue,treatment_wait_begins,95.5671546720581,,1,4.0,,146,0
624,55,17,2,queue,treatment_wait_begins,96.33602094118923,,1,5.0,,146,0
625,57,18,2,queue,treatment_wait_begins,96.7939072781402,,1,6.0,,146,0
626,59,19,2,queue,treatment_wait_begins,98.36980328880216,,1,7.0,,146,0
627,66,14,1,resource_use,treatment_begins,107.60875370936559,3.0,1,1.0,,146,0
628,69,20,1,resource_use,treatment_begins,110.51521835406044,1.0,1,2.0,,146,0
629,71,22,2,queue,treatment_wait_begins,111.17765606341352,,1,8.0,,146,0
630,73,23,2,queue,treatment_wait_begins,112.29553792447513,,1,9.0,,146,0
631,76,21,1,resource_use,treatment_begins,116.33282776713702,2.0,1,3.0,,146,0
632,79,11,2,resource_use,treatment_begins,119.8566567640836,4.0,1,4.0,,146,0
633,81,24,2,queue,treatment_wait_begins,121.48538924519744,,1,10.0,,146,0
634,83,25,2,queue,treatment_wait_begins,127.62081856126873,,1,11.0,,146,0
635,85,26,2,queue,treatment_wait_begins,130.89979933108373,,1,12.0,,146,0
636,87,27,1,queue,treatment_wait_begins,132.98523286264282,,1,13.0,,146,0
637,89,28,2,queue,treatment_wait_begins,135.25183130913413,,1,14.0,,146,0
638,91,29,2,queue,treatment_wait_begins,135.6372170444124,,1,15.0,,146,0
639,93,30,2,queue,treatment_wait_begins,136.53537831628518,,1,16.0,,146,0
640,95,31,2,queue,treatment_wait_begins,139.96198057430644,,1,17.0,,146,0
641,97,32,2,queue,treatment_wait_begins,141.90538175510554,,1,18.0,,146,0
642,39,12,2,queue,treatment_wait_begins,73.37299733126183,,1,1.0,,148,0
643,41,13,2,queue,treatment_wait_begins,78.81811547138163,,1,2.0,,148,0
644,51,15,2,queue,treatment_wait_begins,89.40922635875023,,1,3.0,,148,0
645,53,16,2,queue,treatment_wait_begins,95.5671546720581,,1,4.0,,148,0
646,55,17,2,queue,treatment_wait_begins,96.33602094118923,,1,5.0,,148,0
647,57,18,2,queue,treatment_wait_begins,96.7939072781402,,1,6.0,,148,0
648,59,19,2,queue,treatment_wait_begins,98.36980328880216,,1,7.0,,148,0
649,66,14,1,resource_use,treatment_begins,107.60875370936559,3.0,1,1.0,,148,0
650,69,20,1,resource_use,treatment_begins,110.51521835406044,1.0,1,2.0,,148,0
651,71,22,2,queue,treatment_wait_begins,111.17765606341352,,1,8.0,,148,0
652,73,23,2,queue,treatment_wait_begins,112.29553792447513,,1,9.0,,148,0
653,76,21,1,resource_use,treatment_begins,116.33282776713702,2.0,1,3.0,,148,0
654,79,11,2,resource_use,treatment_begins,119.8566567640836,4.0,1,4.0,,148,0
655,81,24,2,queue,treatment_wait_begins,121.48538924519744,,1,10.0,,148,0
656,83,25,2,queue,treatment_wait_begins,127.62081856126873,,1,11.0,,148,0
657,85,26,2,queue,treatment_wait_begins,130.89979933108373,,1,12.0,,148,0
658,87,27,1,queue,treatment_wait_begins,132.98523286264282,,1,13.0,,148,0
659,89,28,2,queue,treatment_wait_begins,135.25183130913413,,1,14.0,,148,0
660,91,29,2,queue,treatment_wait_begins,135.6372170444124,,1,15.0,,148,0
661,93,30,2,queue,treatment_wait_begins,136.53537831628518,,1,16.0,,148,0
662,95,31,2,queue,treatment_wait_begins,139.96198057430644,,1,17.0,,148,0
663,97,32,2,queue,treatment_wait_begins,141.90538175510554,,1,18.0,,148,0
664,39,12,2,queue,treatment_wait_begins,73.37299733126183,,1,1.0,,150,0
665,41,13,2,queue,treatment_wait_begins,78.81811547138163,,1,2.0,,150,0
666,51,15,2,queue,treatment_wait_begins,89.40922635875023,,1,3.0,,150,0
667,53,16,2,queue,treatment_wait_begins,95.5671546720581,,1,4.0,,150,0
668,55,17,2,queue,treatment_wait_begins,96.33602094118923,,1,5.0,,150,0
669,57,18,2,queue,treatment_wait_begins,96.7939072781402,,1,6.0,,150,0
670,59,19,2,queue,treatment_wait_begins,98.36980328880216,,1,7.0,,150,0
671,66,14,1,resource_use,treatment_begins,107.60875370936559,3.0,1,1.0,,150,0
672,69,20,1,resource_use,treatment_begins,110.51521835406044,1.0,1,2.0,,150,0
673,71,22,2,queue,treatment_wait_begins,111.17765606341352,,1,8.0,,150,0
674,73,23,2,queue,treatment_wait_begins,112.29553792447513,,1,9.0,,150,0
675,76,21,1,resource_use,treatment_begins,116.33282776713702,2.0,1,3.0,,150,0
676,79,11,2,resource_use,treatment_begins,119.8566567640836,4.0,1,4.0,,150,0
677,81,24,2,queue,treatment_wait_begins,121.48538924519744,,1,10.0,,150,0
678,83,25,2,queue,treatment_wait_begins,127.62081856126873,,1,11.0,,150,0
679,85,26,2,queue,treatment_wait_begins,130.89979933108373,,1,12.0,,150,0
680,87,27,1,queue,treatment_wait_begins,132.98523286264282,,1,13.0,,150,0
681,89,28,2,queue,treatment_wait_begins,135.25183130913413,,1,14.0,,150,0
682,91,29,2,queue,treatment_wait_begins,135.6372170444124,,1,15.0,,150,0
683,93,30,2,queue,treatment_wait_begins,136.53537831628518,,1,16.0,,150,0
684,95,31,2,queue,treatment_wait_begins,139.96198057430644,,1,17.0,,150,0
685,97,32,2,queue,treatment_wait_begins,141.90538175510554,,1,18.0,,150,0
686,99,33,2,queue,treatment_wait_begins,148.22641604293108,,1,19.0,,150,0
687,39,12,2,queue,treatment_wait_begins,73.37299733126183,,1,1.0,,152,0
688,41,13,2,queue,treatment_wait_begins,78.81811547138163,,1,2.0,,152,0
689,51,15,2,queue,treatment_wait_begins,89.40922635875023,,1,3.0,,152,0
690,53,16,2,queue,treatment_wait_begins,95.5671546720581,,1,4.0,,152,0
691,55,17,2,queue,treatment_wait_begins,96.33602094118923,,1,5.0,,152,0
692,57,18,2,queue,treatment_wait_begins,96.7939072781402,,1,6.0,,152,0
693,59,19,2,queue,treatment_wait_begins,98.36980328880216,,1,7.0,,152,0
694,69,20,1,resource_use,treatment_begins,110.51521835406044,1.0,1,1.0,,152,0
695,71,22,2,queue,treatment_wait_begins,111.17765606341352,,1,8.0,,152,0
696,73,23,2,queue,treatment_wait_begins,112.29553792447513,,1,9.0,,152,0
697,76,21,1,resource_use,treatment_begins,116.33282776713702,2.0,1,2.0,,152,0
698,79,11,2,resource_use,treatment_begins,119.8566567640836,4.0,1,3.0,,152,0
699,81,24,2,queue,treatment_wait_begins,121.48538924519744,,1,10.0,,152,0
700,83,25,2,queue,treatment_wait_begins,127.62081856126873,,1,11.0,,152,0
701,85,26,2,queue,treatment_wait_begins,130.89979933108373,,1,12.0,,152,0
702,89,28,2,queue,treatment_wait_begins,135.25183130913413,,1,13.0,,152,0
703,91,29,2,queue,treatment_wait_begins,135.6372170444124,,1,14.0,,152,0
704,93,30,2,queue,treatment_wait_begins,136.53537831628518,,1,15.0,,152,0
705,95,31,2,queue,treatment_wait_begins,139.96198057430644,,1,16.0,,152,0
706,97,32,2,queue,treatment_wait_begins,141.90538175510554,,1,17.0,,152,0
707,99,33,2,queue,treatment_wait_begins,148.22641604293108,,1,18.0,,152,0
708,101,34,2,queue,treatment_wait_begins,151.7688691800117,,1,19.0,,152,0
709,104,27,1,resource_use,treatment_begins,151.89288091863907,3.0,1,4.0,,152,0
710,39,12,2,queue,treatment_wait_begins,73.37299733126183,,1,1.0,,154,0
711,41,13,2,queue,treatment_wait_begins,78.81811547138163,,1,2.0,,154,0
712,51,15,2,queue,treatment_wait_begins,89.40922635875023,,1,3.0,,154,0
713,53,16,2,queue,treatment_wait_begins,95.5671546720581,,1,4.0,,154,0
714,55,17,2,queue,treatment_wait_begins,96.33602094118923,,1,5.0,,154,0
715,57,18,2,queue,treatment_wait_begins,96.7939072781402,,1,6.0,,154,0
716,59,19,2,queue,treatment_wait_begins,98.36980328880216,,1,7.0,,154,0
717,69,20,1,resource_use,treatment_begins,110.51521835406044,1.0,1,1.0,,154,0
718,71,22,2,queue,treatment_wait_begins,111.17765606341352,,1,8.0,,154,0
719,73,23,2,queue,treatment_wait_begins,112.29553792447513,,1,9.0,,154,0
720,76,21,1,resource_use,treatment_begins,116.33282776713702,2.0,1,2.0,,154,0
721,79,11,2,resource_use,treatment_begins,119.8566567640836,4.0,1,3.0,,154,0
722,81,24,2,queue,treatment_wait_begins,121.48538924519744,,1,10.0,,154,0
723,83,25,2,queue,treatment_wait_begins,127.62081856126873,,1,11.0,,154,0
724,85,26,2,queue,treatment_wait_begins,130.89979933108373,,1,12.0,,154,0
725,89,28,2,queue,treatment_wait_begins,135.25183130913413,,1,13.0,,154,0
726,91,29,2,queue,treatment_wait_begins,135.6372170444124,,1,14.0,,154,0
727,93,30,2,queue,treatment_wait_begins,136.53537831628518,,1,15.0,,154,0
728,95,31,2,queue,treatment_wait_begins,139.96198057430644,,1,16.0,,154,0
729,97,32,2,queue,treatment_wait_begins,141.90538175510554,,1,17.0,,154,0
730,99,33,2,queue,treatment_wait_begins,148.22641604293108,,1,18.0,,154,0
731,101,34,2,queue,treatment_wait_begins,151.7688691800117,,1,19.0,,154,0
732,104,27,1,resource_use,treatment_begins,151.89288091863907,3.0,1,4.0,,154,0
733,106,35,2,queue,treatment_wait_begins,152.9585189515018,,1,20.0,,154,0
734,41,13,2,queue,treatment_wait_begins,78.81811547138163,,1,1.0,,156,0
735,51,15,2,queue,treatment_wait_begins,89.40922635875023,,1,2.0,,156,0
736,53,16,2,queue,treatment_wait_begins,95.5671546720581,,1,3.0,,156,0
737,55,17,2,queue,treatment_wait_begins,96.33602094118923,,1,4.0,,156,0
738,57,18,2,queue,treatment_wait_begins,96.7939072781402,,1,5.0,,156,0
739,59,19,2,queue,treatment_wait_begins,98.36980328880216,,1,6.0,,156,0
740,71,22,2,queue,treatment_wait_begins,111.17765606341352,,1,7.0,,156,0
741,73,23,2,queue,treatment_wait_begins,112.29553792447513,,1,8.0,,156,0
742,76,21,1,resource_use,treatment_begins,116.33282776713702,2.0,1,1.0,,156,0
743,79,11,2,resource_use,treatment_begins,119.8566567640836,4.0,1,2.0,,156,0
744,81,24,2,queue,treatment_wait_begins,121.48538924519744,,1,9.0,,156,0
745,83,25,2,queue,treatment_wait_begins,127.62081856126873,,1,10.0,,156,0
746,85,26,2,queue,treatment_wait_begins,130.89979933108373,,1,11.0,,156,0
747,89,28,2,queue,treatment_wait_begins,135.25183130913413,,1,12.0,,156,0
748,91,29,2,queue,treatment_wait_begins,135.6372170444124,,1,13.0,,156,0
749,93,30,2,queue,treatment_wait_begins,136.53537831628518,,1,14.0,,156,0
750,95,31,2,queue,treatment_wait_begins,139.96198057430644,,1,15.0,,156,0
751,97,32,2,queue,treatment_wait_begins,141.90538175510554,,1,16.0,,156,0
752,99,33,2,queue,treatment_wait_begins,148.22641604293108,,1,17.0,,156,0
753,101,34,2,queue,treatment_wait_begins,151.7688691800117,,1,18.0,,156,0
754,104,27,1,resource_use,treatment_begins,151.89288091863907,3.0,1,3.0,,156,0
755,106,35,2,queue,treatment_wait_begins,152.9585189515018,,1,19.0,,156,0
756,109,12,2,resource_use,treatment_begins,154.2426115557411,1.0,1,4.0,,156,0
757,111,36,1,queue,treatment_wait_begins,155.26396063278915,,1,20.0,,156,0
758,41,13,2,queue,treatment_wait_begins,78.81811547138163,,1,1.0,,158,0
759,51,15,2,queue,treatment_wait_begins,89.40922635875023,,1,2.0,,158,0
760,53,16,2,queue,treatment_wait_begins,95.5671546720581,,1,3.0,,158,0
761,55,17,2,queue,treatment_wait_begins,96.33602094118923,,1,4.0,,158,0
762,57,18,2,queue,treatment_wait_begins,96.7939072781402,,1,5.0,,158,0
763,59,19,2,queue,treatment_wait_begins,98.36980328880216,,1,6.0,,158,0
764,71,22,2,queue,treatment_wait_begins,111.17765606341352,,1,7.0,,158,0
765,73,23,2,queue,treatment_wait_begins,112.29553792447513,,1,8.0,,158,0
766,79,11,2,resource_use,treatment_begins,119.8566567640836,4.0,1,1.0,,158,0
767,81,24,2,queue,treatment_wait_begins,121.48538924519744,,1,9.0,,158,0
768,83,25,2,queue,treatment_wait_begins,127.62081856126873,,1,10.0,,158,0
769,85,26,2,queue,treatment_wait_begins,130.89979933108373,,1,11.0,,158,0
770,89,28,2,queue,treatment_wait_begins,135.25183130913413,,1,12.0,,158,0
771,91,29,2,queue,treatment_wait_begins,135.6372170444124,,1,13.0,,158,0
772,93,30,2,queue,treatment_wait_begins,136.53537831628518,,1,14.0,,158,0
773,95,31,2,queue,treatment_wait_begins,139.96198057430644,,1,15.0,,158,0
774,97,32,2,queue,treatment_wait_begins,141.90538175510554,,1,16.0,,158,0
775,99,33,2,queue,treatment_wait_begins,148.22641604293108,,1,17.0,,158,0
776,101,34,2,queue,treatment_wait_begins,151.7688691800117,,1,18.0,,158,0
777,104,27,1,resource_use,treatment_begins,151.89288091863907,3.0,1,2.0,,158,0
778,106,35,2,queue,treatment_wait_begins,152.9585189515018,,1,19.0,,158,0
779,109,12,2,resource_use,treatment_begins,154.2426115557411,1.0,1,3.0,,158,0
780,114,36,1,resource_use,treatment_begins,156.3516230782147,2.0,1,4.0,,158,0
781,41,13,2,queue,treatment_wait_begins,78.81811547138163,,1,1.0,,160,0
782,51,15,2,queue,treatment_wait_begins,89.40922635875023,,1,2.0,,160,0
783,53,16,2,queue,treatment_wait_begins,95.5671546720581,,1,3.0,,160,0
784,55,17,2,queue,treatment_wait_begins,96.33602094118923,,1,4.0,,160,0
785,57,18,2,queue,treatment_wait_begins,96.7939072781402,,1,5.0,,160,0
786,59,19,2,queue,treatment_wait_begins,98.36980328880216,,1,6.0,,160,0
787,71,22,2,queue,treatment_wait_begins,111.17765606341352,,1,7.0,,160,0
788,73,23,2,queue,treatment_wait_begins,112.29553792447513,,1,8.0,,160,0
789,79,11,2,resource_use,treatment_begins,119.8566567640836,4.0,1,1.0,,160,0
790,81,24,2,queue,treatment_wait_begins,121.48538924519744,,1,9.0,,160,0
791,83,25,2,queue,treatment_wait_begins,127.62081856126873,,1,10.0,,160,0
792,85,26,2,queue,treatment_wait_begins,130.89979933108373,,1,11.0,,160,0
793,89,28,2,queue,treatment_wait_begins,135.25183130913413,,1,12.0,,160,0
794,91,29,2,queue,treatment_wait_begins,135.6372170444124,,1,13.0,,160,0
795,93,30,2,queue,treatment_wait_begins,136.53537831628518,,1,14.0,,160,0
796,95,31,2,queue,treatment_wait_begins,139.96198057430644,,1,15.0,,160,0
797,97,32,2,queue,treatment_wait_begins,141.90538175510554,,1,16.0,,160,0
798,99,33,2,queue,treatment_wait_begins,148.22641604293108,,1,17.0,,160,0
799,101,34,2,queue,treatment_wait_begins,151.7688691800117,,1,18.0,,160,0
800,104,27,1,resource_use,treatment_begins,151.89288091863907,3.0,1,2.0,,160,0
801,106,35,2,queue,treatment_wait_begins,152.9585189515018,,1,19.0,,160,0
802,109,12,2,resource_use,treatment_begins,154.2426115557411,1.0,1,3.0,,160,0
803,114,36,1,resource_use,treatment_begins,156.3516230782147,2.0,1,4.0,,160,0
804,116,37,2,queue,treatment_wait_begins,158.4717443187417,,1,20.0,,160,0
805,41,13,2,queue,treatment_wait_begins,78.81811547138163,,1,1.0,,162,0
806,51,15,2,queue,treatment_wait_begins,89.40922635875023,,1,2.0,,162,0
807,53,16,2,queue,treatment_wait_begins,95.5671546720581,,1,3.0,,162,0
808,55,17,2,queue,treatment_wait_begins,96.33602094118923,,1,4.0,,162,0
809,57,18,2,queue,treatment_wait_begins,96.7939072781402,,1,5.0,,162,0
810,59,19,2,queue,treatment_wait_begins,98.36980328880216,,1,6.0,,162,0
811,71,22,2,queue,treatment_wait_begins,111.17765606341352,,1,7.0,,162,0
812,73,23,2,queue,treatment_wait_begins,112.29553792447513,,1,8.0,,162,0
813,79,11,2,resource_use,treatment_begins,119.8566567640836,4.0,1,1.0,,162,0
814,81,24,2,queue,treatment_wait_begins,121.48538924519744,,1,9.0,,162,0
815,83,25,2,queue,treatment_wait_begins,127.62081856126873,,1,10.0,,162,0
816,85,26,2,queue,treatment_wait_begins,130.89979933108373,,1,11.0,,162,0
817,89,28,2,queue,treatment_wait_begins,135.25183130913413,,1,12.0,,162,0
818,91,29,2,queue,treatment_wait_begins,135.6372170444124,,1,13.0,,162,0
819,93,30,2,queue,treatment_wait_begins,136.53537831628518,,1,14.0,,162,0
820,95,31,2,queue,treatment_wait_begins,139.96198057430644,,1,15.0,,162,0
821,97,32,2,queue,treatment_wait_begins,141.90538175510554,,1,16.0,,162,0
822,99,33,2,queue,treatment_wait_begins,148.22641604293108,,1,17.0,,162,0
823,101,34,2,queue,treatment_wait_begins,151.7688691800117,,1,18.0,,162,0
824,104,27,1,resource_use,treatment_begins,151.89288091863907,3.0,1,2.0,,162,0
825,106,35,2,queue,treatment_wait_begins,152.9585189515018,,1,19.0,,162,0
826,109,12,2,resource_use,treatment_begins,154.2426115557411,1.0,1,3.0,,162,0
827,114,36,1,resource_use,treatment_begins,156.3516230782147,2.0,1,4.0,,162,0
828,116,37,2,queue,treatment_wait_begins,158.4717443187417,,1,20.0,,162,0
829,118,38,2,queue,treatment_wait_begins,160.19091112593068,,1,21.0,,162,0
830,120,39,2,queue,treatment_wait_begins,161.80046723046223,,1,22.0,,162,0
831,41,13,2,queue,treatment_wait_begins,78.81811547138163,,1,1.0,,164,0
832,51,15,2,queue,treatment_wait_begins,89.40922635875023,,1,2.0,,164,0
833,53,16,2,queue,treatment_wait_begins,95.5671546720581,,1,3.0,,164,0
834,55,17,2,queue,treatment_wait_begins,96.33602094118923,,1,4.0,,164,0
835,57,18,2,queue,treatment_wait_begins,96.7939072781402,,1,5.0,,164,0
836,59,19,2,queue,treatment_wait_begins,98.36980328880216,,1,6.0,,164,0
837,71,22,2,queue,treatment_wait_begins,111.17765606341352,,1,7.0,,164,0
838,73,23,2,queue,treatment_wait_begins,112.29553792447513,,1,8.0,,164,0
839,79,11,2,resource_use,treatment_begins,119.8566567640836,4.0,1,1.0,,164,0
840,81,24,2,queue,treatment_wait_begins,121.48538924519744,,1,9.0,,164,0
841,83,25,2,queue,treatment_wait_begins,127.62081856126873,,1,10.0,,164,0
842,85,26,2,queue,treatment_wait_begins,130.89979933108373,,1,11.0,,164,0
843,89,28,2,queue,treatment_wait_begins,135.25183130913413,,1,12.0,,164,0
844,91,29,2,queue,treatment_wait_begins,135.6372170444124,,1,13.0,,164,0
845,93,30,2,queue,treatment_wait_begins,136.53537831628518,,1,14.0,,164,0
846,95,31,2,queue,treatment_wait_begins,139.96198057430644,,1,15.0,,164,0
847,97,32,2,queue,treatment_wait_begins,141.90538175510554,,1,16.0,,164,0
848,99,33,2,queue,treatment_wait_begins,148.22641604293108,,1,17.0,,164,0
849,101,34,2,queue,treatment_wait_begins,151.7688691800117,,1,18.0,,164,0
850,104,27,1,resource_use,treatment_begins,151.89288091863907,3.0,1,2.0,,164,0
851,106,35,2,queue,treatment_wait_begins,152.9585189515018,,1,19.0,,164,0
852,109,12,2,resource_use,treatment_begins,154.2426115557411,1.0,1,3.0,,164,0
853,114,36,1,resource_use,treatment_begins,156.3516230782147,2.0,1,4.0,,164,0
854,116,37,2,queue,treatment_wait_begins,158.4717443187417,,1,20.0,,164,0
855,118,38,2,queue,treatment_wait_begins,160.19091112593068,,1,21.0,,164,0
856,120,39,2,queue,treatment_wait_begins,161.80046723046223,,1,22.0,,164,0
857,51,15,2,queue,treatment_wait_begins,89.40922635875023,,1,1.0,,166,0
858,53,16,2,queue,treatment_wait_begins,95.5671546720581,,1,2.0,,166,0
859,55,17,2,queue,treatment_wait_begins,96.33602094118923,,1,3.0,,166,0
860,57,18,2,queue,treatment_wait_begins,96.7939072781402,,1,4.0,,166,0
861,59,19,2,queue,treatment_wait_begins,98.36980328880216,,1,5.0,,166,0
862,71,22,2,queue,treatment_wait_begins,111.17765606341352,,1,6.0,,166,0
863,73,23,2,queue,treatment_wait_begins,112.29553792447513,,1,7.0,,166,0
864,81,24,2,queue,treatment_wait_begins,121.48538924519744,,1,8.0,,166,0
865,83,25,2,queue,treatment_wait_begins,127.62081856126873,,1,9.0,,166,0
866,85,26,2,queue,treatment_wait_begins,130.89979933108373,,1,10.0,,166,0
867,89,28,2,queue,treatment_wait_begins,135.25183130913413,,1,11.0,,166,0
868,91,29,2,queue,treatment_wait_begins,135.6372170444124,,1,12.0,,166,0
869,93,30,2,queue,treatment_wait_begins,136.53537831628518,,1,13.0,,166,0
870,95,31,2,queue,treatment_wait_begins,139.96198057430644,,1,14.0,,166,0
871,97,32,2,queue,treatment_wait_begins,141.90538175510554,,1,15.0,,166,0
872,99,33,2,queue,treatment_wait_begins,148.22641604293108,,1,16.0,,166,0
873,101,34,2,queue,treatment_wait_begins,151.7688691800117,,1,17.0,,166,0
874,104,27,1,resource_use,treatment_begins,151.89288091863907,3.0,1,1.0,,166,0
875,106,35,2,queue,treatment_wait_begins,152.9585189515018,,1,18.0,,166,0
876,109,12,2,resource_use,treatment_begins,154.2426115557411,1.0,1,2.0,,166,0
877,114,36,1,resource_use,treatment_begins,156.3516230782147,2.0,1,3.0,,166,0
878,116,37,2,queue,treatment_wait_begins,158.4717443187417,,1,19.0,,166,0
879,118,38,2,queue,treatment_wait_begins,160.19091112593068,,1,20.0,,166,0
880,120,39,2,queue,treatment_wait_begins,161.80046723046223,,1,21.0,,166,0
881,123,13,2,resource_use,treatment_begins,165.5287157863366,4.0,1,4.0,,166,0
882,51,15,2,queue,treatment_wait_begins,89.40922635875023,,1,1.0,,168,0
883,53,16,2,queue,treatment_wait_begins,95.5671546720581,,1,2.0,,168,0
884,55,17,2,queue,treatment_wait_begins,96.33602094118923,,1,3.0,,168,0
885,57,18,2,queue,treatment_wait_begins,96.7939072781402,,1,4.0,,168,0
886,59,19,2,queue,treatment_wait_begins,98.36980328880216,,1,5.0,,168,0
887,71,22,2,queue,treatment_wait_begins,111.17765606341352,,1,6.0,,168,0
888,73,23,2,queue,treatment_wait_begins,112.29553792447513,,1,7.0,,168,0
889,81,24,2,queue,treatment_wait_begins,121.48538924519744,,1,8.0,,168,0
890,83,25,2,queue,treatment_wait_begins,127.62081856126873,,1,9.0,,168,0
891,85,26,2,queue,treatment_wait_begins,130.89979933108373,,1,10.0,,168,0
892,89,28,2,queue,treatment_wait_begins,135.25183130913413,,1,11.0,,168,0
893,91,29,2,queue,treatment_wait_begins,135.6372170444124,,1,12.0,,168,0
894,93,30,2,queue,treatment_wait_begins,136.53537831628518,,1,13.0,,168,0
895,95,31,2,queue,treatment_wait_begins,139.96198057430644,,1,14.0,,168,0
896,97,32,2,queue,treatment_wait_begins,141.90538175510554,,1,15.0,,168,0
897,99,33,2,queue,treatment_wait_begins,148.22641604293108,,1,16.0,,168,0
898,101,34,2,queue,treatment_wait_begins,151.7688691800117,,1,17.0,,168,0
899,104,27,1,resource_use,treatment_begins,151.89288091863907,3.0,1,1.0,,168,0
900,106,35,2,queue,treatment_wait_begins,152.9585189515018,,1,18.0,,168,0
901,109,12,2,resource_use,treatment_begins,154.2426115557411,1.0,1,2.0,,168,0
902,114,36,1,resource_use,treatment_begins,156.3516230782147,2.0,1,3.0,,168,0
903,116,37,2,queue,treatment_wait_begins,158.4717443187417,,1,19.0,,168,0
904,118,38,2,queue,treatment_wait_begins,160.19091112593068,,1,20.0,,168,0
905,120,39,2,queue,treatment_wait_begins,161.80046723046223,,1,21.0,,168,0
906,123,13,2,resource_use,treatment_begins,165.5287157863366,4.0,1,4.0,,168,0
907,125,40,1,queue,treatment_wait_begins,166.19504064142495,,1,22.0,,168,0
908,127,41,2,queue,treatment_wait_begins,167.67977668606895,,1,23.0,,168,0
909,51,15,2,queue,treatment_wait_begins,89.40922635875023,,1,1.0,,170,0
910,53,16,2,queue,treatment_wait_begins,95.5671546720581,,1,2.0,,170,0
911,55,17,2,queue,treatment_wait_begins,96.33602094118923,,1,3.0,,170,0
912,57,18,2,queue,treatment_wait_begins,96.7939072781402,,1,4.0,,170,0
913,59,19,2,queue,treatment_wait_begins,98.36980328880216,,1,5.0,,170,0
914,71,22,2,queue,treatment_wait_begins,111.17765606341352,,1,6.0,,170,0
915,73,23,2,queue,treatment_wait_begins,112.29553792447513,,1,7.0,,170,0
916,81,24,2,queue,treatment_wait_begins,121.48538924519744,,1,8.0,,170,0
917,83,25,2,queue,treatment_wait_begins,127.62081856126873,,1,9.0,,170,0
918,85,26,2,queue,treatment_wait_begins,130.89979933108373,,1,10.0,,170,0
919,89,28,2,queue,treatment_wait_begins,135.25183130913413,,1,11.0,,170,0
920,91,29,2,queue,treatment_wait_begins,135.6372170444124,,1,12.0,,170,0
921,93,30,2,queue,treatment_wait_begins,136.53537831628518,,1,13.0,,170,0
922,95,31,2,queue,treatment_wait_begins,139.96198057430644,,1,14.0,,170,0
923,97,32,2,queue,treatment_wait_begins,141.90538175510554,,1,15.0,,170,0
924,99,33,2,queue,treatment_wait_begins,148.22641604293108,,1,16.0,,170,0
925,101,34,2,queue,treatment_wait_begins,151.7688691800117,,1,17.0,,170,0
926,104,27,1,resource_use,treatment_begins,151.89288091863907,3.0,1,1.0,,170,0
927,106,35,2,queue,treatment_wait_begins,152.9585189515018,,1,18.0,,170,0
928,109,12,2,resource_use,treatment_begins,154.2426115557411,1.0,1,2.0,,170,0
929,114,36,1,resource_use,treatment_begins,156.3516230782147,2.0,1,3.0,,170,0
930,116,37,2,queue,treatment_wait_begins,158.4717443187417,,1,19.0,,170,0
931,118,38,2,queue,treatment_wait_begins,160.19091112593068,,1,20.0,,170,0
932,120,39,2,queue,treatment_wait_begins,161.80046723046223,,1,21.0,,170,0
933,123,13,2,resource_use,treatment_begins,165.5287157863366,4.0,1,4.0,,170,0
934,125,40,1,queue,treatment_wait_begins,166.19504064142495,,1,22.0,,170,0
935,127,41,2,queue,treatment_wait_begins,167.67977668606895,,1,23.0,,170,0
936,51,15,2,queue,treatment_wait_begins,89.40922635875023,,1,1.0,,172,0
937,53,16,2,queue,treatment_wait_begins,95.5671546720581,,1,2.0,,172,0
938,55,17,2,queue,treatment_wait_begins,96.33602094118923,,1,3.0,,172,0
939,57,18,2,queue,treatment_wait_begins,96.7939072781402,,1,4.0,,172,0
940,59,19,2,queue,treatment_wait_begins,98.36980328880216,,1,5.0,,172,0
941,71,22,2,queue,treatment_wait_begins,111.17765606341352,,1,6.0,,172,0
942,73,23,2,queue,treatment_wait_begins,112.29553792447513,,1,7.0,,172,0
943,81,24,2,queue,treatment_wait_begins,121.48538924519744,,1,8.0,,172,0
944,83,25,2,queue,treatment_wait_begins,127.62081856126873,,1,9.0,,172,0
945,85,26,2,queue,treatment_wait_begins,130.89979933108373,,1,10.0,,172,0
946,89,28,2,queue,treatment_wait_begins,135.25183130913413,,1,11.0,,172,0
947,91,29,2,queue,treatment_wait_begins,135.6372170444124,,1,12.0,,172,0
948,93,30,2,queue,treatment_wait_begins,136.53537831628518,,1,13.0,,172,0
949,95,31,2,queue,treatment_wait_begins,139.96198057430644,,1,14.0,,172,0
950,97,32,2,queue,treatment_wait_begins,141.90538175510554,,1,15.0,,172,0
951,99,33,2,queue,treatment_wait_begins,148.22641604293108,,1,16.0,,172,0
952,101,34,2,queue,treatment_wait_begins,151.7688691800117,,1,17.0,,172,0
953,104,27,1,resource_use,treatment_begins,151.89288091863907,3.0,1,1.0,,172,0
954,106,35,2,queue,treatment_wait_begins,152.9585189515018,,1,18.0,,172,0
955,109,12,2,resource_use,treatment_begins,154.2426115557411,1.0,1,2.0,,172,0
956,114,36,1,resource_use,treatment_begins,156.3516230782147,2.0,1,3.0,,172,0
957,116,37,2,queue,treatment_wait_begins,158.4717443187417,,1,19.0,,172,0
958,118,38,2,queue,treatment_wait_begins,160.19091112593068,,1,20.0,,172,0
959,120,39,2,queue,treatment_wait_begins,161.80046723046223,,1,21.0,,172,0
960,123,13,2,resource_use,treatment_begins,165.5287157863366,4.0,1,4.0,,172,0
961,125,40,1,queue,treatment_wait_begins,166.19504064142495,,1,22.0,,172,0
962,127,41,2,queue,treatment_wait_begins,167.67977668606895,,1,23.0,,172,0
963,51,15,2,queue,treatment_wait_begins,89.40922635875023,,1,1.0,,174,0
964,53,16,2,queue,treatment_wait_begins,95.5671546720581,,1,2.0,,174,0
965,55,17,2,queue,treatment_wait_begins,96.33602094118923,,1,3.0,,174,0
966,57,18,2,queue,treatment_wait_begins,96.7939072781402,,1,4.0,,174,0
967,59,19,2,queue,treatment_wait_begins,98.36980328880216,,1,5.0,,174,0
968,71,22,2,queue,treatment_wait_begins,111.17765606341352,,1,6.0,,174,0
969,73,23,2,queue,treatment_wait_begins,112.29553792447513,,1,7.0,,174,0
970,81,24,2,queue,treatment_wait_begins,121.48538924519744,,1,8.0,,174,0
971,83,25,2,queue,treatment_wait_begins,127.62081856126873,,1,9.0,,174,0
972,85,26,2,queue,treatment_wait_begins,130.89979933108373,,1,10.0,,174,0
973,89,28,2,queue,treatment_wait_begins,135.25183130913413,,1,11.0,,174,0
974,91,29,2,queue,treatment_wait_begins,135.6372170444124,,1,12.0,,174,0
975,93,30,2,queue,treatment_wait_begins,136.53537831628518,,1,13.0,,174,0
976,95,31,2,queue,treatment_wait_begins,139.96198057430644,,1,14.0,,174,0
977,97,32,2,queue,treatment_wait_begins,141.90538175510554,,1,15.0,,174,0
978,99,33,2,queue,treatment_wait_begins,148.22641604293108,,1,16.0,,174,0
979,101,34,2,queue,treatment_wait_begins,151.7688691800117,,1,17.0,,174,0
980,104,27,1,resource_use,treatment_begins,151.89288091863907,3.0,1,1.0,,174,0
981,106,35,2,queue,treatment_wait_begins,152.9585189515018,,1,18.0,,174,0
982,109,12,2,resource_use,treatment_begins,154.2426115557411,1.0,1,2.0,,174,0
983,114,36,1,resource_use,treatment_begins,156.3516230782147,2.0,1,3.0,,174,0
984,116,37,2,queue,treatment_wait_begins,158.4717443187417,,1,19.0,,174,0
985,118,38,2,queue,treatment_wait_begins,160.19091112593068,,1,20.0,,174,0
986,120,39,2,queue,treatment_wait_begins,161.80046723046223,,1,21.0,,174,0
987,123,13,2,resource_use,treatment_begins,165.5287157863366,4.0,1,4.0,,174,0
988,125,40,1,queue,treatment_wait_begins,166.19504064142495,,1,22.0,,174,0
989,127,41,2,queue,treatment_wait_begins,167.67977668606895,,1,23.0,,174,0
990,51,15,2,queue,treatment_wait_begins,89.40922635875023,,1,1.0,,176,0
991,53,16,2,queue,treatment_wait_begins,95.5671546720581,,1,2.0,,176,0
992,55,17,2,queue,treatment_wait_begins,96.33602094118923,,1,3.0,,176,0
993,57,18,2,queue,treatment_wait_begins,96.7939072781402,,1,4.0,,176,0
994,59,19,2,queue,treatment_wait_begins,98.36980328880216,,1,5.0,,176,0
995,71,22,2,queue,treatment_wait_begins,111.17765606341352,,1,6.0,,176,0
996,73,23,2,queue,treatment_wait_begins,112.29553792447513,,1,7.0,,176,0
997,81,24,2,queue,treatment_wait_begins,121.48538924519744,,1,8.0,,176,0
998,83,25,2,queue,treatment_wait_begins,127.62081856126873,,1,9.0,,176,0
999,85,26,2,queue,treatment_wait_begins,130.89979933108373,,1,10.0,,176,0
1000,89,28,2,queue,treatment_wait_begins,135.25183130913413,,1,11.0,,176,0
1001,91,29,2,queue,treatment_wait_begins,135.6372170444124,,1,12.0,,176,0
1002,93,30,2,queue,treatment_wait_begins,136.53537831628518,,1,13.0,,176,0
1003,95,31,2,queue,treatment_wait_begins,139.96198057430644,,1,14.0,,176,0
1004,97,32,2,queue,treatment_wait_begins,141.90538175510554,,1,15.0,,176,0
1005,99,33,2,queue,treatment_wait_begins,148.22641604293108,,1,16.0,,176,0
1006,101,34,2,queue,treatment_wait_begins,151.7688691800117,,1,17.0,,176,0
1007,104,27,1,resource_use,treatment_begins,151.89288091863907,3.0,1,1.0,,176,0
1008,106,35,2,queue,treatment_wait_begins,152.9585189515018,,1,18.0,,176,0
1009,109,12,2,resource_use,treatment_begins,154.2426115557411,1.0,1,2.0,,176,0
1010,114,36,1,resource_use,treatment_begins,156.3516230782147,2.0,1,3.0,,176,0
1011,116,37,2,queue,treatment_wait_begins,158.4717443187417,,1,19.0,,176,0
1012,118,38,2,queue,treatment_wait_begins,160.19091112593068,,1,20.0,,176,0
1013,120,39,2,queue,treatment_wait_begins,161.80046723046223,,1,21.0,,176,0
1014,123,13,2,resource_use,treatment_begins,165.5287157863366,4.0,1,4.0,,176,0
1015,125,40,1,queue,treatment_wait_begins,166.19504064142495,,1,22.0,,176,0
1016,127,41,2,queue,treatment_wait_begins,167.67977668606895,,1,23.0,,176,0
1017,129,42,2,queue,treatment_wait_begins,174.34828881122837,,1,24.0,,176,0
1018,51,15,2,queue,treatment_wait_begins,89.40922635875023,,1,1.0,,178,0
1019,53,16,2,queue,treatment_wait_begins,95.5671546720581,,1,2.0,,178,0
1020,55,17,2,queue,treatment_wait_begins,96.33602094118923,,1,3.0,,178,0
1021,57,18,2,queue,treatment_wait_begins,96.7939072781402,,1,4.0,,178,0
1022,59,19,2,queue,treatment_wait_begins,98.36980328880216,,1,5.0,,178,0
1023,71,22,2,queue,treatment_wait_begins,111.17765606341352,,1,6.0,,178,0
1024,73,23,2,queue,treatment_wait_begins,112.29553792447513,,1,7.0,,178,0
1025,81,24,2,queue,treatment_wait_begins,121.48538924519744,,1,8.0,,178,0
1026,83,25,2,queue,treatment_wait_begins,127.62081856126873,,1,9.0,,178,0
1027,85,26,2,queue,treatment_wait_begins,130.89979933108373,,1,10.0,,178,0
1028,89,28,2,queue,treatment_wait_begins,135.25183130913413,,1,11.0,,178,0
1029,91,29,2,queue,treatment_wait_begins,135.6372170444124,,1,12.0,,178,0
1030,93,30,2,queue,treatment_wait_begins,136.53537831628518,,1,13.0,,178,0
1031,95,31,2,queue,treatment_wait_begins,139.96198057430644,,1,14.0,,178,0
1032,97,32,2,queue,treatment_wait_begins,141.90538175510554,,1,15.0,,178,0
1033,99,33,2,queue,treatment_wait_begins,148.22641604293108,,1,16.0,,178,0
1034,101,34,2,queue,treatment_wait_begins,151.7688691800117,,1,17.0,,178,0
1035,104,27,1,resource_use,treatment_begins,151.89288091863907,3.0,1,1.0,,178,0
1036,106,35,2,queue,treatment_wait_begins,152.9585189515018,,1,18.0,,178,0
1037,109,12,2,resource_use,treatment_begins,154.2426115557411,1.0,1,2.0,,178,0
1038,114,36,1,resource_use,treatment_begins,156.3516230782147,2.0,1,3.0,,178,0
1039,116,37,2,queue,treatment_wait_begins,158.4717443187417,,1,19.0,,178,0
1040,118,38,2,queue,treatment_wait_begins,160.19091112593068,,1,20.0,,178,0
1041,120,39,2,queue,treatment_wait_begins,161.80046723046223,,1,21.0,,178,0
1042,123,13,2,resource_use,treatment_begins,165.5287157863366,4.0,1,4.0,,178,0
1043,125,40,1,queue,treatment_wait_begins,166.19504064142495,,1,22.0,,178,0
1044,127,41,2,queue,treatment_wait_begins,167.67977668606895,,1,23.0,,178,0
1045,129,42,2,queue,treatment_wait_begins,174.34828881122837,,1,24.0,,178,0
1046,51,15,2,queue,treatment_wait_begins,89.40922635875023,,1,1.0,,180,0
1047,53,16,2,queue,treatment_wait_begins,95.5671546720581,,1,2.0,,180,0
1048,55,17,2,queue,treatment_wait_begins,96.33602094118923,,1,3.0,,180,0
1049,57,18,2,queue,treatment_wait_begins,96.7939072781402,,1,4.0,,180,0
1050,59,19,2,queue,treatment_wait_begins,98.36980328880216,,1,5.0,,180,0
1051,71,22,2,queue,treatment_wait_begins,111.17765606341352,,1,6.0,,180,0
1052,73,23,2,queue,treatment_wait_begins,112.29553792447513,,1,7.0,,180,0
1053,81,24,2,queue,treatment_wait_begins,121.48538924519744,,1,8.0,,180,0
1054,83,25,2,queue,treatment_wait_begins,127.62081856126873,,1,9.0,,180,0
1055,85,26,2,queue,treatment_wait_begins,130.89979933108373,,1,10.0,,180,0
1056,89,28,2,queue,treatment_wait_begins,135.25183130913413,,1,11.0,,180,0
1057,91,29,2,queue,treatment_wait_begins,135.6372170444124,,1,12.0,,180,0
1058,93,30,2,queue,treatment_wait_begins,136.53537831628518,,1,13.0,,180,0
1059,95,31,2,queue,treatment_wait_begins,139.96198057430644,,1,14.0,,180,0
1060,97,32,2,queue,treatment_wait_begins,141.90538175510554,,1,15.0,,180,0
1061,99,33,2,queue,treatment_wait_begins,148.22641604293108,,1,16.0,,180,0
1062,101,34,2,queue,treatment_wait_begins,151.7688691800117,,1,17.0,,180,0
1063,104,27,1,resource_use,treatment_begins,151.89288091863907,3.0,1,1.0,,180,0
1064,106,35,2,queue,treatment_wait_begins,152.9585189515018,,1,18.0,,180,0
1065,109,12,2,resource_use,treatment_begins,154.2426115557411,1.0,1,2.0,,180,0
1066,114,36,1,resource_use,treatment_begins,156.3516230782147,2.0,1,3.0,,180,0
1067,116,37,2,queue,treatment_wait_begins,158.4717443187417,,1,19.0,,180,0
1068,118,38,2,queue,treatment_wait_begins,160.19091112593068,,1,20.0,,180,0
1069,120,39,2,queue,treatment_wait_begins,161.80046723046223,,1,21.0,,180,0
1070,123,13,2,resource_use,treatment_begins,165.5287157863366,4.0,1,4.0,,180,0
1071,125,40,1,queue,treatment_wait_begins,166.19504064142495,,1,22.0,,180,0
1072,127,41,2,queue,treatment_wait_begins,167.67977668606895,,1,23.0,,180,0
1073,129,42,2,queue,treatment_wait_begins,174.34828881122837,,1,24.0,,180,0
1074,51,15,2,queue,treatment_wait_begins,89.40922635875023,,1,1.0,,182,0
1075,53,16,2,queue,treatment_wait_begins,95.5671546720581,,1,2.0,,182,0
1076,55,17,2,queue,treatment_wait_begins,96.33602094118923,,1,3.0,,182,0
1077,57,18,2,queue,treatment_wait_begins,96.7939072781402,,1,4.0,,182,0
1078,59,19,2,queue,treatment_wait_begins,98.36980328880216,,1,5.0,,182,0
1079,71,22,2,queue,treatment_wait_begins,111.17765606341352,,1,6.0,,182,0
1080,73,23,2,queue,treatment_wait_begins,112.29553792447513,,1,7.0,,182,0
1081,81,24,2,queue,treatment_wait_begins,121.48538924519744,,1,8.0,,182,0
1082,83,25,2,queue,treatment_wait_begins,127.62081856126873,,1,9.0,,182,0
1083,85,26,2,queue,treatment_wait_begins,130.89979933108373,,1,10.0,,182,0
1084,89,28,2,queue,treatment_wait_begins,135.25183130913413,,1,11.0,,182,0
1085,91,29,2,queue,treatment_wait_begins,135.6372170444124,,1,12.0,,182,0
1086,93,30,2,queue,treatment_wait_begins,136.53537831628518,,1,13.0,,182,0
1087,95,31,2,queue,treatment_wait_begins,139.96198057430644,,1,14.0,,182,0
1088,97,32,2,queue,treatment_wait_begins,141.90538175510554,,1,15.0,,182,0
1089,99,33,2,queue,treatment_wait_begins,148.22641604293108,,1,16.0,,182,0
1090,101,34,2,queue,treatment_wait_begins,151.7688691800117,,1,17.0,,182,0
1091,104,27,1,resource_use,treatment_begins,151.89288091863907,3.0,1,1.0,,182,0
1092,106,35,2,queue,treatment_wait_begins,152.9585189515018,,1,18.0,,182,0
1093,109,12,2,resource_use,treatment_begins,154.2426115557411,1.0,1,2.0,,182,0
1094,114,36,1,resource_use,treatment_begins,156.3516230782147,2.0,1,3.0,,182,0
1095,116,37,2,queue,treatment_wait_begins,158.4717443187417,,1,19.0,,182,0
1096,118,38,2,queue,treatment_wait_begins,160.19091112593068,,1,20.0,,182,0
1097,120,39,2,queue,treatment_wait_begins,161.80046723046223,,1,21.0,,182,0
1098,123,13,2,resource_use,treatment_begins,165.5287157863366,4.0,1,4.0,,182,0
1099,125,40,1,queue,treatment_wait_begins,166.19504064142495,,1,22.0,,182,0
1100,127,41,2,queue,treatment_wait_begins,167.67977668606895,,1,23.0,,182,0
1101,129,42,2,queue,treatment_wait_begins,174.34828881122837,,1,24.0,,182,0
1102,131,43,1,queue,treatment_wait_begins,181.30260874245792,,1,25.0,,182,0
1103,51,15,2,queue,treatment_wait_begins,89.40922635875023,,1,1.0,,184,0
1104,53,16,2,queue,treatment_wait_begins,95.5671546720581,,1,2.0,,184,0
1105,55,17,2,queue,treatment_wait_begins,96.33602094118923,,1,3.0,,184,0
1106,57,18,2,queue,treatment_wait_begins,96.7939072781402,,1,4.0,,184,0
1107,59,19,2,queue,treatment_wait_begins,98.36980328880216,,1,5.0,,184,0
1108,71,22,2,queue,treatment_wait_begins,111.17765606341352,,1,6.0,,184,0
1109,73,23,2,queue,treatment_wait_begins,112.29553792447513,,1,7.0,,184,0
1110,81,24,2,queue,treatment_wait_begins,121.48538924519744,,1,8.0,,184,0
1111,83,25,2,queue,treatment_wait_begins,127.62081856126873,,1,9.0,,184,0
1112,85,26,2,queue,treatment_wait_begins,130.89979933108373,,1,10.0,,184,0
1113,89,28,2,queue,treatment_wait_begins,135.25183130913413,,1,11.0,,184,0
1114,91,29,2,queue,treatment_wait_begins,135.6372170444124,,1,12.0,,184,0
1115,93,30,2,queue,treatment_wait_begins,136.53537831628518,,1,13.0,,184,0
1116,95,31,2,queue,treatment_wait_begins,139.96198057430644,,1,14.0,,184,0
1117,97,32,2,queue,treatment_wait_begins,141.90538175510554,,1,15.0,,184,0
1118,99,33,2,queue,treatment_wait_begins,148.22641604293108,,1,16.0,,184,0
1119,101,34,2,queue,treatment_wait_begins,151.7688691800117,,1,17.0,,184,0
1120,104,27,1,resource_use,treatment_begins,151.89288091863907,3.0,1,1.0,,184,0
1121,106,35,2,queue,treatment_wait_begins,152.9585189515018,,1,18.0,,184,0
1122,109,12,2,resource_use,treatment_begins,154.2426115557411,1.0,1,2.0,,184,0
1123,114,36,1,resource_use,treatment_begins,156.3516230782147,2.0,1,3.0,,184,0
1124,116,37,2,queue,treatment_wait_begins,158.4717443187417,,1,19.0,,184,0
1125,118,38,2,queue,treatment_wait_begins,160.19091112593068,,1,20.0,,184,0
1126,120,39,2,queue,treatment_wait_begins,161.80046723046223,,1,21.0,,184,0
1127,123,13,2,resource_use,treatment_begins,165.5287157863366,4.0,1,4.0,,184,0
1128,125,40,1,queue,treatment_wait_begins,166.19504064142495,,1,22.0,,184,0
1129,127,41,2,queue,treatment_wait_begins,167.67977668606895,,1,23.0,,184,0
1130,129,42,2,queue,treatment_wait_begins,174.34828881122837,,1,24.0,,184,0
1131,131,43,1,queue,treatment_wait_begins,181.30260874245792,,1,25.0,,184,0
1132,51,15,2,queue,treatment_wait_begins,89.40922635875023,,1,1.0,,186,0
1133,53,16,2,queue,treatment_wait_begins,95.5671546720581,,1,2.0,,186,0
1134,55,17,2,queue,treatment_wait_begins,96.33602094118923,,1,3.0,,186,0
1135,57,18,2,queue,treatment_wait_begins,96.7939072781402,,1,4.0,,186,0
1136,59,19,2,queue,treatment_wait_begins,98.36980328880216,,1,5.0,,186,0
1137,71,22,2,queue,treatment_wait_begins,111.17765606341352,,1,6.0,,186,0
1138,73,23,2,queue,treatment_wait_begins,112.29553792447513,,1,7.0,,186,0
1139,81,24,2,queue,treatment_wait_begins,121.48538924519744,,1,8.0,,186,0
1140,83,25,2,queue,treatment_wait_begins,127.62081856126873,,1,9.0,,186,0
1141,85,26,2,queue,treatment_wait_begins,130.89979933108373,,1,10.0,,186,0
1142,89,28,2,queue,treatment_wait_begins,135.25183130913413,,1,11.0,,186,0
1143,91,29,2,queue,treatment_wait_begins,135.6372170444124,,1,12.0,,186,0
1144,93,30,2,queue,treatment_wait_begins,136.53537831628518,,1,13.0,,186,0
1145,95,31,2,queue,treatment_wait_begins,139.96198057430644,,1,14.0,,186,0
1146,97,32,2,queue,treatment_wait_begins,141.90538175510554,,1,15.0,,186,0
1147,99,33,2,queue,treatment_wait_begins,148.22641604293108,,1,16.0,,186,0
1148,101,34,2,queue,treatment_wait_begins,151.7688691800117,,1,17.0,,186,0
1149,104,27,1,resource_use,treatment_begins,151.89288091863907,3.0,1,1.0,,186,0
1150,106,35,2,queue,treatment_wait_begins,152.9585189515018,,1,18.0,,186,0
1151,109,12,2,resource_use,treatment_begins,154.2426115557411,1.0,1,2.0,,186,0
1152,114,36,1,resource_use,treatment_begins,156.3516230782147,2.0,1,3.0,,186,0
1153,116,37,2,queue,treatment_wait_begins,158.4717443187417,,1,19.0,,186,0
1154,118,38,2,queue,treatment_wait_begins,160.19091112593068,,1,20.0,,186,0
1155,120,39,2,queue,treatment_wait_begins,161.80046723046223,,1,21.0,,186,0
1156,123,13,2,resource_use,treatment_begins,165.5287157863366,4.0,1,4.0,,186,0
1157,125,40,1,queue,treatment_wait_begins,166.19504064142495,,1,22.0,,186,0
1158,127,41,2,queue,treatment_wait_begins,167.67977668606895,,1,23.0,,186,0
1159,129,42,2,queue,treatment_wait_begins,174.34828881122837,,1,24.0,,186,0
1160,131,43,1,queue,treatment_wait_begins,181.30260874245792,,1,25.0,,186,0
1161,51,15,2,queue,treatment_wait_begins,89.40922635875023,,1,1.0,,188,0
1162,53,16,2,queue,treatment_wait_begins,95.5671546720581,,1,2.0,,188,0
1163,55,17,2,queue,treatment_wait_begins,96.33602094118923,,1,3.0,,188,0
1164,57,18,2,queue,treatment_wait_begins,96.7939072781402,,1,4.0,,188,0
1165,59,19,2,queue,treatment_wait_begins,98.36980328880216,,1,5.0,,188,0
1166,71,22,2,queue,treatment_wait_begins,111.17765606341352,,1,6.0,,188,0
1167,73,23,2,queue,treatment_wait_begins,112.29553792447513,,1,7.0,,188,0
1168,81,24,2,queue,treatment_wait_begins,121.48538924519744,,1,8.0,,188,0
1169,83,25,2,queue,treatment_wait_begins,127.62081856126873,,1,9.0,,188,0
1170,85,26,2,queue,treatment_wait_begins,130.89979933108373,,1,10.0,,188,0
1171,89,28,2,queue,treatment_wait_begins,135.25183130913413,,1,11.0,,188,0
1172,91,29,2,queue,treatment_wait_begins,135.6372170444124,,1,12.0,,188,0
1173,93,30,2,queue,treatment_wait_begins,136.53537831628518,,1,13.0,,188,0
1174,95,31,2,queue,treatment_wait_begins,139.96198057430644,,1,14.0,,188,0
1175,97,32,2,queue,treatment_wait_begins,141.90538175510554,,1,15.0,,188,0
1176,99,33,2,queue,treatment_wait_begins,148.22641604293108,,1,16.0,,188,0
1177,101,34,2,queue,treatment_wait_begins,151.7688691800117,,1,17.0,,188,0
1178,104,27,1,resource_use,treatment_begins,151.89288091863907,3.0,1,1.0,,188,0
1179,106,35,2,queue,treatment_wait_begins,152.9585189515018,,1,18.0,,188,0
1180,109,12,2,resource_use,treatment_begins,154.2426115557411,1.0,1,2.0,,188,0
1181,114,36,1,resource_use,treatment_begins,156.3516230782147,2.0,1,3.0,,188,0
1182,116,37,2,queue,treatment_wait_begins,158.4717443187417,,1,19.0,,188,0
1183,118,38,2,queue,treatment_wait_begins,160.19091112593068,,1,20.0,,188,0
1184,120,39,2,queue,treatment_wait_begins,161.80046723046223,,1,21.0,,188,0
1185,123,13,2,resource_use,treatment_begins,165.5287157863366,4.0,1,4.0,,188,0
1186,125,40,1,queue,treatment_wait_begins,166.19504064142495,,1,22.0,,188,0
1187,127,41,2,queue,treatment_wait_begins,167.67977668606895,,1,23.0,,188,0
1188,129,42,2,queue,treatment_wait_begins,174.34828881122837,,1,24.0,,188,0
1189,131,43,1,queue,treatment_wait_begins,181.30260874245792,,1,25.0,,188,0
1190,133,44,2,queue,treatment_wait_begins,186.72302338228388,,1,26.0,,188,0
1191,135,45,2,queue,treatment_wait_begins,187.08816512218607,,1,27.0,,188,0
1192,51,15,2,queue,treatment_wait_begins,89.40922635875023,,1,1.0,,190,0
1193,53,16,2,queue,treatment_wait_begins,95.5671546720581,,1,2.0,,190,0
1194,55,17,2,queue,treatment_wait_begins,96.33602094118923,,1,3.0,,190,0
1195,57,18,2,queue,treatment_wait_begins,96.7939072781402,,1,4.0,,190,0
1196,59,19,2,queue,treatment_wait_begins,98.36980328880216,,1,5.0,,190,0
1197,71,22,2,queue,treatment_wait_begins,111.17765606341352,,1,6.0,,190,0
1198,73,23,2,queue,treatment_wait_begins,112.29553792447513,,1,7.0,,190,0
1199,81,24,2,queue,treatment_wait_begins,121.48538924519744,,1,8.0,,190,0
1200,83,25,2,queue,treatment_wait_begins,127.62081856126873,,1,9.0,,190,0
1201,85,26,2,queue,treatment_wait_begins,130.89979933108373,,1,10.0,,190,0
1202,89,28,2,queue,treatment_wait_begins,135.25183130913413,,1,11.0,,190,0
1203,91,29,2,queue,treatment_wait_begins,135.6372170444124,,1,12.0,,190,0
1204,93,30,2,queue,treatment_wait_begins,136.53537831628518,,1,13.0,,190,0
1205,95,31,2,queue,treatment_wait_begins,139.96198057430644,,1,14.0,,190,0
1206,97,32,2,queue,treatment_wait_begins,141.90538175510554,,1,15.0,,190,0
1207,99,33,2,queue,treatment_wait_begins,148.22641604293108,,1,16.0,,190,0
1208,101,34,2,queue,treatment_wait_begins,151.7688691800117,,1,17.0,,190,0
1209,104,27,1,resource_use,treatment_begins,151.89288091863907,3.0,1,1.0,,190,0
1210,106,35,2,queue,treatment_wait_begins,152.9585189515018,,1,18.0,,190,0
1211,114,36,1,resource_use,treatment_begins,156.3516230782147,2.0,1,2.0,,190,0
1212,116,37,2,queue,treatment_wait_begins,158.4717443187417,,1,19.0,,190,0
1213,118,38,2,queue,treatment_wait_begins,160.19091112593068,,1,20.0,,190,0
1214,120,39,2,queue,treatment_wait_begins,161.80046723046223,,1,21.0,,190,0
1215,123,13,2,resource_use,treatment_begins,165.5287157863366,4.0,1,3.0,,190,0
1216,127,41,2,queue,treatment_wait_begins,167.67977668606895,,1,22.0,,190,0
1217,129,42,2,queue,treatment_wait_begins,174.34828881122837,,1,23.0,,190,0
1218,131,43,1,queue,treatment_wait_begins,181.30260874245792,,1,24.0,,190,0
1219,133,44,2,queue,treatment_wait_begins,186.72302338228388,,1,25.0,,190,0
1220,135,45,2,queue,treatment_wait_begins,187.08816512218607,,1,26.0,,190,0
1221,138,40,1,resource_use,treatment_begins,189.9062580756693,1.0,1,4.0,,190,0
1222,51,15,2,queue,treatment_wait_begins,89.40922635875023,,1,1.0,,192,0
1223,53,16,2,queue,treatment_wait_begins,95.5671546720581,,1,2.0,,192,0
1224,55,17,2,queue,treatment_wait_begins,96.33602094118923,,1,3.0,,192,0
1225,57,18,2,queue,treatment_wait_begins,96.7939072781402,,1,4.0,,192,0
1226,59,19,2,queue,treatment_wait_begins,98.36980328880216,,1,5.0,,192,0
1227,71,22,2,queue,treatment_wait_begins,111.17765606341352,,1,6.0,,192,0
1228,73,23,2,queue,treatment_wait_begins,112.29553792447513,,1,7.0,,192,0
1229,81,24,2,queue,treatment_wait_begins,121.48538924519744,,1,8.0,,192,0
1230,83,25,2,queue,treatment_wait_begins,127.62081856126873,,1,9.0,,192,0
1231,85,26,2,queue,treatment_wait_begins,130.89979933108373,,1,10.0,,192,0
1232,89,28,2,queue,treatment_wait_begins,135.25183130913413,,1,11.0,,192,0
1233,91,29,2,queue,treatment_wait_begins,135.6372170444124,,1,12.0,,192,0
1234,93,30,2,queue,treatment_wait_begins,136.53537831628518,,1,13.0,,192,0
1235,95,31,2,queue,treatment_wait_begins,139.96198057430644,,1,14.0,,192,0
1236,97,32,2,queue,treatment_wait_begins,141.90538175510554,,1,15.0,,192,0
1237,99,33,2,queue,treatment_wait_begins,148.22641604293108,,1,16.0,,192,0
1238,101,34,2,queue,treatment_wait_begins,151.7688691800117,,1,17.0,,192,0
1239,104,27,1,resource_use,treatment_begins,151.89288091863907,3.0,1,1.0,,192,0
1240,106,35,2,queue,treatment_wait_begins,152.9585189515018,,1,18.0,,192,0
1241,114,36,1,resource_use,treatment_begins,156.3516230782147,2.0,1,2.0,,192,0
1242,116,37,2,queue,treatment_wait_begins,158.4717443187417,,1,19.0,,192,0
1243,118,38,2,queue,treatment_wait_begins,160.19091112593068,,1,20.0,,192,0
1244,120,39,2,queue,treatment_wait_begins,161.80046723046223,,1,21.0,,192,0
1245,123,13,2,resource_use,treatment_begins,165.5287157863366,4.0,1,3.0,,192,0
1246,127,41,2,queue,treatment_wait_begins,167.67977668606895,,1,22.0,,192,0
1247,129,42,2,queue,treatment_wait_begins,174.34828881122837,,1,23.0,,192,0
1248,131,43,1,queue,treatment_wait_begins,181.30260874245792,,1,24.0,,192,0
1249,133,44,2,queue,treatment_wait_begins,186.72302338228388,,1,25.0,,192,0
1250,135,45,2,queue,treatment_wait_begins,187.08816512218607,,1,26.0,,192,0
1251,138,40,1,resource_use,treatment_begins,189.9062580756693,1.0,1,4.0,,192,0
1252,51,15,2,queue,treatment_wait_begins,89.40922635875023,,1,1.0,,194,0
1253,53,16,2,queue,treatment_wait_begins,95.5671546720581,,1,2.0,,194,0
1254,55,17,2,queue,treatment_wait_begins,96.33602094118923,,1,3.0,,194,0
1255,57,18,2,queue,treatment_wait_begins,96.7939072781402,,1,4.0,,194,0
1256,59,19,2,queue,treatment_wait_begins,98.36980328880216,,1,5.0,,194,0
1257,71,22,2,queue,treatment_wait_begins,111.17765606341352,,1,6.0,,194,0
1258,73,23,2,queue,treatment_wait_begins,112.29553792447513,,1,7.0,,194,0
1259,81,24,2,queue,treatment_wait_begins,121.48538924519744,,1,8.0,,194,0
1260,83,25,2,queue,treatment_wait_begins,127.62081856126873,,1,9.0,,194,0
1261,85,26,2,queue,treatment_wait_begins,130.89979933108373,,1,10.0,,194,0
1262,89,28,2,queue,treatment_wait_begins,135.25183130913413,,1,11.0,,194,0
1263,91,29,2,queue,treatment_wait_begins,135.6372170444124,,1,12.0,,194,0
1264,93,30,2,queue,treatment_wait_begins,136.53537831628518,,1,13.0,,194,0
1265,95,31,2,queue,treatment_wait_begins,139.96198057430644,,1,14.0,,194,0
1266,97,32,2,queue,treatment_wait_begins,141.90538175510554,,1,15.0,,194,0
1267,99,33,2,queue,treatment_wait_begins,148.22641604293108,,1,16.0,,194,0
1268,101,34,2,queue,treatment_wait_begins,151.7688691800117,,1,17.0,,194,0
1269,106,35,2,queue,treatment_wait_begins,152.9585189515018,,1,18.0,,194,0
1270,114,36,1,resource_use,treatment_begins,156.3516230782147,2.0,1,1.0,,194,0
1271,116,37,2,queue,treatment_wait_begins,158.4717443187417,,1,19.0,,194,0
1272,118,38,2,queue,treatment_wait_begins,160.19091112593068,,1,20.0,,194,0
1273,120,39,2,queue,treatment_wait_begins,161.80046723046223,,1,21.0,,194,0
1274,123,13,2,resource_use,treatment_begins,165.5287157863366,4.0,1,2.0,,194,0
1275,127,41,2,queue,treatment_wait_begins,167.67977668606895,,1,22.0,,194,0
1276,129,42,2,queue,treatment_wait_begins,174.34828881122837,,1,23.0,,194,0
1277,133,44,2,queue,treatment_wait_begins,186.72302338228388,,1,24.0,,194,0
1278,135,45,2,queue,treatment_wait_begins,187.08816512218607,,1,25.0,,194,0
1279,138,40,1,resource_use,treatment_begins,189.9062580756693,1.0,1,3.0,,194,0
1280,140,46,2,queue,treatment_wait_begins,192.75850263079985,,1,26.0,,194,0
1281,143,43,1,resource_use,treatment_begins,193.96308146336526,3.0,1,4.0,,194,0
1282,51,15,2,queue,treatment_wait_begins,89.40922635875023,,1,1.0,,196,0
1283,53,16,2,queue,treatment_wait_begins,95.5671546720581,,1,2.0,,196,0
1284,55,17,2,queue,treatment_wait_begins,96.33602094118923,,1,3.0,,196,0
1285,57,18,2,queue,treatment_wait_begins,96.7939072781402,,1,4.0,,196,0
1286,59,19,2,queue,treatment_wait_begins,98.36980328880216,,1,5.0,,196,0
1287,71,22,2,queue,treatment_wait_begins,111.17765606341352,,1,6.0,,196,0
1288,73,23,2,queue,treatment_wait_begins,112.29553792447513,,1,7.0,,196,0
1289,81,24,2,queue,treatment_wait_begins,121.48538924519744,,1,8.0,,196,0
1290,83,25,2,queue,treatment_wait_begins,127.62081856126873,,1,9.0,,196,0
1291,85,26,2,queue,treatment_wait_begins,130.89979933108373,,1,10.0,,196,0
1292,89,28,2,queue,treatment_wait_begins,135.25183130913413,,1,11.0,,196,0
1293,91,29,2,queue,treatment_wait_begins,135.6372170444124,,1,12.0,,196,0
1294,93,30,2,queue,treatment_wait_begins,136.53537831628518,,1,13.0,,196,0
1295,95,31,2,queue,treatment_wait_begins,139.96198057430644,,1,14.0,,196,0
1296,97,32,2,queue,treatment_wait_begins,141.90538175510554,,1,15.0,,196,0
1297,99,33,2,queue,treatment_wait_begins,148.22641604293108,,1,16.0,,196,0
1298,101,34,2,queue,treatment_wait_begins,151.7688691800117,,1,17.0,,196,0
1299,106,35,2,queue,treatment_wait_begins,152.9585189515018,,1,18.0,,196,0
1300,114,36,1,resource_use,treatment_begins,156.3516230782147,2.0,1,1.0,,196,0
1301,116,37,2,queue,treatment_wait_begins,158.4717443187417,,1,19.0,,196,0
1302,118,38,2,queue,treatment_wait_begins,160.19091112593068,,1,20.0,,196,0
1303,120,39,2,queue,treatment_wait_begins,161.80046723046223,,1,21.0,,196,0
1304,123,13,2,resource_use,treatment_begins,165.5287157863366,4.0,1,2.0,,196,0
1305,127,41,2,queue,treatment_wait_begins,167.67977668606895,,1,22.0,,196,0
1306,129,42,2,queue,treatment_wait_begins,174.34828881122837,,1,23.0,,196,0
1307,133,44,2,queue,treatment_wait_begins,186.72302338228388,,1,24.0,,196,0
1308,135,45,2,queue,treatment_wait_begins,187.08816512218607,,1,25.0,,196,0
1309,138,40,1,resource_use,treatment_begins,189.9062580756693,1.0,1,3.0,,196,0
1310,140,46,2,queue,treatment_wait_begins,192.75850263079985,,1,26.0,,196,0
1311,143,43,1,resource_use,treatment_begins,193.96308146336526,3.0,1,4.0,,196,0
1312,53,16,2,queue,treatment_wait_begins,95.5671546720581,,1,1.0,,198,0
1313,55,17,2,queue,treatment_wait_begins,96.33602094118923,,1,2.0,,198,0
1314,57,18,2,queue,treatment_wait_begins,96.7939072781402,,1,3.0,,198,0
1315,59,19,2,queue,treatment_wait_begins,98.36980328880216,,1,4.0,,198,0
1316,71,22,2,queue,treatment_wait_begins,111.17765606341352,,1,5.0,,198,0
1317,73,23,2,queue,treatment_wait_begins,112.29553792447513,,1,6.0,,198,0
1318,81,24,2,queue,treatment_wait_begins,121.48538924519744,,1,7.0,,198,0
1319,83,25,2,queue,treatment_wait_begins,127.62081856126873,,1,8.0,,198,0
1320,85,26,2,queue,treatment_wait_begins,130.89979933108373,,1,9.0,,198,0
1321,89,28,2,queue,treatment_wait_begins,135.25183130913413,,1,10.0,,198,0
1322,91,29,2,queue,treatment_wait_begins,135.6372170444124,,1,11.0,,198,0
1323,93,30,2,queue,treatment_wait_begins,136.53537831628518,,1,12.0,,198,0
1324,95,31,2,queue,treatment_wait_begins,139.96198057430644,,1,13.0,,198,0
1325,97,32,2,queue,treatment_wait_begins,141.90538175510554,,1,14.0,,198,0
1326,99,33,2,queue,treatment_wait_begins,148.22641604293108,,1,15.0,,198,0
1327,101,34,2,queue,treatment_wait_begins,151.7688691800117,,1,16.0,,198,0
1328,106,35,2,queue,treatment_wait_begins,152.9585189515018,,1,17.0,,198,0
1329,116,37,2,queue,treatment_wait_begins,158.4717443187417,,1,18.0,,198,0
1330,118,38,2,queue,treatment_wait_begins,160.19091112593068,,1,19.0,,198,0
1331,120,39,2,queue,treatment_wait_begins,161.80046723046223,,1,20.0,,198,0
1332,123,13,2,resource_use,treatment_begins,165.5287157863366,4.0,1,1.0,,198,0
1333,127,41,2,queue,treatment_wait_begins,167.67977668606895,,1,21.0,,198,0
1334,129,42,2,queue,treatment_wait_begins,174.34828881122837,,1,22.0,,198,0
1335,133,44,2,queue,treatment_wait_begins,186.72302338228388,,1,23.0,,198,0
1336,135,45,2,queue,treatment_wait_begins,187.08816512218607,,1,24.0,,198,0
1337,138,40,1,resource_use,treatment_begins,189.9062580756693,1.0,1,2.0,,198,0
1338,140,46,2,queue,treatment_wait_begins,192.75850263079985,,1,25.0,,198,0
1339,143,43,1,resource_use,treatment_begins,193.96308146336526,3.0,1,3.0,,198,0
1340,146,15,2,resource_use,treatment_begins,197.907654145809,2.0,1,4.0,,198,0
1341,53,16,2,queue,treatment_wait_begins,95.5671546720581,,1,1.0,,200,0
1342,55,17,2,queue,treatment_wait_begins,96.33602094118923,,1,2.0,,200,0
1343,57,18,2,queue,treatment_wait_begins,96.7939072781402,,1,3.0,,200,0
1344,59,19,2,queue,treatment_wait_begins,98.36980328880216,,1,4.0,,200,0
1345,71,22,2,queue,treatment_wait_begins,111.17765606341352,,1,5.0,,200,0
1346,73,23,2,queue,treatment_wait_begins,112.29553792447513,,1,6.0,,200,0
1347,81,24,2,queue,treatment_wait_begins,121.48538924519744,,1,7.0,,200,0
1348,83,25,2,queue,treatment_wait_begins,127.62081856126873,,1,8.0,,200,0
1349,85,26,2,queue,treatment_wait_begins,130.89979933108373,,1,9.0,,200,0
1350,89,28,2,queue,treatment_wait_begins,135.25183130913413,,1,10.0,,200,0
1351,91,29,2,queue,treatment_wait_begins,135.6372170444124,,1,11.0,,200,0
1352,93,30,2,queue,treatment_wait_begins,136.53537831628518,,1,12.0,,200,0
1353,95,31,2,queue,treatment_wait_begins,139.96198057430644,,1,13.0,,200,0
1354,97,32,2,queue,treatment_wait_begins,141.90538175510554,,1,14.0,,200,0
1355,99,33,2,queue,treatment_wait_begins,148.22641604293108,,1,15.0,,200,0
1356,101,34,2,queue,treatment_wait_begins,151.7688691800117,,1,16.0,,200,0
1357,106,35,2,queue,treatment_wait_begins,152.9585189515018,,1,17.0,,200,0
1358,116,37,2,queue,treatment_wait_begins,158.4717443187417,,1,18.0,,200,0
1359,118,38,2,queue,treatment_wait_begins,160.19091112593068,,1,19.0,,200,0
1360,120,39,2,queue,treatment_wait_begins,161.80046723046223,,1,20.0,,200,0
1361,123,13,2,resource_use,treatment_begins,165.5287157863366,4.0,1,1.0,,200,0
1362,127,41,2,queue,treatment_wait_begins,167.67977668606895,,1,21.0,,200,0
1363,129,42,2,queue,treatment_wait_begins,174.34828881122837,,1,22.0,,200,0
1364,133,44,2,queue,treatment_wait_begins,186.72302338228388,,1,23.0,,200,0
1365,135,45,2,queue,treatment_wait_begins,187.08816512218607,,1,24.0,,200,0
1366,138,40,1,resource_use,treatment_begins,189.9062580756693,1.0,1,2.0,,200,0
1367,140,46,2,queue,treatment_wait_begins,192.75850263079985,,1,25.0,,200,0
1368,143,43,1,resource_use,treatment_begins,193.96308146336526,3.0,1,3.0,,200,0
1369,146,15,2,resource_use,treatment_begins,197.907654145809,2.0,1,4.0,,200,0
1370,148,47,2,queue,treatment_wait_begins,199.5301925701257,,1,26.0,,200,0
1371,55,17,2,queue,treatment_wait_begins,96.33602094118923,,1,1.0,,202,0
1372,57,18,2,queue,treatment_wait_begins,96.7939072781402,,1,2.0,,202,0
1373,59,19,2,queue,treatment_wait_begins,98.36980328880216,,1,3.0,,202,0
1374,71,22,2,queue,treatment_wait_begins,111.17765606341352,,1,4.0,,202,0
1375,73,23,2,queue,treatment_wait_begins,112.29553792447513,,1,5.0,,202,0
1376,81,24,2,queue,treatment_wait_begins,121.48538924519744,,1,6.0,,202,0
1377,83,25,2,queue,treatment_wait_begins,127.62081856126873,,1,7.0,,202,0
1378,85,26,2,queue,treatment_wait_begins,130.89979933108373,,1,8.0,,202,0
1379,89,28,2,queue,treatment_wait_begins,135.25183130913413,,1,9.0,,202,0
1380,91,29,2,queue,treatment_wait_begins,135.6372170444124,,1,10.0,,202,0
1381,93,30,2,queue,treatment_wait_begins,136.53537831628518,,1,11.0,,202,0
1382,95,31,2,queue,treatment_wait_begins,139.96198057430644,,1,12.0,,202,0
1383,97,32,2,queue,treatment_wait_begins,141.90538175510554,,1,13.0,,202,0
1384,99,33,2,queue,treatment_wait_begins,148.22641604293108,,1,14.0,,202,0
1385,101,34,2,queue,treatment_wait_begins,151.7688691800117,,1,15.0,,202,0
1386,106,35,2,queue,treatment_wait_begins,152.9585189515018,,1,16.0,,202,0
1387,116,37,2,queue,treatment_wait_begins,158.4717443187417,,1,17.0,,202,0
1388,118,38,2,queue,treatment_wait_begins,160.19091112593068,,1,18.0,,202,0
1389,120,39,2,queue,treatment_wait_begins,161.80046723046223,,1,19.0,,202,0
1390,127,41,2,queue,treatment_wait_begins,167.67977668606895,,1,20.0,,202,0
1391,129,42,2,queue,treatment_wait_begins,174.34828881122837,,1,21.0,,202,0
1392,133,44,2,queue,treatment_wait_begins,186.72302338228388,,1,22.0,,202,0
1393,135,45,2,queue,treatment_wait_begins,187.08816512218607,,1,23.0,,202,0
1394,138,40,1,resource_use,treatment_begins,189.9062580756693,1.0,1,1.0,,202,0
1395,140,46,2,queue,treatment_wait_begins,192.75850263079985,,1,24.0,,202,0
1396,143,43,1,resource_use,treatment_begins,193.96308146336526,3.0,1,2.0,,202,0
1397,146,15,2,resource_use,treatment_begins,197.907654145809,2.0,1,3.0,,202,0
1398,148,47,2,queue,treatment_wait_begins,199.5301925701257,,1,25.0,,202,0
1399,151,16,2,resource_use,treatment_begins,200.75284436160058,4.0,1,4.0,,202,0
1400,55,17,2,queue,treatment_wait_begins,96.33602094118923,,1,1.0,,204,0
1401,57,18,2,queue,treatment_wait_begins,96.7939072781402,,1,2.0,,204,0
1402,59,19,2,queue,treatment_wait_begins,98.36980328880216,,1,3.0,,204,0
1403,71,22,2,queue,treatment_wait_begins,111.17765606341352,,1,4.0,,204,0
1404,73,23,2,queue,treatment_wait_begins,112.29553792447513,,1,5.0,,204,0
1405,81,24,2,queue,treatment_wait_begins,121.48538924519744,,1,6.0,,204,0
1406,83,25,2,queue,treatment_wait_begins,127.62081856126873,,1,7.0,,204,0
1407,85,26,2,queue,treatment_wait_begins,130.89979933108373,,1,8.0,,204,0
1408,89,28,2,queue,treatment_wait_begins,135.25183130913413,,1,9.0,,204,0
1409,91,29,2,queue,treatment_wait_begins,135.6372170444124,,1,10.0,,204,0
1410,93,30,2,queue,treatment_wait_begins,136.53537831628518,,1,11.0,,204,0
1411,95,31,2,queue,treatment_wait_begins,139.96198057430644,,1,12.0,,204,0
1412,97,32,2,queue,treatment_wait_begins,141.90538175510554,,1,13.0,,204,0
1413,99,33,2,queue,treatment_wait_begins,148.22641604293108,,1,14.0,,204,0
1414,101,34,2,queue,treatment_wait_begins,151.7688691800117,,1,15.0,,204,0
1415,106,35,2,queue,treatment_wait_begins,152.9585189515018,,1,16.0,,204,0
1416,116,37,2,queue,treatment_wait_begins,158.4717443187417,,1,17.0,,204,0
1417,118,38,2,queue,treatment_wait_begins,160.19091112593068,,1,18.0,,204,0
1418,120,39,2,queue,treatment_wait_begins,161.80046723046223,,1,19.0,,204,0
1419,127,41,2,queue,treatment_wait_begins,167.67977668606895,,1,20.0,,204,0
1420,129,42,2,queue,treatment_wait_begins,174.34828881122837,,1,21.0,,204,0
1421,133,44,2,queue,treatment_wait_begins,186.72302338228388,,1,22.0,,204,0
1422,135,45,2,queue,treatment_wait_begins,187.08816512218607,,1,23.0,,204,0
1423,138,40,1,resource_use,treatment_begins,189.9062580756693,1.0,1,1.0,,204,0
1424,140,46,2,queue,treatment_wait_begins,192.75850263079985,,1,24.0,,204,0
1425,143,43,1,resource_use,treatment_begins,193.96308146336526,3.0,1,2.0,,204,0
1426,146,15,2,resource_use,treatment_begins,197.907654145809,2.0,1,3.0,,204,0
1427,148,47,2,queue,treatment_wait_begins,199.5301925701257,,1,25.0,,204,0
1428,151,16,2,resource_use,treatment_begins,200.75284436160058,4.0,1,4.0,,204,0
1429,55,17,2,queue,treatment_wait_begins,96.33602094118923,,1,1.0,,206,0
1430,57,18,2,queue,treatment_wait_begins,96.7939072781402,,1,2.0,,206,0
1431,59,19,2,queue,treatment_wait_begins,98.36980328880216,,1,3.0,,206,0
1432,71,22,2,queue,treatment_wait_begins,111.17765606341352,,1,4.0,,206,0
1433,73,23,2,queue,treatment_wait_begins,112.29553792447513,,1,5.0,,206,0
1434,81,24,2,queue,treatment_wait_begins,121.48538924519744,,1,6.0,,206,0
1435,83,25,2,queue,treatment_wait_begins,127.62081856126873,,1,7.0,,206,0
1436,85,26,2,queue,treatment_wait_begins,130.89979933108373,,1,8.0,,206,0
1437,89,28,2,queue,treatment_wait_begins,135.25183130913413,,1,9.0,,206,0
1438,91,29,2,queue,treatment_wait_begins,135.6372170444124,,1,10.0,,206,0
1439,93,30,2,queue,treatment_wait_begins,136.53537831628518,,1,11.0,,206,0
1440,95,31,2,queue,treatment_wait_begins,139.96198057430644,,1,12.0,,206,0
1441,97,32,2,queue,treatment_wait_begins,141.90538175510554,,1,13.0,,206,0
1442,99,33,2,queue,treatment_wait_begins,148.22641604293108,,1,14.0,,206,0
1443,101,34,2,queue,treatment_wait_begins,151.7688691800117,,1,15.0,,206,0
1444,106,35,2,queue,treatment_wait_begins,152.9585189515018,,1,16.0,,206,0
1445,116,37,2,queue,treatment_wait_begins,158.4717443187417,,1,17.0,,206,0
1446,118,38,2,queue,treatment_wait_begins,160.19091112593068,,1,18.0,,206,0
1447,120,39,2,queue,treatment_wait_begins,161.80046723046223,,1,19.0,,206,0
1448,127,41,2,queue,treatment_wait_begins,167.67977668606895,,1,20.0,,206,0
1449,129,42,2,queue,treatment_wait_begins,174.34828881122837,,1,21.0,,206,0
1450,133,44,2,queue,treatment_wait_begins,186.72302338228388,,1,22.0,,206,0
1451,135,45,2,queue,treatment_wait_begins,187.08816512218607,,1,23.0,,206,0
1452,138,40,1,resource_use,treatment_begins,189.9062580756693,1.0,1,1.0,,206,0
1453,140,46,2,queue,treatment_wait_begins,192.75850263079985,,1,24.0,,206,0
1454,143,43,1,resource_use,treatment_begins,193.96308146336526,3.0,1,2.0,,206,0
1455,146,15,2,resource_use,treatment_begins,197.907654145809,2.0,1,3.0,,206,0
1456,148,47,2,queue,treatment_wait_begins,199.5301925701257,,1,25.0,,206,0
1457,151,16,2,resource_use,treatment_begins,200.75284436160058,4.0,1,4.0,,206,0
1458,153,48,2,queue,treatment_wait_begins,205.14039082741283,,1,26.0,,206,0
1459,55,17,2,queue,treatment_wait_begins,96.33602094118923,,1,1.0,,208,0
1460,57,18,2,queue,treatment_wait_begins,96.7939072781402,,1,2.0,,208,0
1461,59,19,2,queue,treatment_wait_begins,98.36980328880216,,1,3.0,,208,0
1462,71,22,2,queue,treatment_wait_begins,111.17765606341352,,1,4.0,,208,0
1463,73,23,2,queue,treatment_wait_begins,112.29553792447513,,1,5.0,,208,0
1464,81,24,2,queue,treatment_wait_begins,121.48538924519744,,1,6.0,,208,0
1465,83,25,2,queue,treatment_wait_begins,127.62081856126873,,1,7.0,,208,0
1466,85,26,2,queue,treatment_wait_begins,130.89979933108373,,1,8.0,,208,0
1467,89,28,2,queue,treatment_wait_begins,135.25183130913413,,1,9.0,,208,0
1468,91,29,2,queue,treatment_wait_begins,135.6372170444124,,1,10.0,,208,0
1469,93,30,2,queue,treatment_wait_begins,136.53537831628518,,1,11.0,,208,0
1470,95,31,2,queue,treatment_wait_begins,139.96198057430644,,1,12.0,,208,0
1471,97,32,2,queue,treatment_wait_begins,141.90538175510554,,1,13.0,,208,0
1472,99,33,2,queue,treatment_wait_begins,148.22641604293108,,1,14.0,,208,0
1473,101,34,2,queue,treatment_wait_begins,151.7688691800117,,1,15.0,,208,0
1474,106,35,2,queue,treatment_wait_begins,152.9585189515018,,1,16.0,,208,0
1475,116,37,2,queue,treatment_wait_begins,158.4717443187417,,1,17.0,,208,0
1476,118,38,2,queue,treatment_wait_begins,160.19091112593068,,1,18.0,,208,0
1477,120,39,2,queue,treatment_wait_begins,161.80046723046223,,1,19.0,,208,0
1478,127,41,2,queue,treatment_wait_begins,167.67977668606895,,1,20.0,,208,0
1479,129,42,2,queue,treatment_wait_begins,174.34828881122837,,1,21.0,,208,0
1480,133,44,2,queue,treatment_wait_begins,186.72302338228388,,1,22.0,,208,0
1481,135,45,2,queue,treatment_wait_begins,187.08816512218607,,1,23.0,,208,0
1482,138,40,1,resource_use,treatment_begins,189.9062580756693,1.0,1,1.0,,208,0
1483,140,46,2,queue,treatment_wait_begins,192.75850263079985,,1,24.0,,208,0
1484,143,43,1,resource_use,treatment_begins,193.96308146336526,3.0,1,2.0,,208,0
1485,146,15,2,resource_use,treatment_begins,197.907654145809,2.0,1,3.0,,208,0
1486,148,47,2,queue,treatment_wait_begins,199.5301925701257,,1,25.0,,208,0
1487,151,16,2,resource_use,treatment_begins,200.75284436160058,4.0,1,4.0,,208,0
1488,153,48,2,queue,treatment_wait_begins,205.14039082741283,,1,26.0,,208,0
1489,155,49,2,queue,treatment_wait_begins,206.54063642859495,,1,27.0,,208,0
1490,55,17,2,queue,treatment_wait_begins,96.33602094118923,,1,1.0,,210,0
1491,57,18,2,queue,treatment_wait_begins,96.7939072781402,,1,2.0,,210,0
1492,59,19,2,queue,treatment_wait_begins,98.36980328880216,,1,3.0,,210,0
1493,71,22,2,queue,treatment_wait_begins,111.17765606341352,,1,4.0,,210,0
1494,73,23,2,queue,treatment_wait_begins,112.29553792447513,,1,5.0,,210,0
1495,81,24,2,queue,treatment_wait_begins,121.48538924519744,,1,6.0,,210,0
1496,83,25,2,queue,treatment_wait_begins,127.62081856126873,,1,7.0,,210,0
1497,85,26,2,queue,treatment_wait_begins,130.89979933108373,,1,8.0,,210,0
1498,89,28,2,queue,treatment_wait_begins,135.25183130913413,,1,9.0,,210,0
1499,91,29,2,queue,treatment_wait_begins,135.6372170444124,,1,10.0,,210,0
1500,93,30,2,queue,treatment_wait_begins,136.53537831628518,,1,11.0,,210,0
1501,95,31,2,queue,treatment_wait_begins,139.96198057430644,,1,12.0,,210,0
1502,97,32,2,queue,treatment_wait_begins,141.90538175510554,,1,13.0,,210,0
1503,99,33,2,queue,treatment_wait_begins,148.22641604293108,,1,14.0,,210,0
1504,101,34,2,queue,treatment_wait_begins,151.7688691800117,,1,15.0,,210,0
1505,106,35,2,queue,treatment_wait_begins,152.9585189515018,,1,16.0,,210,0
1506,116,37,2,queue,treatment_wait_begins,158.4717443187417,,1,17.0,,210,0
1507,118,38,2,queue,treatment_wait_begins,160.19091112593068,,1,18.0,,210,0
1508,120,39,2,queue,treatment_wait_begins,161.80046723046223,,1,19.0,,210,0
1509,127,41,2,queue,treatment_wait_begins,167.67977668606895,,1,20.0,,210,0
1510,129,42,2,queue,treatment_wait_begins,174.34828881122837,,1,21.0,,210,0
1511,133,44,2,queue,treatment_wait_begins,186.72302338228388,,1,22.0,,210,0
1512,135,45,2,queue,treatment_wait_begins,187.08816512218607,,1,23.0,,210,0
1513,138,40,1,resource_use,treatment_begins,189.9062580756693,1.0,1,1.0,,210,0
1514,140,46,2,queue,treatment_wait_begins,192.75850263079985,,1,24.0,,210,0
1515,143,43,1,resource_use,treatment_begins,193.96308146336526,3.0,1,2.0,,210,0
1516,146,15,2,resource_use,treatment_begins,197.907654145809,2.0,1,3.0,,210,0
1517,148,47,2,queue,treatment_wait_begins,199.5301925701257,,1,25.0,,210,0
1518,151,16,2,resource_use,treatment_begins,200.75284436160058,4.0,1,4.0,,210,0
1519,153,48,2,queue,treatment_wait_begins,205.14039082741283,,1,26.0,,210,0
1520,155,49,2,queue,treatment_wait_begins,206.54063642859495,,1,27.0,,210,0
1521,157,50,2,queue,treatment_wait_begins,208.1453173837751,,1,28.0,,210,0
1522,159,51,2,queue,treatment_wait_begins,208.9739969202831,,1,29.0,,210,0
1523,55,17,2,queue,treatment_wait_begins,96.33602094118923,,1,1.0,,212,0
1524,57,18,2,queue,treatment_wait_begins,96.7939072781402,,1,2.0,,212,0
1525,59,19,2,queue,treatment_wait_begins,98.36980328880216,,1,3.0,,212,0
1526,71,22,2,queue,treatment_wait_begins,111.17765606341352,,1,4.0,,212,0
1527,73,23,2,queue,treatment_wait_begins,112.29553792447513,,1,5.0,,212,0
1528,81,24,2,queue,treatment_wait_begins,121.48538924519744,,1,6.0,,212,0
1529,83,25,2,queue,treatment_wait_begins,127.62081856126873,,1,7.0,,212,0
1530,85,26,2,queue,treatment_wait_begins,130.89979933108373,,1,8.0,,212,0
1531,89,28,2,queue,treatment_wait_begins,135.25183130913413,,1,9.0,,212,0
1532,91,29,2,queue,treatment_wait_begins,135.6372170444124,,1,10.0,,212,0
1533,93,30,2,queue,treatment_wait_begins,136.53537831628518,,1,11.0,,212,0
1534,95,31,2,queue,treatment_wait_begins,139.96198057430644,,1,12.0,,212,0
1535,97,32,2,queue,treatment_wait_begins,141.90538175510554,,1,13.0,,212,0
1536,99,33,2,queue,treatment_wait_begins,148.22641604293108,,1,14.0,,212,0
1537,101,34,2,queue,treatment_wait_begins,151.7688691800117,,1,15.0,,212,0
1538,106,35,2,queue,treatment_wait_begins,152.9585189515018,,1,16.0,,212,0
1539,116,37,2,queue,treatment_wait_begins,158.4717443187417,,1,17.0,,212,0
1540,118,38,2,queue,treatment_wait_begins,160.19091112593068,,1,18.0,,212,0
1541,120,39,2,queue,treatment_wait_begins,161.80046723046223,,1,19.0,,212,0
1542,127,41,2,queue,treatment_wait_begins,167.67977668606895,,1,20.0,,212,0
1543,129,42,2,queue,treatment_wait_begins,174.34828881122837,,1,21.0,,212,0
1544,133,44,2,queue,treatment_wait_begins,186.72302338228388,,1,22.0,,212,0
1545,135,45,2,queue,treatment_wait_begins,187.08816512218607,,1,23.0,,212,0
1546,138,40,1,resource_use,treatment_begins,189.9062580756693,1.0,1,1.0,,212,0
1547,140,46,2,queue,treatment_wait_begins,192.75850263079985,,1,24.0,,212,0
1548,143,43,1,resource_use,treatment_begins,193.96308146336526,3.0,1,2.0,,212,0
1549,146,15,2,resource_use,treatment_begins,197.907654145809,2.0,1,3.0,,212,0
1550,148,47,2,queue,treatment_wait_begins,199.5301925701257,,1,25.0,,212,0
1551,151,16,2,resource_use,treatment_begins,200.75284436160058,4.0,1,4.0,,212,0
1552,153,48,2,queue,treatment_wait_begins,205.14039082741283,,1,26.0,,212,0
1553,155,49,2,queue,treatment_wait_begins,206.54063642859495,,1,27.0,,212,0
1554,157,50,2,queue,treatment_wait_begins,208.1453173837751,,1,28.0,,212,0
1555,159,51,2,queue,treatment_wait_begins,208.9739969202831,,1,29.0,,212,0
1556,161,52,2,queue,treatment_wait_begins,210.74581448374042,,1,30.0,,212,0
1557,163,53,2,queue,treatment_wait_begins,210.85151326578935,,1,31.0,,212,0
1558,165,54,2,queue,treatment_wait_begins,211.68829524636791,,1,32.0,,212,0
1559,55,17,2,queue,treatment_wait_begins,96.33602094118923,,1,1.0,,214,0
1560,57,18,2,queue,treatment_wait_begins,96.7939072781402,,1,2.0,,214,0
1561,59,19,2,queue,treatment_wait_begins,98.36980328880216,,1,3.0,,214,0
1562,71,22,2,queue,treatment_wait_begins,111.17765606341352,,1,4.0,,214,0
1563,73,23,2,queue,treatment_wait_begins,112.29553792447513,,1,5.0,,214,0
1564,81,24,2,queue,treatment_wait_begins,121.48538924519744,,1,6.0,,214,0
1565,83,25,2,queue,treatment_wait_begins,127.62081856126873,,1,7.0,,214,0
1566,85,26,2,queue,treatment_wait_begins,130.89979933108373,,1,8.0,,214,0
1567,89,28,2,queue,treatment_wait_begins,135.25183130913413,,1,9.0,,214,0
1568,91,29,2,queue,treatment_wait_begins,135.6372170444124,,1,10.0,,214,0
1569,93,30,2,queue,treatment_wait_begins,136.53537831628518,,1,11.0,,214,0
1570,95,31,2,queue,treatment_wait_begins,139.96198057430644,,1,12.0,,214,0
1571,97,32,2,queue,treatment_wait_begins,141.90538175510554,,1,13.0,,214,0
1572,99,33,2,queue,treatment_wait_begins,148.22641604293108,,1,14.0,,214,0
1573,101,34,2,queue,treatment_wait_begins,151.7688691800117,,1,15.0,,214,0
1574,106,35,2,queue,treatment_wait_begins,152.9585189515018,,1,16.0,,214,0
1575,116,37,2,queue,treatment_wait_begins,158.4717443187417,,1,17.0,,214,0
1576,118,38,2,queue,treatment_wait_begins,160.19091112593068,,1,18.0,,214,0
1577,120,39,2,queue,treatment_wait_begins,161.80046723046223,,1,19.0,,214,0
1578,127,41,2,queue,treatment_wait_begins,167.67977668606895,,1,20.0,,214,0
1579,129,42,2,queue,treatment_wait_begins,174.34828881122837,,1,21.0,,214,0
1580,133,44,2,queue,treatment_wait_begins,186.72302338228388,,1,22.0,,214,0
1581,135,45,2,queue,treatment_wait_begins,187.08816512218607,,1,23.0,,214,0
1582,138,40,1,resource_use,treatment_begins,189.9062580756693,1.0,1,1.0,,214,0
1583,140,46,2,queue,treatment_wait_begins,192.75850263079985,,1,24.0,,214,0
1584,143,43,1,resource_use,treatment_begins,193.96308146336526,3.0,1,2.0,,214,0
1585,146,15,2,resource_use,treatment_begins,197.907654145809,2.0,1,3.0,,214,0
1586,148,47,2,queue,treatment_wait_begins,199.5301925701257,,1,25.0,,214,0
1587,151,16,2,resource_use,treatment_begins,200.75284436160058,4.0,1,4.0,,214,0
1588,153,48,2,queue,treatment_wait_begins,205.14039082741283,,1,26.0,,214,0
1589,155,49,2,queue,treatment_wait_begins,206.54063642859495,,1,27.0,,214,0
1590,157,50,2,queue,treatment_wait_begins,208.1453173837751,,1,28.0,,214,0
1591,159,51,2,queue,treatment_wait_begins,208.9739969202831,,1,29.0,,214,0
1592,161,52,2,queue,treatment_wait_begins,210.74581448374042,,1,30.0,,214,0
1593,163,53,2,queue,treatment_wait_begins,210.85151326578935,,1,31.0,,214,0
1594,165,54,2,queue,treatment_wait_begins,211.68829524636791,,1,32.0,,214,0
1595,55,17,2,queue,treatment_wait_begins,96.33602094118923,,1,1.0,,216,0
1596,57,18,2,queue,treatment_wait_begins,96.7939072781402,,1,2.0,,216,0
1597,59,19,2,queue,treatment_wait_begins,98.36980328880216,,1,3.0,,216,0
1598,71,22,2,queue,treatment_wait_begins,111.17765606341352,,1,4.0,,216,0
1599,73,23,2,queue,treatment_wait_begins,112.29553792447513,,1,5.0,,216,0
1600,81,24,2,queue,treatment_wait_begins,121.48538924519744,,1,6.0,,216,0
1601,83,25,2,queue,treatment_wait_begins,127.62081856126873,,1,7.0,,216,0
1602,85,26,2,queue,treatment_wait_begins,130.89979933108373,,1,8.0,,216,0
1603,89,28,2,queue,treatment_wait_begins,135.25183130913413,,1,9.0,,216,0
1604,91,29,2,queue,treatment_wait_begins,135.6372170444124,,1,10.0,,216,0
1605,93,30,2,queue,treatment_wait_begins,136.53537831628518,,1,11.0,,216,0
1606,95,31,2,queue,treatment_wait_begins,139.96198057430644,,1,12.0,,216,0
1607,97,32,2,queue,treatment_wait_begins,141.90538175510554,,1,13.0,,216,0
1608,99,33,2,queue,treatment_wait_begins,148.22641604293108,,1,14.0,,216,0
1609,101,34,2,queue,treatment_wait_begins,151.7688691800117,,1,15.0,,216,0
1610,106,35,2,queue,treatment_wait_begins,152.9585189515018,,1,16.0,,216,0
1611,116,37,2,queue,treatment_wait_begins,158.4717443187417,,1,17.0,,216,0
1612,118,38,2,queue,treatment_wait_begins,160.19091112593068,,1,18.0,,216,0
1613,120,39,2,queue,treatment_wait_begins,161.80046723046223,,1,19.0,,216,0
1614,127,41,2,queue,treatment_wait_begins,167.67977668606895,,1,20.0,,216,0
1615,129,42,2,queue,treatment_wait_begins,174.34828881122837,,1,21.0,,216,0
1616,133,44,2,queue,treatment_wait_begins,186.72302338228388,,1,22.0,,216,0
1617,135,45,2,queue,treatment_wait_begins,187.08816512218607,,1,23.0,,216,0
1618,138,40,1,resource_use,treatment_begins,189.9062580756693,1.0,1,1.0,,216,0
1619,140,46,2,queue,treatment_wait_begins,192.75850263079985,,1,24.0,,216,0
1620,143,43,1,resource_use,treatment_begins,193.96308146336526,3.0,1,2.0,,216,0
1621,146,15,2,resource_use,treatment_begins,197.907654145809,2.0,1,3.0,,216,0
1622,148,47,2,queue,treatment_wait_begins,199.5301925701257,,1,25.0,,216,0
1623,151,16,2,resource_use,treatment_begins,200.75284436160058,4.0,1,4.0,,216,0
1624,153,48,2,queue,treatment_wait_begins,205.14039082741283,,1,26.0,,216,0
1625,155,49,2,queue,treatment_wait_begins,206.54063642859495,,1,27.0,,216,0
1626,157,50,2,queue,treatment_wait_begins,208.1453173837751,,1,28.0,,216,0
1627,159,51,2,queue,treatment_wait_begins,208.9739969202831,,1,29.0,,216,0
1628,161,52,2,queue,treatment_wait_begins,210.74581448374042,,1,30.0,,216,0
1629,163,53,2,queue,treatment_wait_begins,210.85151326578935,,1,31.0,,216,0
1630,165,54,2,queue,treatment_wait_begins,211.68829524636791,,1,32.0,,216,0
1631,55,17,2,queue,treatment_wait_begins,96.33602094118923,,1,1.0,,218,0
1632,57,18,2,queue,treatment_wait_begins,96.7939072781402,,1,2.0,,218,0
1633,59,19,2,queue,treatment_wait_begins,98.36980328880216,,1,3.0,,218,0
1634,71,22,2,queue,treatment_wait_begins,111.17765606341352,,1,4.0,,218,0
1635,73,23,2,queue,treatment_wait_begins,112.29553792447513,,1,5.0,,218,0
1636,81,24,2,queue,treatment_wait_begins,121.48538924519744,,1,6.0,,218,0
1637,83,25,2,queue,treatment_wait_begins,127.62081856126873,,1,7.0,,218,0
1638,85,26,2,queue,treatment_wait_begins,130.89979933108373,,1,8.0,,218,0
1639,89,28,2,queue,treatment_wait_begins,135.25183130913413,,1,9.0,,218,0
1640,91,29,2,queue,treatment_wait_begins,135.6372170444124,,1,10.0,,218,0
1641,93,30,2,queue,treatment_wait_begins,136.53537831628518,,1,11.0,,218,0
1642,95,31,2,queue,treatment_wait_begins,139.96198057430644,,1,12.0,,218,0
1643,97,32,2,queue,treatment_wait_begins,141.90538175510554,,1,13.0,,218,0
1644,99,33,2,queue,treatment_wait_begins,148.22641604293108,,1,14.0,,218,0
1645,101,34,2,queue,treatment_wait_begins,151.7688691800117,,1,15.0,,218,0
1646,106,35,2,queue,treatment_wait_begins,152.9585189515018,,1,16.0,,218,0
1647,116,37,2,queue,treatment_wait_begins,158.4717443187417,,1,17.0,,218,0
1648,118,38,2,queue,treatment_wait_begins,160.19091112593068,,1,18.0,,218,0
1649,120,39,2,queue,treatment_wait_begins,161.80046723046223,,1,19.0,,218,0
1650,127,41,2,queue,treatment_wait_begins,167.67977668606895,,1,20.0,,218,0
1651,129,42,2,queue,treatment_wait_begins,174.34828881122837,,1,21.0,,218,0
1652,133,44,2,queue,treatment_wait_begins,186.72302338228388,,1,22.0,,218,0
1653,135,45,2,queue,treatment_wait_begins,187.08816512218607,,1,23.0,,218,0
1654,138,40,1,resource_use,treatment_begins,189.9062580756693,1.0,1,1.0,,218,0
1655,140,46,2,queue,treatment_wait_begins,192.75850263079985,,1,24.0,,218,0
1656,143,43,1,resource_use,treatment_begins,193.96308146336526,3.0,1,2.0,,218,0
1657,146,15,2,resource_use,treatment_begins,197.907654145809,2.0,1,3.0,,218,0
1658,148,47,2,queue,treatment_wait_begins,199.5301925701257,,1,25.0,,218,0
1659,151,16,2,resource_use,treatment_begins,200.75284436160058,4.0,1,4.0,,218,0
1660,153,48,2,queue,treatment_wait_begins,205.14039082741283,,1,26.0,,218,0
1661,155,49,2,queue,treatment_wait_begins,206.54063642859495,,1,27.0,,218,0
1662,157,50,2,queue,treatment_wait_begins,208.1453173837751,,1,28.0,,218,0
1663,159,51,2,queue,treatment_wait_begins,208.9739969202831,,1,29.0,,218,0
1664,161,52,2,queue,treatment_wait_begins,210.74581448374042,,1,30.0,,218,0
1665,163,53,2,queue,treatment_wait_begins,210.85151326578935,,1,31.0,,218,0
1666,165,54,2,queue,treatment_wait_begins,211.68829524636791,,1,32.0,,218,0
1667,55,17,2,queue,treatment_wait_begins,96.33602094118923,,1,1.0,,220,0
1668,57,18,2,queue,treatment_wait_begins,96.7939072781402,,1,2.0,,220,0
1669,59,19,2,queue,treatment_wait_begins,98.36980328880216,,1,3.0,,220,0
1670,71,22,2,queue,treatment_wait_begins,111.17765606341352,,1,4.0,,220,0
1671,73,23,2,queue,treatment_wait_begins,112.29553792447513,,1,5.0,,220,0
1672,81,24,2,queue,treatment_wait_begins,121.48538924519744,,1,6.0,,220,0
1673,83,25,2,queue,treatment_wait_begins,127.62081856126873,,1,7.0,,220,0
1674,85,26,2,queue,treatment_wait_begins,130.89979933108373,,1,8.0,,220,0
1675,89,28,2,queue,treatment_wait_begins,135.25183130913413,,1,9.0,,220,0
1676,91,29,2,queue,treatment_wait_begins,135.6372170444124,,1,10.0,,220,0
1677,93,30,2,queue,treatment_wait_begins,136.53537831628518,,1,11.0,,220,0
1678,95,31,2,queue,treatment_wait_begins,139.96198057430644,,1,12.0,,220,0
1679,97,32,2,queue,treatment_wait_begins,141.90538175510554,,1,13.0,,220,0
1680,99,33,2,queue,treatment_wait_begins,148.22641604293108,,1,14.0,,220,0
1681,101,34,2,queue,treatment_wait_begins,151.7688691800117,,1,15.0,,220,0
1682,106,35,2,queue,treatment_wait_begins,152.9585189515018,,1,16.0,,220,0
1683,116,37,2,queue,treatment_wait_begins,158.4717443187417,,1,17.0,,220,0
1684,118,38,2,queue,treatment_wait_begins,160.19091112593068,,1,18.0,,220,0
1685,120,39,2,queue,treatment_wait_begins,161.80046723046223,,1,19.0,,220,0
1686,127,41,2,queue,treatment_wait_begins,167.67977668606895,,1,20.0,,220,0
1687,129,42,2,queue,treatment_wait_begins,174.34828881122837,,1,21.0,,220,0
1688,133,44,2,queue,treatment_wait_begins,186.72302338228388,,1,22.0,,220,0
1689,135,45,2,queue,treatment_wait_begins,187.08816512218607,,1,23.0,,220,0
1690,138,40,1,resource_use,treatment_begins,189.9062580756693,1.0,1,1.0,,220,0
1691,140,46,2,queue,treatment_wait_begins,192.75850263079985,,1,24.0,,220,0
1692,143,43,1,resource_use,treatment_begins,193.96308146336526,3.0,1,2.0,,220,0
1693,146,15,2,resource_use,treatment_begins,197.907654145809,2.0,1,3.0,,220,0
1694,148,47,2,queue,treatment_wait_begins,199.5301925701257,,1,25.0,,220,0
1695,151,16,2,resource_use,treatment_begins,200.75284436160058,4.0,1,4.0,,220,0
1696,153,48,2,queue,treatment_wait_begins,205.14039082741283,,1,26.0,,220,0
1697,155,49,2,queue,treatment_wait_begins,206.54063642859495,,1,27.0,,220,0
1698,157,50,2,queue,treatment_wait_begins,208.1453173837751,,1,28.0,,220,0
1699,159,51,2,queue,treatment_wait_begins,208.9739969202831,,1,29.0,,220,0
1700,161,52,2,queue,treatment_wait_begins,210.74581448374042,,1,30.0,,220,0
1701,163,53,2,queue,treatment_wait_begins,210.85151326578935,,1,31.0,,220,0
1702,165,54,2,queue,treatment_wait_begins,211.68829524636791,,1,32.0,,220,0
1703,167,55,2,queue,treatment_wait_begins,218.2635794691037,,1,33.0,,220,0
1704,55,17,2,queue,treatment_wait_begins,96.33602094118923,,1,1.0,,222,0
1705,57,18,2,queue,treatment_wait_begins,96.7939072781402,,1,2.0,,222,0
1706,59,19,2,queue,treatment_wait_begins,98.36980328880216,,1,3.0,,222,0
1707,71,22,2,queue,treatment_wait_begins,111.17765606341352,,1,4.0,,222,0
1708,73,23,2,queue,treatment_wait_begins,112.29553792447513,,1,5.0,,222,0
1709,81,24,2,queue,treatment_wait_begins,121.48538924519744,,1,6.0,,222,0
1710,83,25,2,queue,treatment_wait_begins,127.62081856126873,,1,7.0,,222,0
1711,85,26,2,queue,treatment_wait_begins,130.89979933108373,,1,8.0,,222,0
1712,89,28,2,queue,treatment_wait_begins,135.25183130913413,,1,9.0,,222,0
1713,91,29,2,queue,treatment_wait_begins,135.6372170444124,,1,10.0,,222,0
1714,93,30,2,queue,treatment_wait_begins,136.53537831628518,,1,11.0,,222,0
1715,95,31,2,queue,treatment_wait_begins,139.96198057430644,,1,12.0,,222,0
1716,97,32,2,queue,treatment_wait_begins,141.90538175510554,,1,13.0,,222,0
1717,99,33,2,queue,treatment_wait_begins,148.22641604293108,,1,14.0,,222,0
1718,101,34,2,queue,treatment_wait_begins,151.7688691800117,,1,15.0,,222,0
1719,106,35,2,queue,treatment_wait_begins,152.9585189515018,,1,16.0,,222,0
1720,116,37,2,queue,treatment_wait_begins,158.4717443187417,,1,17.0,,222,0
1721,118,38,2,queue,treatment_wait_begins,160.19091112593068,,1,18.0,,222,0
1722,120,39,2,queue,treatment_wait_begins,161.80046723046223,,1,19.0,,222,0
1723,127,41,2,queue,treatment_wait_begins,167.67977668606895,,1,20.0,,222,0
1724,129,42,2,queue,treatment_wait_begins,174.34828881122837,,1,21.0,,222,0
1725,133,44,2,queue,treatment_wait_begins,186.72302338228388,,1,22.0,,222,0
1726,135,45,2,queue,treatment_wait_begins,187.08816512218607,,1,23.0,,222,0
1727,138,40,1,resource_use,treatment_begins,189.9062580756693,1.0,1,1.0,,222,0
1728,140,46,2,queue,treatment_wait_begins,192.75850263079985,,1,24.0,,222,0
1729,143,43,1,resource_use,treatment_begins,193.96308146336526,3.0,1,2.0,,222,0
1730,146,15,2,resource_use,treatment_begins,197.907654145809,2.0,1,3.0,,222,0
1731,148,47,2,queue,treatment_wait_begins,199.5301925701257,,1,25.0,,222,0
1732,151,16,2,resource_use,treatment_begins,200.75284436160058,4.0,1,4.0,,222,0
1733,153,48,2,queue,treatment_wait_begins,205.14039082741283,,1,26.0,,222,0
1734,155,49,2,queue,treatment_wait_begins,206.54063642859495,,1,27.0,,222,0
1735,157,50,2,queue,treatment_wait_begins,208.1453173837751,,1,28.0,,222,0
1736,159,51,2,queue,treatment_wait_begins,208.9739969202831,,1,29.0,,222,0
1737,161,52,2,queue,treatment_wait_begins,210.74581448374042,,1,30.0,,222,0
1738,163,53,2,queue,treatment_wait_begins,210.85151326578935,,1,31.0,,222,0
1739,165,54,2,queue,treatment_wait_begins,211.68829524636791,,1,32.0,,222,0
1740,167,55,2,queue,treatment_wait_begins,218.2635794691037,,1,33.0,,222,0
1741,55,17,2,queue,treatment_wait_begins,96.33602094118923,,1,1.0,,224,0
1742,57,18,2,queue,treatment_wait_begins,96.7939072781402,,1,2.0,,224,0
1743,59,19,2,queue,treatment_wait_begins,98.36980328880216,,1,3.0,,224,0
1744,71,22,2,queue,treatment_wait_begins,111.17765606341352,,1,4.0,,224,0
1745,73,23,2,queue,treatment_wait_begins,112.29553792447513,,1,5.0,,224,0
1746,81,24,2,queue,treatment_wait_begins,121.48538924519744,,1,6.0,,224,0
1747,83,25,2,queue,treatment_wait_begins,127.62081856126873,,1,7.0,,224,0
1748,85,26,2,queue,treatment_wait_begins,130.89979933108373,,1,8.0,,224,0
1749,89,28,2,queue,treatment_wait_begins,135.25183130913413,,1,9.0,,224,0
1750,91,29,2,queue,treatment_wait_begins,135.6372170444124,,1,10.0,,224,0
1751,93,30,2,queue,treatment_wait_begins,136.53537831628518,,1,11.0,,224,0
1752,95,31,2,queue,treatment_wait_begins,139.96198057430644,,1,12.0,,224,0
1753,97,32,2,queue,treatment_wait_begins,141.90538175510554,,1,13.0,,224,0
1754,99,33,2,queue,treatment_wait_begins,148.22641604293108,,1,14.0,,224,0
1755,101,34,2,queue,treatment_wait_begins,151.7688691800117,,1,15.0,,224,0
1756,106,35,2,queue,treatment_wait_begins,152.9585189515018,,1,16.0,,224,0
1757,116,37,2,queue,treatment_wait_begins,158.4717443187417,,1,17.0,,224,0
1758,118,38,2,queue,treatment_wait_begins,160.19091112593068,,1,18.0,,224,0
1759,120,39,2,queue,treatment_wait_begins,161.80046723046223,,1,19.0,,224,0
1760,127,41,2,queue,treatment_wait_begins,167.67977668606895,,1,20.0,,224,0
1761,129,42,2,queue,treatment_wait_begins,174.34828881122837,,1,21.0,,224,0
1762,133,44,2,queue,treatment_wait_begins,186.72302338228388,,1,22.0,,224,0
1763,135,45,2,queue,treatment_wait_begins,187.08816512218607,,1,23.0,,224,0
1764,138,40,1,resource_use,treatment_begins,189.9062580756693,1.0,1,1.0,,224,0
1765,140,46,2,queue,treatment_wait_begins,192.75850263079985,,1,24.0,,224,0
1766,143,43,1,resource_use,treatment_begins,193.96308146336526,3.0,1,2.0,,224,0
1767,146,15,2,resource_use,treatment_begins,197.907654145809,2.0,1,3.0,,224,0
1768,148,47,2,queue,treatment_wait_begins,199.5301925701257,,1,25.0,,224,0
1769,151,16,2,resource_use,treatment_begins,200.75284436160058,4.0,1,4.0,,224,0
1770,153,48,2,queue,treatment_wait_begins,205.14039082741283,,1,26.0,,224,0
1771,155,49,2,queue,treatment_wait_begins,206.54063642859495,,1,27.0,,224,0
1772,157,50,2,queue,treatment_wait_begins,208.1453173837751,,1,28.0,,224,0
1773,159,51,2,queue,treatment_wait_begins,208.9739969202831,,1,29.0,,224,0
1774,161,52,2,queue,treatment_wait_begins,210.74581448374042,,1,30.0,,224,0
1775,163,53,2,queue,treatment_wait_begins,210.85151326578935,,1,31.0,,224,0
1776,165,54,2,queue,treatment_wait_begins,211.68829524636791,,1,32.0,,224,0
1777,167,55,2,queue,treatment_wait_begins,218.2635794691037,,1,33.0,,224,0
1778,55,17,2,queue,treatment_wait_begins,96.33602094118923,,1,1.0,,226,0
1779,57,18,2,queue,treatment_wait_begins,96.7939072781402,,1,2.0,,226,0
1780,59,19,2,queue,treatment_wait_begins,98.36980328880216,,1,3.0,,226,0
1781,71,22,2,queue,treatment_wait_begins,111.17765606341352,,1,4.0,,226,0
1782,73,23,2,queue,treatment_wait_begins,112.29553792447513,,1,5.0,,226,0
1783,81,24,2,queue,treatment_wait_begins,121.48538924519744,,1,6.0,,226,0
1784,83,25,2,queue,treatment_wait_begins,127.62081856126873,,1,7.0,,226,0
1785,85,26,2,queue,treatment_wait_begins,130.89979933108373,,1,8.0,,226,0
1786,89,28,2,queue,treatment_wait_begins,135.25183130913413,,1,9.0,,226,0
1787,91,29,2,queue,treatment_wait_begins,135.6372170444124,,1,10.0,,226,0
1788,93,30,2,queue,treatment_wait_begins,136.53537831628518,,1,11.0,,226,0
1789,95,31,2,queue,treatment_wait_begins,139.96198057430644,,1,12.0,,226,0
1790,97,32,2,queue,treatment_wait_begins,141.90538175510554,,1,13.0,,226,0
1791,99,33,2,queue,treatment_wait_begins,148.22641604293108,,1,14.0,,226,0
1792,101,34,2,queue,treatment_wait_begins,151.7688691800117,,1,15.0,,226,0
1793,106,35,2,queue,treatment_wait_begins,152.9585189515018,,1,16.0,,226,0
1794,116,37,2,queue,treatment_wait_begins,158.4717443187417,,1,17.0,,226,0
1795,118,38,2,queue,treatment_wait_begins,160.19091112593068,,1,18.0,,226,0
1796,120,39,2,queue,treatment_wait_begins,161.80046723046223,,1,19.0,,226,0
1797,127,41,2,queue,treatment_wait_begins,167.67977668606895,,1,20.0,,226,0
1798,129,42,2,queue,treatment_wait_begins,174.34828881122837,,1,21.0,,226,0
1799,133,44,2,queue,treatment_wait_begins,186.72302338228388,,1,22.0,,226,0
1800,135,45,2,queue,treatment_wait_begins,187.08816512218607,,1,23.0,,226,0
1801,138,40,1,resource_use,treatment_begins,189.9062580756693,1.0,1,1.0,,226,0
1802,140,46,2,queue,treatment_wait_begins,192.75850263079985,,1,24.0,,226,0
1803,143,43,1,resource_use,treatment_begins,193.96308146336526,3.0,1,2.0,,226,0
1804,146,15,2,resource_use,treatment_begins,197.907654145809,2.0,1,3.0,,226,0
1805,148,47,2,queue,treatment_wait_begins,199.5301925701257,,1,25.0,,226,0
1806,151,16,2,resource_use,treatment_begins,200.75284436160058,4.0,1,4.0,,226,0
1807,153,48,2,queue,treatment_wait_begins,205.14039082741283,,1,26.0,,226,0
1808,155,49,2,queue,treatment_wait_begins,206.54063642859495,,1,27.0,,226,0
1809,157,50,2,queue,treatment_wait_begins,208.1453173837751,,1,28.0,,226,0
1810,159,51,2,queue,treatment_wait_begins,208.9739969202831,,1,29.0,,226,0
1811,161,52,2,queue,treatment_wait_begins,210.74581448374042,,1,30.0,,226,0
1812,163,53,2,queue,treatment_wait_begins,210.85151326578935,,1,31.0,,226,0
1813,165,54,2,queue,treatment_wait_begins,211.68829524636791,,1,32.0,,226,0
1814,167,55,2,queue,treatment_wait_begins,218.2635794691037,,1,33.0,,226,0
1815,55,17,2,queue,treatment_wait_begins,96.33602094118923,,1,1.0,,228,0
1816,57,18,2,queue,treatment_wait_begins,96.7939072781402,,1,2.0,,228,0
1817,59,19,2,queue,treatment_wait_begins,98.36980328880216,,1,3.0,,228,0
1818,71,22,2,queue,treatment_wait_begins,111.17765606341352,,1,4.0,,228,0
1819,73,23,2,queue,treatment_wait_begins,112.29553792447513,,1,5.0,,228,0
1820,81,24,2,queue,treatment_wait_begins,121.48538924519744,,1,6.0,,228,0
1821,83,25,2,queue,treatment_wait_begins,127.62081856126873,,1,7.0,,228,0
1822,85,26,2,queue,treatment_wait_begins,130.89979933108373,,1,8.0,,228,0
1823,89,28,2,queue,treatment_wait_begins,135.25183130913413,,1,9.0,,228,0
1824,91,29,2,queue,treatment_wait_begins,135.6372170444124,,1,10.0,,228,0
1825,93,30,2,queue,treatment_wait_begins,136.53537831628518,,1,11.0,,228,0
1826,95,31,2,queue,treatment_wait_begins,139.96198057430644,,1,12.0,,228,0
1827,97,32,2,queue,treatment_wait_begins,141.90538175510554,,1,13.0,,228,0
1828,99,33,2,queue,treatment_wait_begins,148.22641604293108,,1,14.0,,228,0
1829,101,34,2,queue,treatment_wait_begins,151.7688691800117,,1,15.0,,228,0
1830,106,35,2,queue,treatment_wait_begins,152.9585189515018,,1,16.0,,228,0
1831,116,37,2,queue,treatment_wait_begins,158.4717443187417,,1,17.0,,228,0
1832,118,38,2,queue,treatment_wait_begins,160.19091112593068,,1,18.0,,228,0
1833,120,39,2,queue,treatment_wait_begins,161.80046723046223,,1,19.0,,228,0
1834,127,41,2,queue,treatment_wait_begins,167.67977668606895,,1,20.0,,228,0
1835,129,42,2,queue,treatment_wait_begins,174.34828881122837,,1,21.0,,228,0
1836,133,44,2,queue,treatment_wait_begins,186.72302338228388,,1,22.0,,228,0
1837,135,45,2,queue,treatment_wait_begins,187.08816512218607,,1,23.0,,228,0
1838,138,40,1,resource_use,treatment_begins,189.9062580756693,1.0,1,1.0,,228,0
1839,140,46,2,queue,treatment_wait_begins,192.75850263079985,,1,24.0,,228,0
1840,143,43,1,resource_use,treatment_begins,193.96308146336526,3.0,1,2.0,,228,0
1841,146,15,2,resource_use,treatment_begins,197.907654145809,2.0,1,3.0,,228,0
1842,148,47,2,queue,treatment_wait_begins,199.5301925701257,,1,25.0,,228,0
1843,151,16,2,resource_use,treatment_begins,200.75284436160058,4.0,1,4.0,,228,0
1844,153,48,2,queue,treatment_wait_begins,205.14039082741283,,1,26.0,,228,0
1845,155,49,2,queue,treatment_wait_begins,206.54063642859495,,1,27.0,,228,0
1846,157,50,2,queue,treatment_wait_begins,208.1453173837751,,1,28.0,,228,0
1847,159,51,2,queue,treatment_wait_begins,208.9739969202831,,1,29.0,,228,0
1848,161,52,2,queue,treatment_wait_begins,210.74581448374042,,1,30.0,,228,0
1849,163,53,2,queue,treatment_wait_begins,210.85151326578935,,1,31.0,,228,0
1850,165,54,2,queue,treatment_wait_begins,211.68829524636791,,1,32.0,,228,0
1851,167,55,2,queue,treatment_wait_begins,218.2635794691037,,1,33.0,,228,0
1852,55,17,2,queue,treatment_wait_begins,96.33602094118923,,1,1.0,,230,0
1853,57,18,2,queue,treatment_wait_begins,96.7939072781402,,1,2.0,,230,0
1854,59,19,2,queue,treatment_wait_begins,98.36980328880216,,1,3.0,,230,0
1855,71,22,2,queue,treatment_wait_begins,111.17765606341352,,1,4.0,,230,0
1856,73,23,2,queue,treatment_wait_begins,112.29553792447513,,1,5.0,,230,0
1857,81,24,2,queue,treatment_wait_begins,121.48538924519744,,1,6.0,,230,0
1858,83,25,2,queue,treatment_wait_begins,127.62081856126873,,1,7.0,,230,0
1859,85,26,2,queue,treatment_wait_begins,130.89979933108373,,1,8.0,,230,0
1860,89,28,2,queue,treatment_wait_begins,135.25183130913413,,1,9.0,,230,0
1861,91,29,2,queue,treatment_wait_begins,135.6372170444124,,1,10.0,,230,0
1862,93,30,2,queue,treatment_wait_begins,136.53537831628518,,1,11.0,,230,0
1863,95,31,2,queue,treatment_wait_begins,139.96198057430644,,1,12.0,,230,0
1864,97,32,2,queue,treatment_wait_begins,141.90538175510554,,1,13.0,,230,0
1865,99,33,2,queue,treatment_wait_begins,148.22641604293108,,1,14.0,,230,0
1866,101,34,2,queue,treatment_wait_begins,151.7688691800117,,1,15.0,,230,0
1867,106,35,2,queue,treatment_wait_begins,152.9585189515018,,1,16.0,,230,0
1868,116,37,2,queue,treatment_wait_begins,158.4717443187417,,1,17.0,,230,0
1869,118,38,2,queue,treatment_wait_begins,160.19091112593068,,1,18.0,,230,0
1870,120,39,2,queue,treatment_wait_begins,161.80046723046223,,1,19.0,,230,0
1871,127,41,2,queue,treatment_wait_begins,167.67977668606895,,1,20.0,,230,0
1872,129,42,2,queue,treatment_wait_begins,174.34828881122837,,1,21.0,,230,0
1873,133,44,2,queue,treatment_wait_begins,186.72302338228388,,1,22.0,,230,0
1874,135,45,2,queue,treatment_wait_begins,187.08816512218607,,1,23.0,,230,0
1875,138,40,1,resource_use,treatment_begins,189.9062580756693,1.0,1,1.0,,230,0
1876,140,46,2,queue,treatment_wait_begins,192.75850263079985,,1,24.0,,230,0
1877,143,43,1,resource_use,treatment_begins,193.96308146336526,3.0,1,2.0,,230,0
1878,146,15,2,resource_use,treatment_begins,197.907654145809,2.0,1,3.0,,230,0
1879,148,47,2,queue,treatment_wait_begins,199.5301925701257,,1,25.0,,230,0
1880,151,16,2,resource_use,treatment_begins,200.75284436160058,4.0,1,4.0,,230,0
1881,153,48,2,queue,treatment_wait_begins,205.14039082741283,,1,26.0,,230,0
1882,155,49,2,queue,treatment_wait_begins,206.54063642859495,,1,27.0,,230,0
1883,157,50,2,queue,treatment_wait_begins,208.1453173837751,,1,28.0,,230,0
1884,159,51,2,queue,treatment_wait_begins,208.9739969202831,,1,29.0,,230,0
1885,161,52,2,queue,treatment_wait_begins,210.74581448374042,,1,30.0,,230,0
1886,163,53,2,queue,treatment_wait_begins,210.85151326578935,,1,31.0,,230,0
1887,165,54,2,queue,treatment_wait_begins,211.68829524636791,,1,32.0,,230,0
1888,167,55,2,queue,treatment_wait_begins,218.2635794691037,,1,33.0,,230,0
1889,55,17,2,queue,treatment_wait_begins,96.33602094118923,,1,1.0,,232,0
1890,57,18,2,queue,treatment_wait_begins,96.7939072781402,,1,2.0,,232,0
1891,59,19,2,queue,treatment_wait_begins,98.36980328880216,,1,3.0,,232,0
1892,71,22,2,queue,treatment_wait_begins,111.17765606341352,,1,4.0,,232,0
1893,73,23,2,queue,treatment_wait_begins,112.29553792447513,,1,5.0,,232,0
1894,81,24,2,queue,treatment_wait_begins,121.48538924519744,,1,6.0,,232,0
1895,83,25,2,queue,treatment_wait_begins,127.62081856126873,,1,7.0,,232,0
1896,85,26,2,queue,treatment_wait_begins,130.89979933108373,,1,8.0,,232,0
1897,89,28,2,queue,treatment_wait_begins,135.25183130913413,,1,9.0,,232,0
1898,91,29,2,queue,treatment_wait_begins,135.6372170444124,,1,10.0,,232,0
1899,93,30,2,queue,treatment_wait_begins,136.53537831628518,,1,11.0,,232,0
1900,95,31,2,queue,treatment_wait_begins,139.96198057430644,,1,12.0,,232,0
1901,97,32,2,queue,treatment_wait_begins,141.90538175510554,,1,13.0,,232,0
1902,99,33,2,queue,treatment_wait_begins,148.22641604293108,,1,14.0,,232,0
1903,101,34,2,queue,treatment_wait_begins,151.7688691800117,,1,15.0,,232,0
1904,106,35,2,queue,treatment_wait_begins,152.9585189515018,,1,16.0,,232,0
1905,116,37,2,queue,treatment_wait_begins,158.4717443187417,,1,17.0,,232,0
1906,118,38,2,queue,treatment_wait_begins,160.19091112593068,,1,18.0,,232,0
1907,120,39,2,queue,treatment_wait_begins,161.80046723046223,,1,19.0,,232,0
1908,127,41,2,queue,treatment_wait_begins,167.67977668606895,,1,20.0,,232,0
1909,129,42,2,queue,treatment_wait_begins,174.34828881122837,,1,21.0,,232,0
1910,133,44,2,queue,treatment_wait_begins,186.72302338228388,,1,22.0,,232,0
1911,135,45,2,queue,treatment_wait_begins,187.08816512218607,,1,23.0,,232,0
1912,138,40,1,resource_use,treatment_begins,189.9062580756693,1.0,1,1.0,,232,0
1913,140,46,2,queue,treatment_wait_begins,192.75850263079985,,1,24.0,,232,0
1914,143,43,1,resource_use,treatment_begins,193.96308146336526,3.0,1,2.0,,232,0
1915,146,15,2,resource_use,treatment_begins,197.907654145809,2.0,1,3.0,,232,0
1916,148,47,2,queue,treatment_wait_begins,199.5301925701257,,1,25.0,,232,0
1917,151,16,2,resource_use,treatment_begins,200.75284436160058,4.0,1,4.0,,232,0
1918,153,48,2,queue,treatment_wait_begins,205.14039082741283,,1,26.0,,232,0
1919,155,49,2,queue,treatment_wait_begins,206.54063642859495,,1,27.0,,232,0
1920,157,50,2,queue,treatment_wait_begins,208.1453173837751,,1,28.0,,232,0
1921,159,51,2,queue,treatment_wait_begins,208.9739969202831,,1,29.0,,232,0
1922,161,52,2,queue,treatment_wait_begins,210.74581448374042,,1,30.0,,232,0
1923,163,53,2,queue,treatment_wait_begins,210.85151326578935,,1,31.0,,232,0
1924,165,54,2,queue,treatment_wait_begins,211.68829524636791,,1,32.0,,232,0
1925,167,55,2,queue,treatment_wait_begins,218.2635794691037,,1,33.0,,232,0
1926,57,18,2,queue,treatment_wait_begins,96.7939072781402,,1,1.0,,234,0
1927,59,19,2,queue,treatment_wait_begins,98.36980328880216,,1,2.0,,234,0
1928,71,22,2,queue,treatment_wait_begins,111.17765606341352,,1,3.0,,234,0
1929,73,23,2,queue,treatment_wait_begins,112.29553792447513,,1,4.0,,234,0
1930,81,24,2,queue,treatment_wait_begins,121.48538924519744,,1,5.0,,234,0
1931,83,25,2,queue,treatment_wait_begins,127.62081856126873,,1,6.0,,234,0
1932,85,26,2,queue,treatment_wait_begins,130.89979933108373,,1,7.0,,234,0
1933,89,28,2,queue,treatment_wait_begins,135.25183130913413,,1,8.0,,234,0
1934,91,29,2,queue,treatment_wait_begins,135.6372170444124,,1,9.0,,234,0
1935,93,30,2,queue,treatment_wait_begins,136.53537831628518,,1,10.0,,234,0
1936,95,31,2,queue,treatment_wait_begins,139.96198057430644,,1,11.0,,234,0
1937,97,32,2,queue,treatment_wait_begins,141.90538175510554,,1,12.0,,234,0
1938,99,33,2,queue,treatment_wait_begins,148.22641604293108,,1,13.0,,234,0
1939,101,34,2,queue,treatment_wait_begins,151.7688691800117,,1,14.0,,234,0
1940,106,35,2,queue,treatment_wait_begins,152.9585189515018,,1,15.0,,234,0
1941,116,37,2,queue,treatment_wait_begins,158.4717443187417,,1,16.0,,234,0
1942,118,38,2,queue,treatment_wait_begins,160.19091112593068,,1,17.0,,234,0
1943,120,39,2,queue,treatment_wait_begins,161.80046723046223,,1,18.0,,234,0
1944,127,41,2,queue,treatment_wait_begins,167.67977668606895,,1,19.0,,234,0
1945,129,42,2,queue,treatment_wait_begins,174.34828881122837,,1,20.0,,234,0
1946,133,44,2,queue,treatment_wait_begins,186.72302338228388,,1,21.0,,234,0
1947,135,45,2,queue,treatment_wait_begins,187.08816512218607,,1,22.0,,234,0
1948,138,40,1,resource_use,treatment_begins,189.9062580756693,1.0,1,1.0,,234,0
1949,140,46,2,queue,treatment_wait_begins,192.75850263079985,,1,23.0,,234,0
1950,146,15,2,resource_use,treatment_begins,197.907654145809,2.0,1,2.0,,234,0
1951,148,47,2,queue,treatment_wait_begins,199.5301925701257,,1,24.0,,234,0
1952,151,16,2,resource_use,treatment_begins,200.75284436160058,4.0,1,3.0,,234,0
1953,153,48,2,queue,treatment_wait_begins,205.14039082741283,,1,25.0,,234,0
1954,155,49,2,queue,treatment_wait_begins,206.54063642859495,,1,26.0,,234,0
1955,157,50,2,queue,treatment_wait_begins,208.1453173837751,,1,27.0,,234,0
1956,159,51,2,queue,treatment_wait_begins,208.9739969202831,,1,28.0,,234,0
1957,161,52,2,queue,treatment_wait_begins,210.74581448374042,,1,29.0,,234,0
1958,163,53,2,queue,treatment_wait_begins,210.85151326578935,,1,30.0,,234,0
1959,165,54,2,queue,treatment_wait_begins,211.68829524636791,,1,31.0,,234,0
1960,167,55,2,queue,treatment_wait_begins,218.2635794691037,,1,32.0,,234,0
1961,170,17,2,resource_use,treatment_begins,233.40821948692576,3.0,1,4.0,,234,0
1962,59,19,2,queue,treatment_wait_begins,98.36980328880216,,1,1.0,,236,0
1963,71,22,2,queue,treatment_wait_begins,111.17765606341352,,1,2.0,,236,0
1964,73,23,2,queue,treatment_wait_begins,112.29553792447513,,1,3.0,,236,0
1965,81,24,2,queue,treatment_wait_begins,121.48538924519744,,1,4.0,,236,0
1966,83,25,2,queue,treatment_wait_begins,127.62081856126873,,1,5.0,,236,0
1967,85,26,2,queue,treatment_wait_begins,130.89979933108373,,1,6.0,,236,0
1968,89,28,2,queue,treatment_wait_begins,135.25183130913413,,1,7.0,,236,0
1969,91,29,2,queue,treatment_wait_begins,135.6372170444124,,1,8.0,,236,0
1970,93,30,2,queue,treatment_wait_begins,136.53537831628518,,1,9.0,,236,0
1971,95,31,2,queue,treatment_wait_begins,139.96198057430644,,1,10.0,,236,0
1972,97,32,2,queue,treatment_wait_begins,141.90538175510554,,1,11.0,,236,0
1973,99,33,2,queue,treatment_wait_begins,148.22641604293108,,1,12.0,,236,0
1974,101,34,2,queue,treatment_wait_begins,151.7688691800117,,1,13.0,,236,0
1975,106,35,2,queue,treatment_wait_begins,152.9585189515018,,1,14.0,,236,0
1976,116,37,2,queue,treatment_wait_begins,158.4717443187417,,1,15.0,,236,0
1977,118,38,2,queue,treatment_wait_begins,160.19091112593068,,1,16.0,,236,0
1978,120,39,2,queue,treatment_wait_begins,161.80046723046223,,1,17.0,,236,0
1979,127,41,2,queue,treatment_wait_begins,167.67977668606895,,1,18.0,,236,0
1980,129,42,2,queue,treatment_wait_begins,174.34828881122837,,1,19.0,,236,0
1981,133,44,2,queue,treatment_wait_begins,186.72302338228388,,1,20.0,,236,0
1982,135,45,2,queue,treatment_wait_begins,187.08816512218607,,1,21.0,,236,0
1983,140,46,2,queue,treatment_wait_begins,192.75850263079985,,1,22.0,,236,0
1984,146,15,2,resource_use,treatment_begins,197.907654145809,2.0,1,1.0,,236,0
1985,148,47,2,queue,treatment_wait_begins,199.5301925701257,,1,23.0,,236,0
1986,151,16,2,resource_use,treatment_begins,200.75284436160058,4.0,1,2.0,,236,0
1987,153,48,2,queue,treatment_wait_begins,205.14039082741283,,1,24.0,,236,0
1988,155,49,2,queue,treatment_wait_begins,206.54063642859495,,1,25.0,,236,0
1989,157,50,2,queue,treatment_wait_begins,208.1453173837751,,1,26.0,,236,0
1990,159,51,2,queue,treatment_wait_begins,208.9739969202831,,1,27.0,,236,0
1991,161,52,2,queue,treatment_wait_begins,210.74581448374042,,1,28.0,,236,0
1992,163,53,2,queue,treatment_wait_begins,210.85151326578935,,1,29.0,,236,0
1993,165,54,2,queue,treatment_wait_begins,211.68829524636791,,1,30.0,,236,0
1994,167,55,2,queue,treatment_wait_begins,218.2635794691037,,1,31.0,,236,0
1995,170,17,2,resource_use,treatment_begins,233.40821948692576,3.0,1,3.0,,236,0
1996,173,18,2,resource_use,treatment_begins,234.18516005122223,1.0,1,4.0,,236,0
1997,73,23,2,queue,treatment_wait_begins,112.29553792447513,,1,1.0,,238,0
1998,81,24,2,queue,treatment_wait_begins,121.48538924519744,,1,2.0,,238,0
1999,83,25,2,queue,treatment_wait_begins,127.62081856126873,,1,3.0,,238,0
2000,85,26,2,queue,treatment_wait_begins,130.89979933108373,,1,4.0,,238,0
2001,89,28,2,queue,treatment_wait_begins,135.25183130913413,,1,5.0,,238,0
2002,91,29,2,queue,treatment_wait_begins,135.6372170444124,,1,6.0,,238,0
2003,93,30,2,queue,treatment_wait_begins,136.53537831628518,,1,7.0,,238,0
2004,95,31,2,queue,treatment_wait_begins,139.96198057430644,,1,8.0,,238,0
2005,97,32,2,queue,treatment_wait_begins,141.90538175510554,,1,9.0,,238,0
2006,99,33,2,queue,treatment_wait_begins,148.22641604293108,,1,10.0,,238,0
2007,101,34,2,queue,treatment_wait_begins,151.7688691800117,,1,11.0,,238,0
2008,106,35,2,queue,treatment_wait_begins,152.9585189515018,,1,12.0,,238,0
2009,116,37,2,queue,treatment_wait_begins,158.4717443187417,,1,13.0,,238,0
2010,118,38,2,queue,treatment_wait_begins,160.19091112593068,,1,14.0,,238,0
2011,120,39,2,queue,treatment_wait_begins,161.80046723046223,,1,15.0,,238,0
2012,127,41,2,queue,treatment_wait_begins,167.67977668606895,,1,16.0,,238,0
2013,129,42,2,queue,treatment_wait_begins,174.34828881122837,,1,17.0,,238,0
2014,133,44,2,queue,treatment_wait_begins,186.72302338228388,,1,18.0,,238,0
2015,135,45,2,queue,treatment_wait_begins,187.08816512218607,,1,19.0,,238,0
2016,140,46,2,queue,treatment_wait_begins,192.75850263079985,,1,20.0,,238,0
2017,148,47,2,queue,treatment_wait_begins,199.5301925701257,,1,21.0,,238,0
2018,153,48,2,queue,treatment_wait_begins,205.14039082741283,,1,22.0,,238,0
2019,155,49,2,queue,treatment_wait_begins,206.54063642859495,,1,23.0,,238,0
2020,157,50,2,queue,treatment_wait_begins,208.1453173837751,,1,24.0,,238,0
2021,159,51,2,queue,treatment_wait_begins,208.9739969202831,,1,25.0,,238,0
2022,161,52,2,queue,treatment_wait_begins,210.74581448374042,,1,26.0,,238,0
2023,163,53,2,queue,treatment_wait_begins,210.85151326578935,,1,27.0,,238,0
2024,165,54,2,queue,treatment_wait_begins,211.68829524636791,,1,28.0,,238,0
2025,167,55,2,queue,treatment_wait_begins,218.2635794691037,,1,29.0,,238,0
2026,170,17,2,resource_use,treatment_begins,233.40821948692576,3.0,1,1.0,,238,0
2027,173,18,2,resource_use,treatment_begins,234.18516005122223,1.0,1,2.0,,238,0
2028,176,19,2,resource_use,treatment_begins,236.69558253423583,2.0,1,3.0,,238,0
2029,179,22,2,resource_use,treatment_begins,237.21740575373775,4.0,1,4.0,,238,0
2030,73,23,2,queue,treatment_wait_begins,112.29553792447513,,1,1.0,,240,0
2031,81,24,2,queue,treatment_wait_begins,121.48538924519744,,1,2.0,,240,0
2032,83,25,2,queue,treatment_wait_begins,127.62081856126873,,1,3.0,,240,0
2033,85,26,2,queue,treatment_wait_begins,130.89979933108373,,1,4.0,,240,0
2034,89,28,2,queue,treatment_wait_begins,135.25183130913413,,1,5.0,,240,0
2035,91,29,2,queue,treatment_wait_begins,135.6372170444124,,1,6.0,,240,0
2036,93,30,2,queue,treatment_wait_begins,136.53537831628518,,1,7.0,,240,0
2037,95,31,2,queue,treatment_wait_begins,139.96198057430644,,1,8.0,,240,0
2038,97,32,2,queue,treatment_wait_begins,141.90538175510554,,1,9.0,,240,0
2039,99,33,2,queue,treatment_wait_begins,148.22641604293108,,1,10.0,,240,0
2040,101,34,2,queue,treatment_wait_begins,151.7688691800117,,1,11.0,,240,0
2041,106,35,2,queue,treatment_wait_begins,152.9585189515018,,1,12.0,,240,0
2042,116,37,2,queue,treatment_wait_begins,158.4717443187417,,1,13.0,,240,0
2043,118,38,2,queue,treatment_wait_begins,160.19091112593068,,1,14.0,,240,0
2044,120,39,2,queue,treatment_wait_begins,161.80046723046223,,1,15.0,,240,0
2045,127,41,2,queue,treatment_wait_begins,167.67977668606895,,1,16.0,,240,0
2046,129,42,2,queue,treatment_wait_begins,174.34828881122837,,1,17.0,,240,0
2047,133,44,2,queue,treatment_wait_begins,186.72302338228388,,1,18.0,,240,0
2048,135,45,2,queue,treatment_wait_begins,187.08816512218607,,1,19.0,,240,0
2049,140,46,2,queue,treatment_wait_begins,192.75850263079985,,1,20.0,,240,0
2050,148,47,2,queue,treatment_wait_begins,199.5301925701257,,1,21.0,,240,0
2051,153,48,2,queue,treatment_wait_begins,205.14039082741283,,1,22.0,,240,0
2052,155,49,2,queue,treatment_wait_begins,206.54063642859495,,1,23.0,,240,0
2053,157,50,2,queue,treatment_wait_begins,208.1453173837751,,1,24.0,,240,0
2054,159,51,2,queue,treatment_wait_begins,208.9739969202831,,1,25.0,,240,0
2055,161,52,2,queue,treatment_wait_begins,210.74581448374042,,1,26.0,,240,0
2056,163,53,2,queue,treatment_wait_begins,210.85151326578935,,1,27.0,,240,0
2057,165,54,2,queue,treatment_wait_begins,211.68829524636791,,1,28.0,,240,0
2058,167,55,2,queue,treatment_wait_begins,218.2635794691037,,1,29.0,,240,0
2059,170,17,2,resource_use,treatment_begins,233.40821948692576,3.0,1,1.0,,240,0
2060,173,18,2,resource_use,treatment_begins,234.18516005122223,1.0,1,2.0,,240,0
2061,176,19,2,resource_use,treatment_begins,236.69558253423583,2.0,1,3.0,,240,0
2062,179,22,2,resource_use,treatment_begins,237.21740575373775,4.0,1,4.0,,240,0
2063,181,56,2,queue,treatment_wait_begins,238.24236082502787,,1,30.0,,240,0
2064,73,23,2,queue,treatment_wait_begins,112.29553792447513,,1,1.0,,242,0
2065,81,24,2,queue,treatment_wait_begins,121.48538924519744,,1,2.0,,242,0
2066,83,25,2,queue,treatment_wait_begins,127.62081856126873,,1,3.0,,242,0
2067,85,26,2,queue,treatment_wait_begins,130.89979933108373,,1,4.0,,242,0
2068,89,28,2,queue,treatment_wait_begins,135.25183130913413,,1,5.0,,242,0
2069,91,29,2,queue,treatment_wait_begins,135.6372170444124,,1,6.0,,242,0
2070,93,30,2,queue,treatment_wait_begins,136.53537831628518,,1,7.0,,242,0
2071,95,31,2,queue,treatment_wait_begins,139.96198057430644,,1,8.0,,242,0
2072,97,32,2,queue,treatment_wait_begins,141.90538175510554,,1,9.0,,242,0
2073,99,33,2,queue,treatment_wait_begins,148.22641604293108,,1,10.0,,242,0
2074,101,34,2,queue,treatment_wait_begins,151.7688691800117,,1,11.0,,242,0
2075,106,35,2,queue,treatment_wait_begins,152.9585189515018,,1,12.0,,242,0
2076,116,37,2,queue,treatment_wait_begins,158.4717443187417,,1,13.0,,242,0
2077,118,38,2,queue,treatment_wait_begins,160.19091112593068,,1,14.0,,242,0
2078,120,39,2,queue,treatment_wait_begins,161.80046723046223,,1,15.0,,242,0
2079,127,41,2,queue,treatment_wait_begins,167.67977668606895,,1,16.0,,242,0
2080,129,42,2,queue,treatment_wait_begins,174.34828881122837,,1,17.0,,242,0
2081,133,44,2,queue,treatment_wait_begins,186.72302338228388,,1,18.0,,242,0
2082,135,45,2,queue,treatment_wait_begins,187.08816512218607,,1,19.0,,242,0
2083,140,46,2,queue,treatment_wait_begins,192.75850263079985,,1,20.0,,242,0
2084,148,47,2,queue,treatment_wait_begins,199.5301925701257,,1,21.0,,242,0
2085,153,48,2,queue,treatment_wait_begins,205.14039082741283,,1,22.0,,242,0
2086,155,49,2,queue,treatment_wait_begins,206.54063642859495,,1,23.0,,242,0
2087,157,50,2,queue,treatment_wait_begins,208.1453173837751,,1,24.0,,242,0
2088,159,51,2,queue,treatment_wait_begins,208.9739969202831,,1,25.0,,242,0
2089,161,52,2,queue,treatment_wait_begins,210.74581448374042,,1,26.0,,242,0
2090,163,53,2,queue,treatment_wait_begins,210.85151326578935,,1,27.0,,242,0
2091,165,54,2,queue,treatment_wait_begins,211.68829524636791,,1,28.0,,242,0
2092,167,55,2,queue,treatment_wait_begins,218.2635794691037,,1,29.0,,242,0
2093,170,17,2,resource_use,treatment_begins,233.40821948692576,3.0,1,1.0,,242,0
2094,173,18,2,resource_use,treatment_begins,234.18516005122223,1.0,1,2.0,,242,0
2095,176,19,2,resource_use,treatment_begins,236.69558253423583,2.0,1,3.0,,242,0
2096,179,22,2,resource_use,treatment_begins,237.21740575373775,4.0,1,4.0,,242,0
2097,181,56,2,queue,treatment_wait_begins,238.24236082502787,,1,30.0,,242,0
2098,183,57,1,queue,treatment_wait_begins,241.06005128697106,,1,31.0,,242,0
2099,73,23,2,queue,treatment_wait_begins,112.29553792447513,,1,1.0,,244,0
2100,81,24,2,queue,treatment_wait_begins,121.48538924519744,,1,2.0,,244,0
2101,83,25,2,queue,treatment_wait_begins,127.62081856126873,,1,3.0,,244,0
2102,85,26,2,queue,treatment_wait_begins,130.89979933108373,,1,4.0,,244,0
2103,89,28,2,queue,treatment_wait_begins,135.25183130913413,,1,5.0,,244,0
2104,91,29,2,queue,treatment_wait_begins,135.6372170444124,,1,6.0,,244,0
2105,93,30,2,queue,treatment_wait_begins,136.53537831628518,,1,7.0,,244,0
2106,95,31,2,queue,treatment_wait_begins,139.96198057430644,,1,8.0,,244,0
2107,97,32,2,queue,treatment_wait_begins,141.90538175510554,,1,9.0,,244,0
2108,99,33,2,queue,treatment_wait_begins,148.22641604293108,,1,10.0,,244,0
2109,101,34,2,queue,treatment_wait_begins,151.7688691800117,,1,11.0,,244,0
2110,106,35,2,queue,treatment_wait_begins,152.9585189515018,,1,12.0,,244,0
2111,116,37,2,queue,treatment_wait_begins,158.4717443187417,,1,13.0,,244,0
2112,118,38,2,queue,treatment_wait_begins,160.19091112593068,,1,14.0,,244,0
2113,120,39,2,queue,treatment_wait_begins,161.80046723046223,,1,15.0,,244,0
2114,127,41,2,queue,treatment_wait_begins,167.67977668606895,,1,16.0,,244,0
2115,129,42,2,queue,treatment_wait_begins,174.34828881122837,,1,17.0,,244,0
2116,133,44,2,queue,treatment_wait_begins,186.72302338228388,,1,18.0,,244,0
2117,135,45,2,queue,treatment_wait_begins,187.08816512218607,,1,19.0,,244,0
2118,140,46,2,queue,treatment_wait_begins,192.75850263079985,,1,20.0,,244,0
2119,148,47,2,queue,treatment_wait_begins,199.5301925701257,,1,21.0,,244,0
2120,153,48,2,queue,treatment_wait_begins,205.14039082741283,,1,22.0,,244,0
2121,155,49,2,queue,treatment_wait_begins,206.54063642859495,,1,23.0,,244,0
2122,157,50,2,queue,treatment_wait_begins,208.1453173837751,,1,24.0,,244,0
2123,159,51,2,queue,treatment_wait_begins,208.9739969202831,,1,25.0,,244,0
2124,161,52,2,queue,treatment_wait_begins,210.74581448374042,,1,26.0,,244,0
2125,163,53,2,queue,treatment_wait_begins,210.85151326578935,,1,27.0,,244,0
2126,165,54,2,queue,treatment_wait_begins,211.68829524636791,,1,28.0,,244,0
2127,167,55,2,queue,treatment_wait_begins,218.2635794691037,,1,29.0,,244,0
2128,170,17,2,resource_use,treatment_begins,233.40821948692576,3.0,1,1.0,,244,0
2129,173,18,2,resource_use,treatment_begins,234.18516005122223,1.0,1,2.0,,244,0
2130,176,19,2,resource_use,treatment_begins,236.69558253423583,2.0,1,3.0,,244,0
2131,179,22,2,resource_use,treatment_begins,237.21740575373775,4.0,1,4.0,,244,0
2132,181,56,2,queue,treatment_wait_begins,238.24236082502787,,1,30.0,,244,0
2133,183,57,1,queue,treatment_wait_begins,241.06005128697106,,1,31.0,,244,0
2134,185,58,2,queue,treatment_wait_begins,242.4802497949752,,1,32.0,,244,0
2135,73,23,2,queue,treatment_wait_begins,112.29553792447513,,1,1.0,,246,0
2136,81,24,2,queue,treatment_wait_begins,121.48538924519744,,1,2.0,,246,0
2137,83,25,2,queue,treatment_wait_begins,127.62081856126873,,1,3.0,,246,0
2138,85,26,2,queue,treatment_wait_begins,130.89979933108373,,1,4.0,,246,0
2139,89,28,2,queue,treatment_wait_begins,135.25183130913413,,1,5.0,,246,0
2140,91,29,2,queue,treatment_wait_begins,135.6372170444124,,1,6.0,,246,0
2141,93,30,2,queue,treatment_wait_begins,136.53537831628518,,1,7.0,,246,0
2142,95,31,2,queue,treatment_wait_begins,139.96198057430644,,1,8.0,,246,0
2143,97,32,2,queue,treatment_wait_begins,141.90538175510554,,1,9.0,,246,0
2144,99,33,2,queue,treatment_wait_begins,148.22641604293108,,1,10.0,,246,0
2145,101,34,2,queue,treatment_wait_begins,151.7688691800117,,1,11.0,,246,0
2146,106,35,2,queue,treatment_wait_begins,152.9585189515018,,1,12.0,,246,0
2147,116,37,2,queue,treatment_wait_begins,158.4717443187417,,1,13.0,,246,0
2148,118,38,2,queue,treatment_wait_begins,160.19091112593068,,1,14.0,,246,0
2149,120,39,2,queue,treatment_wait_begins,161.80046723046223,,1,15.0,,246,0
2150,127,41,2,queue,treatment_wait_begins,167.67977668606895,,1,16.0,,246,0
2151,129,42,2,queue,treatment_wait_begins,174.34828881122837,,1,17.0,,246,0
2152,133,44,2,queue,treatment_wait_begins,186.72302338228388,,1,18.0,,246,0
2153,135,45,2,queue,treatment_wait_begins,187.08816512218607,,1,19.0,,246,0
2154,140,46,2,queue,treatment_wait_begins,192.75850263079985,,1,20.0,,246,0
2155,148,47,2,queue,treatment_wait_begins,199.5301925701257,,1,21.0,,246,0
2156,153,48,2,queue,treatment_wait_begins,205.14039082741283,,1,22.0,,246,0
2157,155,49,2,queue,treatment_wait_begins,206.54063642859495,,1,23.0,,246,0
2158,157,50,2,queue,treatment_wait_begins,208.1453173837751,,1,24.0,,246,0
2159,159,51,2,queue,treatment_wait_begins,208.9739969202831,,1,25.0,,246,0
2160,161,52,2,queue,treatment_wait_begins,210.74581448374042,,1,26.0,,246,0
2161,163,53,2,queue,treatment_wait_begins,210.85151326578935,,1,27.0,,246,0
2162,165,54,2,queue,treatment_wait_begins,211.68829524636791,,1,28.0,,246,0
2163,167,55,2,queue,treatment_wait_begins,218.2635794691037,,1,29.0,,246,0
2164,170,17,2,resource_use,treatment_begins,233.40821948692576,3.0,1,1.0,,246,0
2165,173,18,2,resource_use,treatment_begins,234.18516005122223,1.0,1,2.0,,246,0
2166,176,19,2,resource_use,treatment_begins,236.69558253423583,2.0,1,3.0,,246,0
2167,179,22,2,resource_use,treatment_begins,237.21740575373775,4.0,1,4.0,,246,0
2168,181,56,2,queue,treatment_wait_begins,238.24236082502787,,1,30.0,,246,0
2169,183,57,1,queue,treatment_wait_begins,241.06005128697106,,1,31.0,,246,0
2170,185,58,2,queue,treatment_wait_begins,242.4802497949752,,1,32.0,,246,0
2171,187,59,2,queue,treatment_wait_begins,244.4690310645114,,1,33.0,,246,0
2172,73,23,2,queue,treatment_wait_begins,112.29553792447513,,1,1.0,,248,0
2173,81,24,2,queue,treatment_wait_begins,121.48538924519744,,1,2.0,,248,0
2174,83,25,2,queue,treatment_wait_begins,127.62081856126873,,1,3.0,,248,0
2175,85,26,2,queue,treatment_wait_begins,130.89979933108373,,1,4.0,,248,0
2176,89,28,2,queue,treatment_wait_begins,135.25183130913413,,1,5.0,,248,0
2177,91,29,2,queue,treatment_wait_begins,135.6372170444124,,1,6.0,,248,0
2178,93,30,2,queue,treatment_wait_begins,136.53537831628518,,1,7.0,,248,0
2179,95,31,2,queue,treatment_wait_begins,139.96198057430644,,1,8.0,,248,0
2180,97,32,2,queue,treatment_wait_begins,141.90538175510554,,1,9.0,,248,0
2181,99,33,2,queue,treatment_wait_begins,148.22641604293108,,1,10.0,,248,0
2182,101,34,2,queue,treatment_wait_begins,151.7688691800117,,1,11.0,,248,0
2183,106,35,2,queue,treatment_wait_begins,152.9585189515018,,1,12.0,,248,0
2184,116,37,2,queue,treatment_wait_begins,158.4717443187417,,1,13.0,,248,0
2185,118,38,2,queue,treatment_wait_begins,160.19091112593068,,1,14.0,,248,0
2186,120,39,2,queue,treatment_wait_begins,161.80046723046223,,1,15.0,,248,0
2187,127,41,2,queue,treatment_wait_begins,167.67977668606895,,1,16.0,,248,0
2188,129,42,2,queue,treatment_wait_begins,174.34828881122837,,1,17.0,,248,0
2189,133,44,2,queue,treatment_wait_begins,186.72302338228388,,1,18.0,,248,0
2190,135,45,2,queue,treatment_wait_begins,187.08816512218607,,1,19.0,,248,0
2191,140,46,2,queue,treatment_wait_begins,192.75850263079985,,1,20.0,,248,0
2192,148,47,2,queue,treatment_wait_begins,199.5301925701257,,1,21.0,,248,0
2193,153,48,2,queue,treatment_wait_begins,205.14039082741283,,1,22.0,,248,0
2194,155,49,2,queue,treatment_wait_begins,206.54063642859495,,1,23.0,,248,0
2195,157,50,2,queue,treatment_wait_begins,208.1453173837751,,1,24.0,,248,0
2196,159,51,2,queue,treatment_wait_begins,208.9739969202831,,1,25.0,,248,0
2197,161,52,2,queue,treatment_wait_begins,210.74581448374042,,1,26.0,,248,0
2198,163,53,2,queue,treatment_wait_begins,210.85151326578935,,1,27.0,,248,0
2199,165,54,2,queue,treatment_wait_begins,211.68829524636791,,1,28.0,,248,0
2200,167,55,2,queue,treatment_wait_begins,218.2635794691037,,1,29.0,,248,0
2201,170,17,2,resource_use,treatment_begins,233.40821948692576,3.0,1,1.0,,248,0
2202,173,18,2,resource_use,treatment_begins,234.18516005122223,1.0,1,2.0,,248,0
2203,176,19,2,resource_use,treatment_begins,236.69558253423583,2.0,1,3.0,,248,0
2204,179,22,2,resource_use,treatment_begins,237.21740575373775,4.0,1,4.0,,248,0
2205,181,56,2,queue,treatment_wait_begins,238.24236082502787,,1,30.0,,248,0
2206,183,57,1,queue,treatment_wait_begins,241.06005128697106,,1,31.0,,248,0
2207,185,58,2,queue,treatment_wait_begins,242.4802497949752,,1,32.0,,248,0
2208,187,59,2,queue,treatment_wait_begins,244.4690310645114,,1,33.0,,248,0
2209,189,60,2,queue,treatment_wait_begins,246.27574217918595,,1,34.0,,248,0
2210,191,61,1,queue,treatment_wait_begins,246.92391019530396,,1,35.0,,248,0
2211,73,23,2,queue,treatment_wait_begins,112.29553792447513,,1,1.0,,250,0
2212,81,24,2,queue,treatment_wait_begins,121.48538924519744,,1,2.0,,250,0
2213,83,25,2,queue,treatment_wait_begins,127.62081856126873,,1,3.0,,250,0
2214,85,26,2,queue,treatment_wait_begins,130.89979933108373,,1,4.0,,250,0
2215,89,28,2,queue,treatment_wait_begins,135.25183130913413,,1,5.0,,250,0
2216,91,29,2,queue,treatment_wait_begins,135.6372170444124,,1,6.0,,250,0
2217,93,30,2,queue,treatment_wait_begins,136.53537831628518,,1,7.0,,250,0
2218,95,31,2,queue,treatment_wait_begins,139.96198057430644,,1,8.0,,250,0
2219,97,32,2,queue,treatment_wait_begins,141.90538175510554,,1,9.0,,250,0
2220,99,33,2,queue,treatment_wait_begins,148.22641604293108,,1,10.0,,250,0
2221,101,34,2,queue,treatment_wait_begins,151.7688691800117,,1,11.0,,250,0
2222,106,35,2,queue,treatment_wait_begins,152.9585189515018,,1,12.0,,250,0
2223,116,37,2,queue,treatment_wait_begins,158.4717443187417,,1,13.0,,250,0
2224,118,38,2,queue,treatment_wait_begins,160.19091112593068,,1,14.0,,250,0
2225,120,39,2,queue,treatment_wait_begins,161.80046723046223,,1,15.0,,250,0
2226,127,41,2,queue,treatment_wait_begins,167.67977668606895,,1,16.0,,250,0
2227,129,42,2,queue,treatment_wait_begins,174.34828881122837,,1,17.0,,250,0
2228,133,44,2,queue,treatment_wait_begins,186.72302338228388,,1,18.0,,250,0
2229,135,45,2,queue,treatment_wait_begins,187.08816512218607,,1,19.0,,250,0
2230,140,46,2,queue,treatment_wait_begins,192.75850263079985,,1,20.0,,250,0
2231,148,47,2,queue,treatment_wait_begins,199.5301925701257,,1,21.0,,250,0
2232,153,48,2,queue,treatment_wait_begins,205.14039082741283,,1,22.0,,250,0
2233,155,49,2,queue,treatment_wait_begins,206.54063642859495,,1,23.0,,250,0
2234,157,50,2,queue,treatment_wait_begins,208.1453173837751,,1,24.0,,250,0
2235,159,51,2,queue,treatment_wait_begins,208.9739969202831,,1,25.0,,250,0
2236,161,52,2,queue,treatment_wait_begins,210.74581448374042,,1,26.0,,250,0
2237,163,53,2,queue,treatment_wait_begins,210.85151326578935,,1,27.0,,250,0
2238,165,54,2,queue,treatment_wait_begins,211.68829524636791,,1,28.0,,250,0
2239,167,55,2,queue,treatment_wait_begins,218.2635794691037,,1,29.0,,250,0
2240,170,17,2,resource_use,treatment_begins,233.40821948692576,3.0,1,1.0,,250,0
2241,173,18,2,resource_use,treatment_begins,234.18516005122223,1.0,1,2.0,,250,0
2242,176,19,2,resource_use,treatment_begins,236.69558253423583,2.0,1,3.0,,250,0
2243,179,22,2,resource_use,treatment_begins,237.21740575373775,4.0,1,4.0,,250,0
2244,181,56,2,queue,treatment_wait_begins,238.24236082502787,,1,30.0,,250,0
2245,183,57,1,queue,treatment_wait_begins,241.06005128697106,,1,31.0,,250,0
2246,185,58,2,queue,treatment_wait_begins,242.4802497949752,,1,32.0,,250,0
2247,187,59,2,queue,treatment_wait_begins,244.4690310645114,,1,33.0,,250,0
2248,189,60,2,queue,treatment_wait_begins,246.27574217918595,,1,34.0,,250,0
2249,191,61,1,queue,treatment_wait_begins,246.92391019530396,,1,35.0,,250,0
2250,73,23,2,queue,treatment_wait_begins,112.29553792447513,,1,1.0,,252,0
2251,81,24,2,queue,treatment_wait_begins,121.48538924519744,,1,2.0,,252,0
2252,83,25,2,queue,treatment_wait_begins,127.62081856126873,,1,3.0,,252,0
2253,85,26,2,queue,treatment_wait_begins,130.89979933108373,,1,4.0,,252,0
2254,89,28,2,queue,treatment_wait_begins,135.25183130913413,,1,5.0,,252,0
2255,91,29,2,queue,treatment_wait_begins,135.6372170444124,,1,6.0,,252,0
2256,93,30,2,queue,treatment_wait_begins,136.53537831628518,,1,7.0,,252,0
2257,95,31,2,queue,treatment_wait_begins,139.96198057430644,,1,8.0,,252,0
2258,97,32,2,queue,treatment_wait_begins,141.90538175510554,,1,9.0,,252,0
2259,99,33,2,queue,treatment_wait_begins,148.22641604293108,,1,10.0,,252,0
2260,101,34,2,queue,treatment_wait_begins,151.7688691800117,,1,11.0,,252,0
2261,106,35,2,queue,treatment_wait_begins,152.9585189515018,,1,12.0,,252,0
2262,116,37,2,queue,treatment_wait_begins,158.4717443187417,,1,13.0,,252,0
2263,118,38,2,queue,treatment_wait_begins,160.19091112593068,,1,14.0,,252,0
2264,120,39,2,queue,treatment_wait_begins,161.80046723046223,,1,15.0,,252,0
2265,127,41,2,queue,treatment_wait_begins,167.67977668606895,,1,16.0,,252,0
2266,129,42,2,queue,treatment_wait_begins,174.34828881122837,,1,17.0,,252,0
2267,133,44,2,queue,treatment_wait_begins,186.72302338228388,,1,18.0,,252,0
2268,135,45,2,queue,treatment_wait_begins,187.08816512218607,,1,19.0,,252,0
2269,140,46,2,queue,treatment_wait_begins,192.75850263079985,,1,20.0,,252,0
2270,148,47,2,queue,treatment_wait_begins,199.5301925701257,,1,21.0,,252,0
2271,153,48,2,queue,treatment_wait_begins,205.14039082741283,,1,22.0,,252,0
2272,155,49,2,queue,treatment_wait_begins,206.54063642859495,,1,23.0,,252,0
2273,157,50,2,queue,treatment_wait_begins,208.1453173837751,,1,24.0,,252,0
2274,159,51,2,queue,treatment_wait_begins,208.9739969202831,,1,25.0,,252,0
2275,161,52,2,queue,treatment_wait_begins,210.74581448374042,,1,26.0,,252,0
2276,163,53,2,queue,treatment_wait_begins,210.85151326578935,,1,27.0,,252,0
2277,165,54,2,queue,treatment_wait_begins,211.68829524636791,,1,28.0,,252,0
2278,167,55,2,queue,treatment_wait_begins,218.2635794691037,,1,29.0,,252,0
2279,170,17,2,resource_use,treatment_begins,233.40821948692576,3.0,1,1.0,,252,0
2280,173,18,2,resource_use,treatment_begins,234.18516005122223,1.0,1,2.0,,252,0
2281,176,19,2,resource_use,treatment_begins,236.69558253423583,2.0,1,3.0,,252,0
2282,179,22,2,resource_use,treatment_begins,237.21740575373775,4.0,1,4.0,,252,0
2283,181,56,2,queue,treatment_wait_begins,238.24236082502787,,1,30.0,,252,0
2284,183,57,1,queue,treatment_wait_begins,241.06005128697106,,1,31.0,,252,0
2285,185,58,2,queue,treatment_wait_begins,242.4802497949752,,1,32.0,,252,0
2286,187,59,2,queue,treatment_wait_begins,244.4690310645114,,1,33.0,,252,0
2287,189,60,2,queue,treatment_wait_begins,246.27574217918595,,1,34.0,,252,0
2288,191,61,1,queue,treatment_wait_begins,246.92391019530396,,1,35.0,,252,0
2289,73,23,2,queue,treatment_wait_begins,112.29553792447513,,1,1.0,,254,0
2290,81,24,2,queue,treatment_wait_begins,121.48538924519744,,1,2.0,,254,0
2291,83,25,2,queue,treatment_wait_begins,127.62081856126873,,1,3.0,,254,0
2292,85,26,2,queue,treatment_wait_begins,130.89979933108373,,1,4.0,,254,0
2293,89,28,2,queue,treatment_wait_begins,135.25183130913413,,1,5.0,,254,0
2294,91,29,2,queue,treatment_wait_begins,135.6372170444124,,1,6.0,,254,0
2295,93,30,2,queue,treatment_wait_begins,136.53537831628518,,1,7.0,,254,0
2296,95,31,2,queue,treatment_wait_begins,139.96198057430644,,1,8.0,,254,0
2297,97,32,2,queue,treatment_wait_begins,141.90538175510554,,1,9.0,,254,0
2298,99,33,2,queue,treatment_wait_begins,148.22641604293108,,1,10.0,,254,0
2299,101,34,2,queue,treatment_wait_begins,151.7688691800117,,1,11.0,,254,0
2300,106,35,2,queue,treatment_wait_begins,152.9585189515018,,1,12.0,,254,0
2301,116,37,2,queue,treatment_wait_begins,158.4717443187417,,1,13.0,,254,0
2302,118,38,2,queue,treatment_wait_begins,160.19091112593068,,1,14.0,,254,0
2303,120,39,2,queue,treatment_wait_begins,161.80046723046223,,1,15.0,,254,0
2304,127,41,2,queue,treatment_wait_begins,167.67977668606895,,1,16.0,,254,0
2305,129,42,2,queue,treatment_wait_begins,174.34828881122837,,1,17.0,,254,0
2306,133,44,2,queue,treatment_wait_begins,186.72302338228388,,1,18.0,,254,0
2307,135,45,2,queue,treatment_wait_begins,187.08816512218607,,1,19.0,,254,0
2308,140,46,2,queue,treatment_wait_begins,192.75850263079985,,1,20.0,,254,0
2309,148,47,2,queue,treatment_wait_begins,199.5301925701257,,1,21.0,,254,0
2310,153,48,2,queue,treatment_wait_begins,205.14039082741283,,1,22.0,,254,0
2311,155,49,2,queue,treatment_wait_begins,206.54063642859495,,1,23.0,,254,0
2312,157,50,2,queue,treatment_wait_begins,208.1453173837751,,1,24.0,,254,0
2313,159,51,2,queue,treatment_wait_begins,208.9739969202831,,1,25.0,,254,0
2314,161,52,2,queue,treatment_wait_begins,210.74581448374042,,1,26.0,,254,0
2315,163,53,2,queue,treatment_wait_begins,210.85151326578935,,1,27.0,,254,0
2316,165,54,2,queue,treatment_wait_begins,211.68829524636791,,1,28.0,,254,0
2317,167,55,2,queue,treatment_wait_begins,218.2635794691037,,1,29.0,,254,0
2318,170,17,2,resource_use,treatment_begins,233.40821948692576,3.0,1,1.0,,254,0
2319,173,18,2,resource_use,treatment_begins,234.18516005122223,1.0,1,2.0,,254,0
2320,176,19,2,resource_use,treatment_begins,236.69558253423583,2.0,1,3.0,,254,0
2321,179,22,2,resource_use,treatment_begins,237.21740575373775,4.0,1,4.0,,254,0
2322,181,56,2,queue,treatment_wait_begins,238.24236082502787,,1,30.0,,254,0
2323,183,57,1,queue,treatment_wait_begins,241.06005128697106,,1,31.0,,254,0
2324,185,58,2,queue,treatment_wait_begins,242.4802497949752,,1,32.0,,254,0
2325,187,59,2,queue,treatment_wait_begins,244.4690310645114,,1,33.0,,254,0
2326,189,60,2,queue,treatment_wait_begins,246.27574217918595,,1,34.0,,254,0
2327,191,61,1,queue,treatment_wait_begins,246.92391019530396,,1,35.0,,254,0
2328,193,62,2,queue,treatment_wait_begins,252.340535869662,,1,36.0,,254,0
2329,73,23,2,queue,treatment_wait_begins,112.29553792447513,,1,1.0,,256,0
2330,81,24,2,queue,treatment_wait_begins,121.48538924519744,,1,2.0,,256,0
2331,83,25,2,queue,treatment_wait_begins,127.62081856126873,,1,3.0,,256,0
2332,85,26,2,queue,treatment_wait_begins,130.89979933108373,,1,4.0,,256,0
2333,89,28,2,queue,treatment_wait_begins,135.25183130913413,,1,5.0,,256,0
2334,91,29,2,queue,treatment_wait_begins,135.6372170444124,,1,6.0,,256,0
2335,93,30,2,queue,treatment_wait_begins,136.53537831628518,,1,7.0,,256,0
2336,95,31,2,queue,treatment_wait_begins,139.96198057430644,,1,8.0,,256,0
2337,97,32,2,queue,treatment_wait_begins,141.90538175510554,,1,9.0,,256,0
2338,99,33,2,queue,treatment_wait_begins,148.22641604293108,,1,10.0,,256,0
2339,101,34,2,queue,treatment_wait_begins,151.7688691800117,,1,11.0,,256,0
2340,106,35,2,queue,treatment_wait_begins,152.9585189515018,,1,12.0,,256,0
2341,116,37,2,queue,treatment_wait_begins,158.4717443187417,,1,13.0,,256,0
2342,118,38,2,queue,treatment_wait_begins,160.19091112593068,,1,14.0,,256,0
2343,120,39,2,queue,treatment_wait_begins,161.80046723046223,,1,15.0,,256,0
2344,127,41,2,queue,treatment_wait_begins,167.67977668606895,,1,16.0,,256,0
2345,129,42,2,queue,treatment_wait_begins,174.34828881122837,,1,17.0,,256,0
2346,133,44,2,queue,treatment_wait_begins,186.72302338228388,,1,18.0,,256,0
2347,135,45,2,queue,treatment_wait_begins,187.08816512218607,,1,19.0,,256,0
2348,140,46,2,queue,treatment_wait_begins,192.75850263079985,,1,20.0,,256,0
2349,148,47,2,queue,treatment_wait_begins,199.5301925701257,,1,21.0,,256,0
2350,153,48,2,queue,treatment_wait_begins,205.14039082741283,,1,22.0,,256,0
2351,155,49,2,queue,treatment_wait_begins,206.54063642859495,,1,23.0,,256,0
2352,157,50,2,queue,treatment_wait_begins,208.1453173837751,,1,24.0,,256,0
2353,159,51,2,queue,treatment_wait_begins,208.9739969202831,,1,25.0,,256,0
2354,161,52,2,queue,treatment_wait_begins,210.74581448374042,,1,26.0,,256,0
2355,163,53,2,queue,treatment_wait_begins,210.85151326578935,,1,27.0,,256,0
2356,165,54,2,queue,treatment_wait_begins,211.68829524636791,,1,28.0,,256,0
2357,167,55,2,queue,treatment_wait_begins,218.2635794691037,,1,29.0,,256,0
2358,170,17,2,resource_use,treatment_begins,233.40821948692576,3.0,1,1.0,,256,0
2359,173,18,2,resource_use,treatment_begins,234.18516005122223,1.0,1,2.0,,256,0
2360,176,19,2,resource_use,treatment_begins,236.69558253423583,2.0,1,3.0,,256,0
2361,179,22,2,resource_use,treatment_begins,237.21740575373775,4.0,1,4.0,,256,0
2362,181,56,2,queue,treatment_wait_begins,238.24236082502787,,1,30.0,,256,0
2363,183,57,1,queue,treatment_wait_begins,241.06005128697106,,1,31.0,,256,0
2364,185,58,2,queue,treatment_wait_begins,242.4802497949752,,1,32.0,,256,0
2365,187,59,2,queue,treatment_wait_begins,244.4690310645114,,1,33.0,,256,0
2366,189,60,2,queue,treatment_wait_begins,246.27574217918595,,1,34.0,,256,0
2367,191,61,1,queue,treatment_wait_begins,246.92391019530396,,1,35.0,,256,0
2368,193,62,2,queue,treatment_wait_begins,252.340535869662,,1,36.0,,256,0
2369,73,23,2,queue,treatment_wait_begins,112.29553792447513,,1,1.0,,258,0
2370,81,24,2,queue,treatment_wait_begins,121.48538924519744,,1,2.0,,258,0
2371,83,25,2,queue,treatment_wait_begins,127.62081856126873,,1,3.0,,258,0
2372,85,26,2,queue,treatment_wait_begins,130.89979933108373,,1,4.0,,258,0
2373,89,28,2,queue,treatment_wait_begins,135.25183130913413,,1,5.0,,258,0
2374,91,29,2,queue,treatment_wait_begins,135.6372170444124,,1,6.0,,258,0
2375,93,30,2,queue,treatment_wait_begins,136.53537831628518,,1,7.0,,258,0
2376,95,31,2,queue,treatment_wait_begins,139.96198057430644,,1,8.0,,258,0
2377,97,32,2,queue,treatment_wait_begins,141.90538175510554,,1,9.0,,258,0
2378,99,33,2,queue,treatment_wait_begins,148.22641604293108,,1,10.0,,258,0
2379,101,34,2,queue,treatment_wait_begins,151.7688691800117,,1,11.0,,258,0
2380,106,35,2,queue,treatment_wait_begins,152.9585189515018,,1,12.0,,258,0
2381,116,37,2,queue,treatment_wait_begins,158.4717443187417,,1,13.0,,258,0
2382,118,38,2,queue,treatment_wait_begins,160.19091112593068,,1,14.0,,258,0
2383,120,39,2,queue,treatment_wait_begins,161.80046723046223,,1,15.0,,258,0
2384,127,41,2,queue,treatment_wait_begins,167.67977668606895,,1,16.0,,258,0
2385,129,42,2,queue,treatment_wait_begins,174.34828881122837,,1,17.0,,258,0
2386,133,44,2,queue,treatment_wait_begins,186.72302338228388,,1,18.0,,258,0
2387,135,45,2,queue,treatment_wait_begins,187.08816512218607,,1,19.0,,258,0
2388,140,46,2,queue,treatment_wait_begins,192.75850263079985,,1,20.0,,258,0
2389,148,47,2,queue,treatment_wait_begins,199.5301925701257,,1,21.0,,258,0
2390,153,48,2,queue,treatment_wait_begins,205.14039082741283,,1,22.0,,258,0
2391,155,49,2,queue,treatment_wait_begins,206.54063642859495,,1,23.0,,258,0
2392,157,50,2,queue,treatment_wait_begins,208.1453173837751,,1,24.0,,258,0
2393,159,51,2,queue,treatment_wait_begins,208.9739969202831,,1,25.0,,258,0
2394,161,52,2,queue,treatment_wait_begins,210.74581448374042,,1,26.0,,258,0
2395,163,53,2,queue,treatment_wait_begins,210.85151326578935,,1,27.0,,258,0
2396,165,54,2,queue,treatment_wait_begins,211.68829524636791,,1,28.0,,258,0
2397,167,55,2,queue,treatment_wait_begins,218.2635794691037,,1,29.0,,258,0
2398,170,17,2,resource_use,treatment_begins,233.40821948692576,3.0,1,1.0,,258,0
2399,173,18,2,resource_use,treatment_begins,234.18516005122223,1.0,1,2.0,,258,0
2400,176,19,2,resource_use,treatment_begins,236.69558253423583,2.0,1,3.0,,258,0
2401,179,22,2,resource_use,treatment_begins,237.21740575373775,4.0,1,4.0,,258,0
2402,181,56,2,queue,treatment_wait_begins,238.24236082502787,,1,30.0,,258,0
2403,183,57,1,queue,treatment_wait_begins,241.06005128697106,,1,31.0,,258,0
2404,185,58,2,queue,treatment_wait_begins,242.4802497949752,,1,32.0,,258,0
2405,187,59,2,queue,treatment_wait_begins,244.4690310645114,,1,33.0,,258,0
2406,189,60,2,queue,treatment_wait_begins,246.27574217918595,,1,34.0,,258,0
2407,191,61,1,queue,treatment_wait_begins,246.92391019530396,,1,35.0,,258,0
2408,193,62,2,queue,treatment_wait_begins,252.340535869662,,1,36.0,,258,0
2409,73,23,2,queue,treatment_wait_begins,112.29553792447513,,1,1.0,,260,0
2410,81,24,2,queue,treatment_wait_begins,121.48538924519744,,1,2.0,,260,0
2411,83,25,2,queue,treatment_wait_begins,127.62081856126873,,1,3.0,,260,0
2412,85,26,2,queue,treatment_wait_begins,130.89979933108373,,1,4.0,,260,0
2413,89,28,2,queue,treatment_wait_begins,135.25183130913413,,1,5.0,,260,0
2414,91,29,2,queue,treatment_wait_begins,135.6372170444124,,1,6.0,,260,0
2415,93,30,2,queue,treatment_wait_begins,136.53537831628518,,1,7.0,,260,0
2416,95,31,2,queue,treatment_wait_begins,139.96198057430644,,1,8.0,,260,0
2417,97,32,2,queue,treatment_wait_begins,141.90538175510554,,1,9.0,,260,0
2418,99,33,2,queue,treatment_wait_begins,148.22641604293108,,1,10.0,,260,0
2419,101,34,2,queue,treatment_wait_begins,151.7688691800117,,1,11.0,,260,0
2420,106,35,2,queue,treatment_wait_begins,152.9585189515018,,1,12.0,,260,0
2421,116,37,2,queue,treatment_wait_begins,158.4717443187417,,1,13.0,,260,0
2422,118,38,2,queue,treatment_wait_begins,160.19091112593068,,1,14.0,,260,0
2423,120,39,2,queue,treatment_wait_begins,161.80046723046223,,1,15.0,,260,0
2424,127,41,2,queue,treatment_wait_begins,167.67977668606895,,1,16.0,,260,0
2425,129,42,2,queue,treatment_wait_begins,174.34828881122837,,1,17.0,,260,0
2426,133,44,2,queue,treatment_wait_begins,186.72302338228388,,1,18.0,,260,0
2427,135,45,2,queue,treatment_wait_begins,187.08816512218607,,1,19.0,,260,0
2428,140,46,2,queue,treatment_wait_begins,192.75850263079985,,1,20.0,,260,0
2429,148,47,2,queue,treatment_wait_begins,199.5301925701257,,1,21.0,,260,0
2430,153,48,2,queue,treatment_wait_begins,205.14039082741283,,1,22.0,,260,0
2431,155,49,2,queue,treatment_wait_begins,206.54063642859495,,1,23.0,,260,0
2432,157,50,2,queue,treatment_wait_begins,208.1453173837751,,1,24.0,,260,0
2433,159,51,2,queue,treatment_wait_begins,208.9739969202831,,1,25.0,,260,0
2434,161,52,2,queue,treatment_wait_begins,210.74581448374042,,1,26.0,,260,0
2435,163,53,2,queue,treatment_wait_begins,210.85151326578935,,1,27.0,,260,0
2436,165,54,2,queue,treatment_wait_begins,211.68829524636791,,1,28.0,,260,0
2437,167,55,2,queue,treatment_wait_begins,218.2635794691037,,1,29.0,,260,0
2438,170,17,2,resource_use,treatment_begins,233.40821948692576,3.0,1,1.0,,260,0
2439,173,18,2,resource_use,treatment_begins,234.18516005122223,1.0,1,2.0,,260,0
2440,176,19,2,resource_use,treatment_begins,236.69558253423583,2.0,1,3.0,,260,0
2441,179,22,2,resource_use,treatment_begins,237.21740575373775,4.0,1,4.0,,260,0
2442,181,56,2,queue,treatment_wait_begins,238.24236082502787,,1,30.0,,260,0
2443,183,57,1,queue,treatment_wait_begins,241.06005128697106,,1,31.0,,260,0
2444,185,58,2,queue,treatment_wait_begins,242.4802497949752,,1,32.0,,260,0
2445,187,59,2,queue,treatment_wait_begins,244.4690310645114,,1,33.0,,260,0
2446,189,60,2,queue,treatment_wait_begins,246.27574217918595,,1,34.0,,260,0
2447,191,61,1,queue,treatment_wait_begins,246.92391019530396,,1,35.0,,260,0
2448,193,62,2,queue,treatment_wait_begins,252.340535869662,,1,36.0,,260,0
2449,195,63,2,queue,treatment_wait_begins,259.21978013724924,,1,37.0,,260,0
2450,73,23,2,queue,treatment_wait_begins,112.29553792447513,,1,1.0,,262,0
2451,81,24,2,queue,treatment_wait_begins,121.48538924519744,,1,2.0,,262,0
2452,83,25,2,queue,treatment_wait_begins,127.62081856126873,,1,3.0,,262,0
2453,85,26,2,queue,treatment_wait_begins,130.89979933108373,,1,4.0,,262,0
2454,89,28,2,queue,treatment_wait_begins,135.25183130913413,,1,5.0,,262,0
2455,91,29,2,queue,treatment_wait_begins,135.6372170444124,,1,6.0,,262,0
2456,93,30,2,queue,treatment_wait_begins,136.53537831628518,,1,7.0,,262,0
2457,95,31,2,queue,treatment_wait_begins,139.96198057430644,,1,8.0,,262,0
2458,97,32,2,queue,treatment_wait_begins,141.90538175510554,,1,9.0,,262,0
2459,99,33,2,queue,treatment_wait_begins,148.22641604293108,,1,10.0,,262,0
2460,101,34,2,queue,treatment_wait_begins,151.7688691800117,,1,11.0,,262,0
2461,106,35,2,queue,treatment_wait_begins,152.9585189515018,,1,12.0,,262,0
2462,116,37,2,queue,treatment_wait_begins,158.4717443187417,,1,13.0,,262,0
2463,118,38,2,queue,treatment_wait_begins,160.19091112593068,,1,14.0,,262,0
2464,120,39,2,queue,treatment_wait_begins,161.80046723046223,,1,15.0,,262,0
2465,127,41,2,queue,treatment_wait_begins,167.67977668606895,,1,16.0,,262,0
2466,129,42,2,queue,treatment_wait_begins,174.34828881122837,,1,17.0,,262,0
2467,133,44,2,queue,treatment_wait_begins,186.72302338228388,,1,18.0,,262,0
2468,135,45,2,queue,treatment_wait_begins,187.08816512218607,,1,19.0,,262,0
2469,140,46,2,queue,treatment_wait_begins,192.75850263079985,,1,20.0,,262,0
2470,148,47,2,queue,treatment_wait_begins,199.5301925701257,,1,21.0,,262,0
2471,153,48,2,queue,treatment_wait_begins,205.14039082741283,,1,22.0,,262,0
2472,155,49,2,queue,treatment_wait_begins,206.54063642859495,,1,23.0,,262,0
2473,157,50,2,queue,treatment_wait_begins,208.1453173837751,,1,24.0,,262,0
2474,159,51,2,queue,treatment_wait_begins,208.9739969202831,,1,25.0,,262,0
2475,161,52,2,queue,treatment_wait_begins,210.74581448374042,,1,26.0,,262,0
2476,163,53,2,queue,treatment_wait_begins,210.85151326578935,,1,27.0,,262,0
2477,165,54,2,queue,treatment_wait_begins,211.68829524636791,,1,28.0,,262,0
2478,167,55,2,queue,treatment_wait_begins,218.2635794691037,,1,29.0,,262,0
2479,170,17,2,resource_use,treatment_begins,233.40821948692576,3.0,1,1.0,,262,0
2480,173,18,2,resource_use,treatment_begins,234.18516005122223,1.0,1,2.0,,262,0
2481,176,19,2,resource_use,treatment_begins,236.69558253423583,2.0,1,3.0,,262,0
2482,179,22,2,resource_use,treatment_begins,237.21740575373775,4.0,1,4.0,,262,0
2483,181,56,2,queue,treatment_wait_begins,238.24236082502787,,1,30.0,,262,0
2484,183,57,1,queue,treatment_wait_begins,241.06005128697106,,1,31.0,,262,0
2485,185,58,2,queue,treatment_wait_begins,242.4802497949752,,1,32.0,,262,0
2486,187,59,2,queue,treatment_wait_begins,244.4690310645114,,1,33.0,,262,0
2487,189,60,2,queue,treatment_wait_begins,246.27574217918595,,1,34.0,,262,0
2488,191,61,1,queue,treatment_wait_begins,246.92391019530396,,1,35.0,,262,0
2489,193,62,2,queue,treatment_wait_begins,252.340535869662,,1,36.0,,262,0
2490,195,63,2,queue,treatment_wait_begins,259.21978013724924,,1,37.0,,262,0
2491,73,23,2,queue,treatment_wait_begins,112.29553792447513,,1,1.0,,264,0
2492,81,24,2,queue,treatment_wait_begins,121.48538924519744,,1,2.0,,264,0
2493,83,25,2,queue,treatment_wait_begins,127.62081856126873,,1,3.0,,264,0
2494,85,26,2,queue,treatment_wait_begins,130.89979933108373,,1,4.0,,264,0
2495,89,28,2,queue,treatment_wait_begins,135.25183130913413,,1,5.0,,264,0
2496,91,29,2,queue,treatment_wait_begins,135.6372170444124,,1,6.0,,264,0
2497,93,30,2,queue,treatment_wait_begins,136.53537831628518,,1,7.0,,264,0
2498,95,31,2,queue,treatment_wait_begins,139.96198057430644,,1,8.0,,264,0
2499,97,32,2,queue,treatment_wait_begins,141.90538175510554,,1,9.0,,264,0
2500,99,33,2,queue,treatment_wait_begins,148.22641604293108,,1,10.0,,264,0
2501,101,34,2,queue,treatment_wait_begins,151.7688691800117,,1,11.0,,264,0
2502,106,35,2,queue,treatment_wait_begins,152.9585189515018,,1,12.0,,264,0
2503,116,37,2,queue,treatment_wait_begins,158.4717443187417,,1,13.0,,264,0
2504,118,38,2,queue,treatment_wait_begins,160.19091112593068,,1,14.0,,264,0
2505,120,39,2,queue,treatment_wait_begins,161.80046723046223,,1,15.0,,264,0
2506,127,41,2,queue,treatment_wait_begins,167.67977668606895,,1,16.0,,264,0
2507,129,42,2,queue,treatment_wait_begins,174.34828881122837,,1,17.0,,264,0
2508,133,44,2,queue,treatment_wait_begins,186.72302338228388,,1,18.0,,264,0
2509,135,45,2,queue,treatment_wait_begins,187.08816512218607,,1,19.0,,264,0
2510,140,46,2,queue,treatment_wait_begins,192.75850263079985,,1,20.0,,264,0
2511,148,47,2,queue,treatment_wait_begins,199.5301925701257,,1,21.0,,264,0
2512,153,48,2,queue,treatment_wait_begins,205.14039082741283,,1,22.0,,264,0
2513,155,49,2,queue,treatment_wait_begins,206.54063642859495,,1,23.0,,264,0
2514,157,50,2,queue,treatment_wait_begins,208.1453173837751,,1,24.0,,264,0
2515,159,51,2,queue,treatment_wait_begins,208.9739969202831,,1,25.0,,264,0
2516,161,52,2,queue,treatment_wait_begins,210.74581448374042,,1,26.0,,264,0
2517,163,53,2,queue,treatment_wait_begins,210.85151326578935,,1,27.0,,264,0
2518,165,54,2,queue,treatment_wait_begins,211.68829524636791,,1,28.0,,264,0
2519,167,55,2,queue,treatment_wait_begins,218.2635794691037,,1,29.0,,264,0
2520,170,17,2,resource_use,treatment_begins,233.40821948692576,3.0,1,1.0,,264,0
2521,173,18,2,resource_use,treatment_begins,234.18516005122223,1.0,1,2.0,,264,0
2522,176,19,2,resource_use,treatment_begins,236.69558253423583,2.0,1,3.0,,264,0
2523,179,22,2,resource_use,treatment_begins,237.21740575373775,4.0,1,4.0,,264,0
2524,181,56,2,queue,treatment_wait_begins,238.24236082502787,,1,30.0,,264,0
2525,183,57,1,queue,treatment_wait_begins,241.06005128697106,,1,31.0,,264,0
2526,185,58,2,queue,treatment_wait_begins,242.4802497949752,,1,32.0,,264,0
2527,187,59,2,queue,treatment_wait_begins,244.4690310645114,,1,33.0,,264,0
2528,189,60,2,queue,treatment_wait_begins,246.27574217918595,,1,34.0,,264,0
2529,191,61,1,queue,treatment_wait_begins,246.92391019530396,,1,35.0,,264,0
2530,193,62,2,queue,treatment_wait_begins,252.340535869662,,1,36.0,,264,0
2531,195,63,2,queue,treatment_wait_begins,259.21978013724924,,1,37.0,,264,0
2532,73,23,2,queue,treatment_wait_begins,112.29553792447513,,1,1.0,,266,0
2533,81,24,2,queue,treatment_wait_begins,121.48538924519744,,1,2.0,,266,0
2534,83,25,2,queue,treatment_wait_begins,127.62081856126873,,1,3.0,,266,0
2535,85,26,2,queue,treatment_wait_begins,130.89979933108373,,1,4.0,,266,0
2536,89,28,2,queue,treatment_wait_begins,135.25183130913413,,1,5.0,,266,0
2537,91,29,2,queue,treatment_wait_begins,135.6372170444124,,1,6.0,,266,0
2538,93,30,2,queue,treatment_wait_begins,136.53537831628518,,1,7.0,,266,0
2539,95,31,2,queue,treatment_wait_begins,139.96198057430644,,1,8.0,,266,0
2540,97,32,2,queue,treatment_wait_begins,141.90538175510554,,1,9.0,,266,0
2541,99,33,2,queue,treatment_wait_begins,148.22641604293108,,1,10.0,,266,0
2542,101,34,2,queue,treatment_wait_begins,151.7688691800117,,1,11.0,,266,0
2543,106,35,2,queue,treatment_wait_begins,152.9585189515018,,1,12.0,,266,0
2544,116,37,2,queue,treatment_wait_begins,158.4717443187417,,1,13.0,,266,0
2545,118,38,2,queue,treatment_wait_begins,160.19091112593068,,1,14.0,,266,0
2546,120,39,2,queue,treatment_wait_begins,161.80046723046223,,1,15.0,,266,0
2547,127,41,2,queue,treatment_wait_begins,167.67977668606895,,1,16.0,,266,0
2548,129,42,2,queue,treatment_wait_begins,174.34828881122837,,1,17.0,,266,0
2549,133,44,2,queue,treatment_wait_begins,186.72302338228388,,1,18.0,,266,0
2550,135,45,2,queue,treatment_wait_begins,187.08816512218607,,1,19.0,,266,0
2551,140,46,2,queue,treatment_wait_begins,192.75850263079985,,1,20.0,,266,0
2552,148,47,2,queue,treatment_wait_begins,199.5301925701257,,1,21.0,,266,0
2553,153,48,2,queue,treatment_wait_begins,205.14039082741283,,1,22.0,,266,0
2554,155,49,2,queue,treatment_wait_begins,206.54063642859495,,1,23.0,,266,0
2555,157,50,2,queue,treatment_wait_begins,208.1453173837751,,1,24.0,,266,0
2556,159,51,2,queue,treatment_wait_begins,208.9739969202831,,1,25.0,,266,0
2557,161,52,2,queue,treatment_wait_begins,210.74581448374042,,1,26.0,,266,0
2558,163,53,2,queue,treatment_wait_begins,210.85151326578935,,1,27.0,,266,0
2559,165,54,2,queue,treatment_wait_begins,211.68829524636791,,1,28.0,,266,0
2560,167,55,2,queue,treatment_wait_begins,218.2635794691037,,1,29.0,,266,0
2561,170,17,2,resource_use,treatment_begins,233.40821948692576,3.0,1,1.0,,266,0
2562,173,18,2,resource_use,treatment_begins,234.18516005122223,1.0,1,2.0,,266,0
2563,176,19,2,resource_use,treatment_begins,236.69558253423583,2.0,1,3.0,,266,0
2564,179,22,2,resource_use,treatment_begins,237.21740575373775,4.0,1,4.0,,266,0
2565,181,56,2,queue,treatment_wait_begins,238.24236082502787,,1,30.0,,266,0
2566,183,57,1,queue,treatment_wait_begins,241.06005128697106,,1,31.0,,266,0
2567,185,58,2,queue,treatment_wait_begins,242.4802497949752,,1,32.0,,266,0
2568,187,59,2,queue,treatment_wait_begins,244.4690310645114,,1,33.0,,266,0
2569,189,60,2,queue,treatment_wait_begins,246.27574217918595,,1,34.0,,266,0
2570,191,61,1,queue,treatment_wait_begins,246.92391019530396,,1,35.0,,266,0
2571,193,62,2,queue,treatment_wait_begins,252.340535869662,,1,36.0,,266,0
2572,195,63,2,queue,treatment_wait_begins,259.21978013724924,,1,37.0,,266,0
2573,73,23,2,queue,treatment_wait_begins,112.29553792447513,,1,1.0,,268,0
2574,81,24,2,queue,treatment_wait_begins,121.48538924519744,,1,2.0,,268,0
2575,83,25,2,queue,treatment_wait_begins,127.62081856126873,,1,3.0,,268,0
2576,85,26,2,queue,treatment_wait_begins,130.89979933108373,,1,4.0,,268,0
2577,89,28,2,queue,treatment_wait_begins,135.25183130913413,,1,5.0,,268,0
2578,91,29,2,queue,treatment_wait_begins,135.6372170444124,,1,6.0,,268,0
2579,93,30,2,queue,treatment_wait_begins,136.53537831628518,,1,7.0,,268,0
2580,95,31,2,queue,treatment_wait_begins,139.96198057430644,,1,8.0,,268,0
2581,97,32,2,queue,treatment_wait_begins,141.90538175510554,,1,9.0,,268,0
2582,99,33,2,queue,treatment_wait_begins,148.22641604293108,,1,10.0,,268,0
2583,101,34,2,queue,treatment_wait_begins,151.7688691800117,,1,11.0,,268,0
2584,106,35,2,queue,treatment_wait_begins,152.9585189515018,,1,12.0,,268,0
2585,116,37,2,queue,treatment_wait_begins,158.4717443187417,,1,13.0,,268,0
2586,118,38,2,queue,treatment_wait_begins,160.19091112593068,,1,14.0,,268,0
2587,120,39,2,queue,treatment_wait_begins,161.80046723046223,,1,15.0,,268,0
2588,127,41,2,queue,treatment_wait_begins,167.67977668606895,,1,16.0,,268,0
2589,129,42,2,queue,treatment_wait_begins,174.34828881122837,,1,17.0,,268,0
2590,133,44,2,queue,treatment_wait_begins,186.72302338228388,,1,18.0,,268,0
2591,135,45,2,queue,treatment_wait_begins,187.08816512218607,,1,19.0,,268,0
2592,140,46,2,queue,treatment_wait_begins,192.75850263079985,,1,20.0,,268,0
2593,148,47,2,queue,treatment_wait_begins,199.5301925701257,,1,21.0,,268,0
2594,153,48,2,queue,treatment_wait_begins,205.14039082741283,,1,22.0,,268,0
2595,155,49,2,queue,treatment_wait_begins,206.54063642859495,,1,23.0,,268,0
2596,157,50,2,queue,treatment_wait_begins,208.1453173837751,,1,24.0,,268,0
2597,159,51,2,queue,treatment_wait_begins,208.9739969202831,,1,25.0,,268,0
2598,161,52,2,queue,treatment_wait_begins,210.74581448374042,,1,26.0,,268,0
2599,163,53,2,queue,treatment_wait_begins,210.85151326578935,,1,27.0,,268,0
2600,165,54,2,queue,treatment_wait_begins,211.68829524636791,,1,28.0,,268,0
2601,167,55,2,queue,treatment_wait_begins,218.2635794691037,,1,29.0,,268,0
2602,170,17,2,resource_use,treatment_begins,233.40821948692576,3.0,1,1.0,,268,0
2603,173,18,2,resource_use,treatment_begins,234.18516005122223,1.0,1,2.0,,268,0
2604,176,19,2,resource_use,treatment_begins,236.69558253423583,2.0,1,3.0,,268,0
2605,179,22,2,resource_use,treatment_begins,237.21740575373775,4.0,1,4.0,,268,0
2606,181,56,2,queue,treatment_wait_begins,238.24236082502787,,1,30.0,,268,0
2607,183,57,1,queue,treatment_wait_begins,241.06005128697106,,1,31.0,,268,0
2608,185,58,2,queue,treatment_wait_begins,242.4802497949752,,1,32.0,,268,0
2609,187,59,2,queue,treatment_wait_begins,244.4690310645114,,1,33.0,,268,0
2610,189,60,2,queue,treatment_wait_begins,246.27574217918595,,1,34.0,,268,0
2611,191,61,1,queue,treatment_wait_begins,246.92391019530396,,1,35.0,,268,0
2612,193,62,2,queue,treatment_wait_begins,252.340535869662,,1,36.0,,268,0
2613,195,63,2,queue,treatment_wait_begins,259.21978013724924,,1,37.0,,268,0
2614,197,64,2,queue,treatment_wait_begins,266.7588257904633,,1,38.0,,268,0
2615,73,23,2,queue,treatment_wait_begins,112.29553792447513,,1,1.0,,270,0
2616,81,24,2,queue,treatment_wait_begins,121.48538924519744,,1,2.0,,270,0
2617,83,25,2,queue,treatment_wait_begins,127.62081856126873,,1,3.0,,270,0
2618,85,26,2,queue,treatment_wait_begins,130.89979933108373,,1,4.0,,270,0
2619,89,28,2,queue,treatment_wait_begins,135.25183130913413,,1,5.0,,270,0
2620,91,29,2,queue,treatment_wait_begins,135.6372170444124,,1,6.0,,270,0
2621,93,30,2,queue,treatment_wait_begins,136.53537831628518,,1,7.0,,270,0
2622,95,31,2,queue,treatment_wait_begins,139.96198057430644,,1,8.0,,270,0
2623,97,32,2,queue,treatment_wait_begins,141.90538175510554,,1,9.0,,270,0
2624,99,33,2,queue,treatment_wait_begins,148.22641604293108,,1,10.0,,270,0
2625,101,34,2,queue,treatment_wait_begins,151.7688691800117,,1,11.0,,270,0
2626,106,35,2,queue,treatment_wait_begins,152.9585189515018,,1,12.0,,270,0
2627,116,37,2,queue,treatment_wait_begins,158.4717443187417,,1,13.0,,270,0
2628,118,38,2,queue,treatment_wait_begins,160.19091112593068,,1,14.0,,270,0
2629,120,39,2,queue,treatment_wait_begins,161.80046723046223,,1,15.0,,270,0
2630,127,41,2,queue,treatment_wait_begins,167.67977668606895,,1,16.0,,270,0
2631,129,42,2,queue,treatment_wait_begins,174.34828881122837,,1,17.0,,270,0
2632,133,44,2,queue,treatment_wait_begins,186.72302338228388,,1,18.0,,270,0
2633,135,45,2,queue,treatment_wait_begins,187.08816512218607,,1,19.0,,270,0
2634,140,46,2,queue,treatment_wait_begins,192.75850263079985,,1,20.0,,270,0
2635,148,47,2,queue,treatment_wait_begins,199.5301925701257,,1,21.0,,270,0
2636,153,48,2,queue,treatment_wait_begins,205.14039082741283,,1,22.0,,270,0
2637,155,49,2,queue,treatment_wait_begins,206.54063642859495,,1,23.0,,270,0
2638,157,50,2,queue,treatment_wait_begins,208.1453173837751,,1,24.0,,270,0
2639,159,51,2,queue,treatment_wait_begins,208.9739969202831,,1,25.0,,270,0
2640,161,52,2,queue,treatment_wait_begins,210.74581448374042,,1,26.0,,270,0
2641,163,53,2,queue,treatment_wait_begins,210.85151326578935,,1,27.0,,270,0
2642,165,54,2,queue,treatment_wait_begins,211.68829524636791,,1,28.0,,270,0
2643,167,55,2,queue,treatment_wait_begins,218.2635794691037,,1,29.0,,270,0
2644,170,17,2,resource_use,treatment_begins,233.40821948692576,3.0,1,1.0,,270,0
2645,173,18,2,resource_use,treatment_begins,234.18516005122223,1.0,1,2.0,,270,0
2646,176,19,2,resource_use,treatment_begins,236.69558253423583,2.0,1,3.0,,270,0
2647,179,22,2,resource_use,treatment_begins,237.21740575373775,4.0,1,4.0,,270,0
2648,181,56,2,queue,treatment_wait_begins,238.24236082502787,,1,30.0,,270,0
2649,183,57,1,queue,treatment_wait_begins,241.06005128697106,,1,31.0,,270,0
2650,185,58,2,queue,treatment_wait_begins,242.4802497949752,,1,32.0,,270,0
2651,187,59,2,queue,treatment_wait_begins,244.4690310645114,,1,33.0,,270,0
2652,189,60,2,queue,treatment_wait_begins,246.27574217918595,,1,34.0,,270,0
2653,191,61,1,queue,treatment_wait_begins,246.92391019530396,,1,35.0,,270,0
2654,193,62,2,queue,treatment_wait_begins,252.340535869662,,1,36.0,,270,0
2655,195,63,2,queue,treatment_wait_begins,259.21978013724924,,1,37.0,,270,0
2656,197,64,2,queue,treatment_wait_begins,266.7588257904633,,1,38.0,,270,0
2657,73,23,2,queue,treatment_wait_begins,112.29553792447513,,1,1.0,,272,0
2658,81,24,2,queue,treatment_wait_begins,121.48538924519744,,1,2.0,,272,0
2659,83,25,2,queue,treatment_wait_begins,127.62081856126873,,1,3.0,,272,0
2660,85,26,2,queue,treatment_wait_begins,130.89979933108373,,1,4.0,,272,0
2661,89,28,2,queue,treatment_wait_begins,135.25183130913413,,1,5.0,,272,0
2662,91,29,2,queue,treatment_wait_begins,135.6372170444124,,1,6.0,,272,0
2663,93,30,2,queue,treatment_wait_begins,136.53537831628518,,1,7.0,,272,0
2664,95,31,2,queue,treatment_wait_begins,139.96198057430644,,1,8.0,,272,0
2665,97,32,2,queue,treatment_wait_begins,141.90538175510554,,1,9.0,,272,0
2666,99,33,2,queue,treatment_wait_begins,148.22641604293108,,1,10.0,,272,0
2667,101,34,2,queue,treatment_wait_begins,151.7688691800117,,1,11.0,,272,0
2668,106,35,2,queue,treatment_wait_begins,152.9585189515018,,1,12.0,,272,0
2669,116,37,2,queue,treatment_wait_begins,158.4717443187417,,1,13.0,,272,0
2670,118,38,2,queue,treatment_wait_begins,160.19091112593068,,1,14.0,,272,0
2671,120,39,2,queue,treatment_wait_begins,161.80046723046223,,1,15.0,,272,0
2672,127,41,2,queue,treatment_wait_begins,167.67977668606895,,1,16.0,,272,0
2673,129,42,2,queue,treatment_wait_begins,174.34828881122837,,1,17.0,,272,0
2674,133,44,2,queue,treatment_wait_begins,186.72302338228388,,1,18.0,,272,0
2675,135,45,2,queue,treatment_wait_begins,187.08816512218607,,1,19.0,,272,0
2676,140,46,2,queue,treatment_wait_begins,192.75850263079985,,1,20.0,,272,0
2677,148,47,2,queue,treatment_wait_begins,199.5301925701257,,1,21.0,,272,0
2678,153,48,2,queue,treatment_wait_begins,205.14039082741283,,1,22.0,,272,0
2679,155,49,2,queue,treatment_wait_begins,206.54063642859495,,1,23.0,,272,0
2680,157,50,2,queue,treatment_wait_begins,208.1453173837751,,1,24.0,,272,0
2681,159,51,2,queue,treatment_wait_begins,208.9739969202831,,1,25.0,,272,0
2682,161,52,2,queue,treatment_wait_begins,210.74581448374042,,1,26.0,,272,0
2683,163,53,2,queue,treatment_wait_begins,210.85151326578935,,1,27.0,,272,0
2684,165,54,2,queue,treatment_wait_begins,211.68829524636791,,1,28.0,,272,0
2685,167,55,2,queue,treatment_wait_begins,218.2635794691037,,1,29.0,,272,0
2686,170,17,2,resource_use,treatment_begins,233.40821948692576,3.0,1,1.0,,272,0
2687,173,18,2,resource_use,treatment_begins,234.18516005122223,1.0,1,2.0,,272,0
2688,176,19,2,resource_use,treatment_begins,236.69558253423583,2.0,1,3.0,,272,0
2689,179,22,2,resource_use,treatment_begins,237.21740575373775,4.0,1,4.0,,272,0
2690,181,56,2,queue,treatment_wait_begins,238.24236082502787,,1,30.0,,272,0
2691,183,57,1,queue,treatment_wait_begins,241.06005128697106,,1,31.0,,272,0
2692,185,58,2,queue,treatment_wait_begins,242.4802497949752,,1,32.0,,272,0
2693,187,59,2,queue,treatment_wait_begins,244.4690310645114,,1,33.0,,272,0
2694,189,60,2,queue,treatment_wait_begins,246.27574217918595,,1,34.0,,272,0
2695,191,61,1,queue,treatment_wait_begins,246.92391019530396,,1,35.0,,272,0
2696,193,62,2,queue,treatment_wait_begins,252.340535869662,,1,36.0,,272,0
2697,195,63,2,queue,treatment_wait_begins,259.21978013724924,,1,37.0,,272,0
2698,197,64,2,queue,treatment_wait_begins,266.7588257904633,,1,38.0,,272,0
2699,73,23,2,queue,treatment_wait_begins,112.29553792447513,,1,1.0,,274,0
2700,81,24,2,queue,treatment_wait_begins,121.48538924519744,,1,2.0,,274,0
2701,83,25,2,queue,treatment_wait_begins,127.62081856126873,,1,3.0,,274,0
2702,85,26,2,queue,treatment_wait_begins,130.89979933108373,,1,4.0,,274,0
2703,89,28,2,queue,treatment_wait_begins,135.25183130913413,,1,5.0,,274,0
2704,91,29,2,queue,treatment_wait_begins,135.6372170444124,,1,6.0,,274,0
2705,93,30,2,queue,treatment_wait_begins,136.53537831628518,,1,7.0,,274,0
2706,95,31,2,queue,treatment_wait_begins,139.96198057430644,,1,8.0,,274,0
2707,97,32,2,queue,treatment_wait_begins,141.90538175510554,,1,9.0,,274,0
2708,99,33,2,queue,treatment_wait_begins,148.22641604293108,,1,10.0,,274,0
2709,101,34,2,queue,treatment_wait_begins,151.7688691800117,,1,11.0,,274,0
2710,106,35,2,queue,treatment_wait_begins,152.9585189515018,,1,12.0,,274,0
2711,116,37,2,queue,treatment_wait_begins,158.4717443187417,,1,13.0,,274,0
2712,118,38,2,queue,treatment_wait_begins,160.19091112593068,,1,14.0,,274,0
2713,120,39,2,queue,treatment_wait_begins,161.80046723046223,,1,15.0,,274,0
2714,127,41,2,queue,treatment_wait_begins,167.67977668606895,,1,16.0,,274,0
2715,129,42,2,queue,treatment_wait_begins,174.34828881122837,,1,17.0,,274,0
2716,133,44,2,queue,treatment_wait_begins,186.72302338228388,,1,18.0,,274,0
2717,135,45,2,queue,treatment_wait_begins,187.08816512218607,,1,19.0,,274,0
2718,140,46,2,queue,treatment_wait_begins,192.75850263079985,,1,20.0,,274,0
2719,148,47,2,queue,treatment_wait_begins,199.5301925701257,,1,21.0,,274,0
2720,153,48,2,queue,treatment_wait_begins,205.14039082741283,,1,22.0,,274,0
2721,155,49,2,queue,treatment_wait_begins,206.54063642859495,,1,23.0,,274,0
2722,157,50,2,queue,treatment_wait_begins,208.1453173837751,,1,24.0,,274,0
2723,159,51,2,queue,treatment_wait_begins,208.9739969202831,,1,25.0,,274,0
2724,161,52,2,queue,treatment_wait_begins,210.74581448374042,,1,26.0,,274,0
2725,163,53,2,queue,treatment_wait_begins,210.85151326578935,,1,27.0,,274,0
2726,165,54,2,queue,treatment_wait_begins,211.68829524636791,,1,28.0,,274,0
2727,167,55,2,queue,treatment_wait_begins,218.2635794691037,,1,29.0,,274,0
2728,170,17,2,resource_use,treatment_begins,233.40821948692576,3.0,1,1.0,,274,0
2729,176,19,2,resource_use,treatment_begins,236.69558253423583,2.0,1,2.0,,274,0
2730,179,22,2,resource_use,treatment_begins,237.21740575373775,4.0,1,3.0,,274,0
2731,181,56,2,queue,treatment_wait_begins,238.24236082502787,,1,30.0,,274,0
2732,185,58,2,queue,treatment_wait_begins,242.4802497949752,,1,31.0,,274,0
2733,187,59,2,queue,treatment_wait_begins,244.4690310645114,,1,32.0,,274,0
2734,189,60,2,queue,treatment_wait_begins,246.27574217918595,,1,33.0,,274,0
2735,191,61,1,queue,treatment_wait_begins,246.92391019530396,,1,34.0,,274,0
2736,193,62,2,queue,treatment_wait_begins,252.340535869662,,1,35.0,,274,0
2737,195,63,2,queue,treatment_wait_begins,259.21978013724924,,1,36.0,,274,0
2738,197,64,2,queue,treatment_wait_begins,266.7588257904633,,1,37.0,,274,0
2739,200,57,1,resource_use,treatment_begins,273.1198644749171,1.0,1,4.0,,274,0
2740,81,24,2,queue,treatment_wait_begins,121.48538924519744,,1,1.0,,276,0
2741,83,25,2,queue,treatment_wait_begins,127.62081856126873,,1,2.0,,276,0
2742,85,26,2,queue,treatment_wait_begins,130.89979933108373,,1,3.0,,276,0
2743,89,28,2,queue,treatment_wait_begins,135.25183130913413,,1,4.0,,276,0
2744,91,29,2,queue,treatment_wait_begins,135.6372170444124,,1,5.0,,276,0
2745,93,30,2,queue,treatment_wait_begins,136.53537831628518,,1,6.0,,276,0
2746,95,31,2,queue,treatment_wait_begins,139.96198057430644,,1,7.0,,276,0
2747,97,32,2,queue,treatment_wait_begins,141.90538175510554,,1,8.0,,276,0
2748,99,33,2,queue,treatment_wait_begins,148.22641604293108,,1,9.0,,276,0
2749,101,34,2,queue,treatment_wait_begins,151.7688691800117,,1,10.0,,276,0
2750,106,35,2,queue,treatment_wait_begins,152.9585189515018,,1,11.0,,276,0
2751,116,37,2,queue,treatment_wait_begins,158.4717443187417,,1,12.0,,276,0
2752,118,38,2,queue,treatment_wait_begins,160.19091112593068,,1,13.0,,276,0
2753,120,39,2,queue,treatment_wait_begins,161.80046723046223,,1,14.0,,276,0
2754,127,41,2,queue,treatment_wait_begins,167.67977668606895,,1,15.0,,276,0
2755,129,42,2,queue,treatment_wait_begins,174.34828881122837,,1,16.0,,276,0
2756,133,44,2,queue,treatment_wait_begins,186.72302338228388,,1,17.0,,276,0
2757,135,45,2,queue,treatment_wait_begins,187.08816512218607,,1,18.0,,276,0
2758,140,46,2,queue,treatment_wait_begins,192.75850263079985,,1,19.0,,276,0
2759,148,47,2,queue,treatment_wait_begins,199.5301925701257,,1,20.0,,276,0
2760,153,48,2,queue,treatment_wait_begins,205.14039082741283,,1,21.0,,276,0
2761,155,49,2,queue,treatment_wait_begins,206.54063642859495,,1,22.0,,276,0
2762,157,50,2,queue,treatment_wait_begins,208.1453173837751,,1,23.0,,276,0
2763,159,51,2,queue,treatment_wait_begins,208.9739969202831,,1,24.0,,276,0
2764,161,52,2,queue,treatment_wait_begins,210.74581448374042,,1,25.0,,276,0
2765,163,53,2,queue,treatment_wait_begins,210.85151326578935,,1,26.0,,276,0
2766,165,54,2,queue,treatment_wait_begins,211.68829524636791,,1,27.0,,276,0
2767,167,55,2,queue,treatment_wait_begins,218.2635794691037,,1,28.0,,276,0
2768,170,17,2,resource_use,treatment_begins,233.40821948692576,3.0,1,1.0,,276,0
2769,181,56,2,queue,treatment_wait_begins,238.24236082502787,,1,29.0,,276,0
2770,185,58,2,queue,treatment_wait_begins,242.4802497949752,,1,30.0,,276,0
2771,187,59,2,queue,treatment_wait_begins,244.4690310645114,,1,31.0,,276,0
2772,189,60,2,queue,treatment_wait_begins,246.27574217918595,,1,32.0,,276,0
2773,193,62,2,queue,treatment_wait_begins,252.340535869662,,1,33.0,,276,0
2774,195,63,2,queue,treatment_wait_begins,259.21978013724924,,1,34.0,,276,0
2775,197,64,2,queue,treatment_wait_begins,266.7588257904633,,1,35.0,,276,0
2776,200,57,1,resource_use,treatment_begins,273.1198644749171,1.0,1,2.0,,276,0
2777,203,61,1,resource_use,treatment_begins,274.325287938145,2.0,1,3.0,,276,0
2778,206,23,2,resource_use,treatment_begins,275.2058178030438,4.0,1,4.0,,276,0
2779,81,24,2,queue,treatment_wait_begins,121.48538924519744,,1,1.0,,278,0
2780,83,25,2,queue,treatment_wait_begins,127.62081856126873,,1,2.0,,278,0
2781,85,26,2,queue,treatment_wait_begins,130.89979933108373,,1,3.0,,278,0
2782,89,28,2,queue,treatment_wait_begins,135.25183130913413,,1,4.0,,278,0
2783,91,29,2,queue,treatment_wait_begins,135.6372170444124,,1,5.0,,278,0
2784,93,30,2,queue,treatment_wait_begins,136.53537831628518,,1,6.0,,278,0
2785,95,31,2,queue,treatment_wait_begins,139.96198057430644,,1,7.0,,278,0
2786,97,32,2,queue,treatment_wait_begins,141.90538175510554,,1,8.0,,278,0
2787,99,33,2,queue,treatment_wait_begins,148.22641604293108,,1,9.0,,278,0
2788,101,34,2,queue,treatment_wait_begins,151.7688691800117,,1,10.0,,278,0
2789,106,35,2,queue,treatment_wait_begins,152.9585189515018,,1,11.0,,278,0
2790,116,37,2,queue,treatment_wait_begins,158.4717443187417,,1,12.0,,278,0
2791,118,38,2,queue,treatment_wait_begins,160.19091112593068,,1,13.0,,278,0
2792,120,39,2,queue,treatment_wait_begins,161.80046723046223,,1,14.0,,278,0
2793,127,41,2,queue,treatment_wait_begins,167.67977668606895,,1,15.0,,278,0
2794,129,42,2,queue,treatment_wait_begins,174.34828881122837,,1,16.0,,278,0
2795,133,44,2,queue,treatment_wait_begins,186.72302338228388,,1,17.0,,278,0
2796,135,45,2,queue,treatment_wait_begins,187.08816512218607,,1,18.0,,278,0
2797,140,46,2,queue,treatment_wait_begins,192.75850263079985,,1,19.0,,278,0
2798,148,47,2,queue,treatment_wait_begins,199.5301925701257,,1,20.0,,278,0
2799,153,48,2,queue,treatment_wait_begins,205.14039082741283,,1,21.0,,278,0
2800,155,49,2,queue,treatment_wait_begins,206.54063642859495,,1,22.0,,278,0
2801,157,50,2,queue,treatment_wait_begins,208.1453173837751,,1,23.0,,278,0
2802,159,51,2,queue,treatment_wait_begins,208.9739969202831,,1,24.0,,278,0
2803,161,52,2,queue,treatment_wait_begins,210.74581448374042,,1,25.0,,278,0
2804,163,53,2,queue,treatment_wait_begins,210.85151326578935,,1,26.0,,278,0
2805,165,54,2,queue,treatment_wait_begins,211.68829524636791,,1,27.0,,278,0
2806,167,55,2,queue,treatment_wait_begins,218.2635794691037,,1,28.0,,278,0
2807,170,17,2,resource_use,treatment_begins,233.40821948692576,3.0,1,1.0,,278,0
2808,181,56,2,queue,treatment_wait_begins,238.24236082502787,,1,29.0,,278,0
2809,185,58,2,queue,treatment_wait_begins,242.4802497949752,,1,30.0,,278,0
2810,187,59,2,queue,treatment_wait_begins,244.4690310645114,,1,31.0,,278,0
2811,189,60,2,queue,treatment_wait_begins,246.27574217918595,,1,32.0,,278,0
2812,193,62,2,queue,treatment_wait_begins,252.340535869662,,1,33.0,,278,0
2813,195,63,2,queue,treatment_wait_begins,259.21978013724924,,1,34.0,,278,0
2814,197,64,2,queue,treatment_wait_begins,266.7588257904633,,1,35.0,,278,0
2815,200,57,1,resource_use,treatment_begins,273.1198644749171,1.0,1,2.0,,278,0
2816,203,61,1,resource_use,treatment_begins,274.325287938145,2.0,1,3.0,,278,0
2817,206,23,2,resource_use,treatment_begins,275.2058178030438,4.0,1,4.0,,278,0
2818,83,25,2,queue,treatment_wait_begins,127.62081856126873,,1,1.0,,280,0
2819,85,26,2,queue,treatment_wait_begins,130.89979933108373,,1,2.0,,280,0
2820,89,28,2,queue,treatment_wait_begins,135.25183130913413,,1,3.0,,280,0
2821,91,29,2,queue,treatment_wait_begins,135.6372170444124,,1,4.0,,280,0
2822,93,30,2,queue,treatment_wait_begins,136.53537831628518,,1,5.0,,280,0
2823,95,31,2,queue,treatment_wait_begins,139.96198057430644,,1,6.0,,280,0
2824,97,32,2,queue,treatment_wait_begins,141.90538175510554,,1,7.0,,280,0
2825,99,33,2,queue,treatment_wait_begins,148.22641604293108,,1,8.0,,280,0
2826,101,34,2,queue,treatment_wait_begins,151.7688691800117,,1,9.0,,280,0
2827,106,35,2,queue,treatment_wait_begins,152.9585189515018,,1,10.0,,280,0
2828,116,37,2,queue,treatment_wait_begins,158.4717443187417,,1,11.0,,280,0
2829,118,38,2,queue,treatment_wait_begins,160.19091112593068,,1,12.0,,280,0
2830,120,39,2,queue,treatment_wait_begins,161.80046723046223,,1,13.0,,280,0
2831,127,41,2,queue,treatment_wait_begins,167.67977668606895,,1,14.0,,280,0
2832,129,42,2,queue,treatment_wait_begins,174.34828881122837,,1,15.0,,280,0
2833,133,44,2,queue,treatment_wait_begins,186.72302338228388,,1,16.0,,280,0
2834,135,45,2,queue,treatment_wait_begins,187.08816512218607,,1,17.0,,280,0
2835,140,46,2,queue,treatment_wait_begins,192.75850263079985,,1,18.0,,280,0
2836,148,47,2,queue,treatment_wait_begins,199.5301925701257,,1,19.0,,280,0
2837,153,48,2,queue,treatment_wait_begins,205.14039082741283,,1,20.0,,280,0
2838,155,49,2,queue,treatment_wait_begins,206.54063642859495,,1,21.0,,280,0
2839,157,50,2,queue,treatment_wait_begins,208.1453173837751,,1,22.0,,280,0
2840,159,51,2,queue,treatment_wait_begins,208.9739969202831,,1,23.0,,280,0
2841,161,52,2,queue,treatment_wait_begins,210.74581448374042,,1,24.0,,280,0
2842,163,53,2,queue,treatment_wait_begins,210.85151326578935,,1,25.0,,280,0
2843,165,54,2,queue,treatment_wait_begins,211.68829524636791,,1,26.0,,280,0
2844,167,55,2,queue,treatment_wait_begins,218.2635794691037,,1,27.0,,280,0
2845,181,56,2,queue,treatment_wait_begins,238.24236082502787,,1,28.0,,280,0
2846,185,58,2,queue,treatment_wait_begins,242.4802497949752,,1,29.0,,280,0
2847,187,59,2,queue,treatment_wait_begins,244.4690310645114,,1,30.0,,280,0
2848,189,60,2,queue,treatment_wait_begins,246.27574217918595,,1,31.0,,280,0
2849,193,62,2,queue,treatment_wait_begins,252.340535869662,,1,32.0,,280,0
2850,195,63,2,queue,treatment_wait_begins,259.21978013724924,,1,33.0,,280,0
2851,197,64,2,queue,treatment_wait_begins,266.7588257904633,,1,34.0,,280,0
2852,200,57,1,resource_use,treatment_begins,273.1198644749171,1.0,1,1.0,,280,0
2853,203,61,1,resource_use,treatment_begins,274.325287938145,2.0,1,2.0,,280,0
2854,206,23,2,resource_use,treatment_begins,275.2058178030438,4.0,1,3.0,,280,0
2855,209,24,2,resource_use,treatment_begins,279.6254685109471,3.0,1,4.0,,280,0
2856,83,25,2,queue,treatment_wait_begins,127.62081856126873,,1,1.0,,282,0
2857,85,26,2,queue,treatment_wait_begins,130.89979933108373,,1,2.0,,282,0
2858,89,28,2,queue,treatment_wait_begins,135.25183130913413,,1,3.0,,282,0
2859,91,29,2,queue,treatment_wait_begins,135.6372170444124,,1,4.0,,282,0
2860,93,30,2,queue,treatment_wait_begins,136.53537831628518,,1,5.0,,282,0
2861,95,31,2,queue,treatment_wait_begins,139.96198057430644,,1,6.0,,282,0
2862,97,32,2,queue,treatment_wait_begins,141.90538175510554,,1,7.0,,282,0
2863,99,33,2,queue,treatment_wait_begins,148.22641604293108,,1,8.0,,282,0
2864,101,34,2,queue,treatment_wait_begins,151.7688691800117,,1,9.0,,282,0
2865,106,35,2,queue,treatment_wait_begins,152.9585189515018,,1,10.0,,282,0
2866,116,37,2,queue,treatment_wait_begins,158.4717443187417,,1,11.0,,282,0
2867,118,38,2,queue,treatment_wait_begins,160.19091112593068,,1,12.0,,282,0
2868,120,39,2,queue,treatment_wait_begins,161.80046723046223,,1,13.0,,282,0
2869,127,41,2,queue,treatment_wait_begins,167.67977668606895,,1,14.0,,282,0
2870,129,42,2,queue,treatment_wait_begins,174.34828881122837,,1,15.0,,282,0
2871,133,44,2,queue,treatment_wait_begins,186.72302338228388,,1,16.0,,282,0
2872,135,45,2,queue,treatment_wait_begins,187.08816512218607,,1,17.0,,282,0
2873,140,46,2,queue,treatment_wait_begins,192.75850263079985,,1,18.0,,282,0
2874,148,47,2,queue,treatment_wait_begins,199.5301925701257,,1,19.0,,282,0
2875,153,48,2,queue,treatment_wait_begins,205.14039082741283,,1,20.0,,282,0
2876,155,49,2,queue,treatment_wait_begins,206.54063642859495,,1,21.0,,282,0
2877,157,50,2,queue,treatment_wait_begins,208.1453173837751,,1,22.0,,282,0
2878,159,51,2,queue,treatment_wait_begins,208.9739969202831,,1,23.0,,282,0
2879,161,52,2,queue,treatment_wait_begins,210.74581448374042,,1,24.0,,282,0
2880,163,53,2,queue,treatment_wait_begins,210.85151326578935,,1,25.0,,282,0
2881,165,54,2,queue,treatment_wait_begins,211.68829524636791,,1,26.0,,282,0
2882,167,55,2,queue,treatment_wait_begins,218.2635794691037,,1,27.0,,282,0
2883,181,56,2,queue,treatment_wait_begins,238.24236082502787,,1,28.0,,282,0
2884,185,58,2,queue,treatment_wait_begins,242.4802497949752,,1,29.0,,282,0
2885,187,59,2,queue,treatment_wait_begins,244.4690310645114,,1,30.0,,282,0
2886,189,60,2,queue,treatment_wait_begins,246.27574217918595,,1,31.0,,282,0
2887,193,62,2,queue,treatment_wait_begins,252.340535869662,,1,32.0,,282,0
2888,195,63,2,queue,treatment_wait_begins,259.21978013724924,,1,33.0,,282,0
2889,197,64,2,queue,treatment_wait_begins,266.7588257904633,,1,34.0,,282,0
2890,200,57,1,resource_use,treatment_begins,273.1198644749171,1.0,1,1.0,,282,0
2891,203,61,1,resource_use,treatment_begins,274.325287938145,2.0,1,2.0,,282,0
2892,206,23,2,resource_use,treatment_begins,275.2058178030438,4.0,1,3.0,,282,0
2893,209,24,2,resource_use,treatment_begins,279.6254685109471,3.0,1,4.0,,282,0
2894,83,25,2,queue,treatment_wait_begins,127.62081856126873,,1,1.0,,284,0
2895,85,26,2,queue,treatment_wait_begins,130.89979933108373,,1,2.0,,284,0
2896,89,28,2,queue,treatment_wait_begins,135.25183130913413,,1,3.0,,284,0
2897,91,29,2,queue,treatment_wait_begins,135.6372170444124,,1,4.0,,284,0
2898,93,30,2,queue,treatment_wait_begins,136.53537831628518,,1,5.0,,284,0
2899,95,31,2,queue,treatment_wait_begins,139.96198057430644,,1,6.0,,284,0
2900,97,32,2,queue,treatment_wait_begins,141.90538175510554,,1,7.0,,284,0
2901,99,33,2,queue,treatment_wait_begins,148.22641604293108,,1,8.0,,284,0
2902,101,34,2,queue,treatment_wait_begins,151.7688691800117,,1,9.0,,284,0
2903,106,35,2,queue,treatment_wait_begins,152.9585189515018,,1,10.0,,284,0
2904,116,37,2,queue,treatment_wait_begins,158.4717443187417,,1,11.0,,284,0
2905,118,38,2,queue,treatment_wait_begins,160.19091112593068,,1,12.0,,284,0
2906,120,39,2,queue,treatment_wait_begins,161.80046723046223,,1,13.0,,284,0
2907,127,41,2,queue,treatment_wait_begins,167.67977668606895,,1,14.0,,284,0
2908,129,42,2,queue,treatment_wait_begins,174.34828881122837,,1,15.0,,284,0
2909,133,44,2,queue,treatment_wait_begins,186.72302338228388,,1,16.0,,284,0
2910,135,45,2,queue,treatment_wait_begins,187.08816512218607,,1,17.0,,284,0
2911,140,46,2,queue,treatment_wait_begins,192.75850263079985,,1,18.0,,284,0
2912,148,47,2,queue,treatment_wait_begins,199.5301925701257,,1,19.0,,284,0
2913,153,48,2,queue,treatment_wait_begins,205.14039082741283,,1,20.0,,284,0
2914,155,49,2,queue,treatment_wait_begins,206.54063642859495,,1,21.0,,284,0
2915,157,50,2,queue,treatment_wait_begins,208.1453173837751,,1,22.0,,284,0
2916,159,51,2,queue,treatment_wait_begins,208.9739969202831,,1,23.0,,284,0
2917,161,52,2,queue,treatment_wait_begins,210.74581448374042,,1,24.0,,284,0
2918,163,53,2,queue,treatment_wait_begins,210.85151326578935,,1,25.0,,284,0
2919,165,54,2,queue,treatment_wait_begins,211.68829524636791,,1,26.0,,284,0
2920,167,55,2,queue,treatment_wait_begins,218.2635794691037,,1,27.0,,284,0
2921,181,56,2,queue,treatment_wait_begins,238.24236082502787,,1,28.0,,284,0
2922,185,58,2,queue,treatment_wait_begins,242.4802497949752,,1,29.0,,284,0
2923,187,59,2,queue,treatment_wait_begins,244.4690310645114,,1,30.0,,284,0
2924,189,60,2,queue,treatment_wait_begins,246.27574217918595,,1,31.0,,284,0
2925,193,62,2,queue,treatment_wait_begins,252.340535869662,,1,32.0,,284,0
2926,195,63,2,queue,treatment_wait_begins,259.21978013724924,,1,33.0,,284,0
2927,197,64,2,queue,treatment_wait_begins,266.7588257904633,,1,34.0,,284,0
2928,200,57,1,resource_use,treatment_begins,273.1198644749171,1.0,1,1.0,,284,0
2929,203,61,1,resource_use,treatment_begins,274.325287938145,2.0,1,2.0,,284,0
2930,206,23,2,resource_use,treatment_begins,275.2058178030438,4.0,1,3.0,,284,0
2931,209,24,2,resource_use,treatment_begins,279.6254685109471,3.0,1,4.0,,284,0
2932,83,25,2,queue,treatment_wait_begins,127.62081856126873,,1,1.0,,286,0
2933,85,26,2,queue,treatment_wait_begins,130.89979933108373,,1,2.0,,286,0
2934,89,28,2,queue,treatment_wait_begins,135.25183130913413,,1,3.0,,286,0
2935,91,29,2,queue,treatment_wait_begins,135.6372170444124,,1,4.0,,286,0
2936,93,30,2,queue,treatment_wait_begins,136.53537831628518,,1,5.0,,286,0
2937,95,31,2,queue,treatment_wait_begins,139.96198057430644,,1,6.0,,286,0
2938,97,32,2,queue,treatment_wait_begins,141.90538175510554,,1,7.0,,286,0
2939,99,33,2,queue,treatment_wait_begins,148.22641604293108,,1,8.0,,286,0
2940,101,34,2,queue,treatment_wait_begins,151.7688691800117,,1,9.0,,286,0
2941,106,35,2,queue,treatment_wait_begins,152.9585189515018,,1,10.0,,286,0
2942,116,37,2,queue,treatment_wait_begins,158.4717443187417,,1,11.0,,286,0
2943,118,38,2,queue,treatment_wait_begins,160.19091112593068,,1,12.0,,286,0
2944,120,39,2,queue,treatment_wait_begins,161.80046723046223,,1,13.0,,286,0
2945,127,41,2,queue,treatment_wait_begins,167.67977668606895,,1,14.0,,286,0
2946,129,42,2,queue,treatment_wait_begins,174.34828881122837,,1,15.0,,286,0
2947,133,44,2,queue,treatment_wait_begins,186.72302338228388,,1,16.0,,286,0
2948,135,45,2,queue,treatment_wait_begins,187.08816512218607,,1,17.0,,286,0
2949,140,46,2,queue,treatment_wait_begins,192.75850263079985,,1,18.0,,286,0
2950,148,47,2,queue,treatment_wait_begins,199.5301925701257,,1,19.0,,286,0
2951,153,48,2,queue,treatment_wait_begins,205.14039082741283,,1,20.0,,286,0
2952,155,49,2,queue,treatment_wait_begins,206.54063642859495,,1,21.0,,286,0
2953,157,50,2,queue,treatment_wait_begins,208.1453173837751,,1,22.0,,286,0
2954,159,51,2,queue,treatment_wait_begins,208.9739969202831,,1,23.0,,286,0
2955,161,52,2,queue,treatment_wait_begins,210.74581448374042,,1,24.0,,286,0
2956,163,53,2,queue,treatment_wait_begins,210.85151326578935,,1,25.0,,286,0
2957,165,54,2,queue,treatment_wait_begins,211.68829524636791,,1,26.0,,286,0
2958,167,55,2,queue,treatment_wait_begins,218.2635794691037,,1,27.0,,286,0
2959,181,56,2,queue,treatment_wait_begins,238.24236082502787,,1,28.0,,286,0
2960,185,58,2,queue,treatment_wait_begins,242.4802497949752,,1,29.0,,286,0
2961,187,59,2,queue,treatment_wait_begins,244.4690310645114,,1,30.0,,286,0
2962,189,60,2,queue,treatment_wait_begins,246.27574217918595,,1,31.0,,286,0
2963,193,62,2,queue,treatment_wait_begins,252.340535869662,,1,32.0,,286,0
2964,195,63,2,queue,treatment_wait_begins,259.21978013724924,,1,33.0,,286,0
2965,197,64,2,queue,treatment_wait_begins,266.7588257904633,,1,34.0,,286,0
2966,200,57,1,resource_use,treatment_begins,273.1198644749171,1.0,1,1.0,,286,0
2967,203,61,1,resource_use,treatment_begins,274.325287938145,2.0,1,2.0,,286,0
2968,206,23,2,resource_use,treatment_begins,275.2058178030438,4.0,1,3.0,,286,0
2969,209,24,2,resource_use,treatment_begins,279.6254685109471,3.0,1,4.0,,286,0
2970,83,25,2,queue,treatment_wait_begins,127.62081856126873,,1,1.0,,288,0
2971,85,26,2,queue,treatment_wait_begins,130.89979933108373,,1,2.0,,288,0
2972,89,28,2,queue,treatment_wait_begins,135.25183130913413,,1,3.0,,288,0
2973,91,29,2,queue,treatment_wait_begins,135.6372170444124,,1,4.0,,288,0
2974,93,30,2,queue,treatment_wait_begins,136.53537831628518,,1,5.0,,288,0
2975,95,31,2,queue,treatment_wait_begins,139.96198057430644,,1,6.0,,288,0
2976,97,32,2,queue,treatment_wait_begins,141.90538175510554,,1,7.0,,288,0
2977,99,33,2,queue,treatment_wait_begins,148.22641604293108,,1,8.0,,288,0
2978,101,34,2,queue,treatment_wait_begins,151.7688691800117,,1,9.0,,288,0
2979,106,35,2,queue,treatment_wait_begins,152.9585189515018,,1,10.0,,288,0
2980,116,37,2,queue,treatment_wait_begins,158.4717443187417,,1,11.0,,288,0
2981,118,38,2,queue,treatment_wait_begins,160.19091112593068,,1,12.0,,288,0
2982,120,39,2,queue,treatment_wait_begins,161.80046723046223,,1,13.0,,288,0
2983,127,41,2,queue,treatment_wait_begins,167.67977668606895,,1,14.0,,288,0
2984,129,42,2,queue,treatment_wait_begins,174.34828881122837,,1,15.0,,288,0
2985,133,44,2,queue,treatment_wait_begins,186.72302338228388,,1,16.0,,288,0
2986,135,45,2,queue,treatment_wait_begins,187.08816512218607,,1,17.0,,288,0
2987,140,46,2,queue,treatment_wait_begins,192.75850263079985,,1,18.0,,288,0
2988,148,47,2,queue,treatment_wait_begins,199.5301925701257,,1,19.0,,288,0
2989,153,48,2,queue,treatment_wait_begins,205.14039082741283,,1,20.0,,288,0
2990,155,49,2,queue,treatment_wait_begins,206.54063642859495,,1,21.0,,288,0
2991,157,50,2,queue,treatment_wait_begins,208.1453173837751,,1,22.0,,288,0
2992,159,51,2,queue,treatment_wait_begins,208.9739969202831,,1,23.0,,288,0
2993,161,52,2,queue,treatment_wait_begins,210.74581448374042,,1,24.0,,288,0
2994,163,53,2,queue,treatment_wait_begins,210.85151326578935,,1,25.0,,288,0
2995,165,54,2,queue,treatment_wait_begins,211.68829524636791,,1,26.0,,288,0
2996,167,55,2,queue,treatment_wait_begins,218.2635794691037,,1,27.0,,288,0
2997,181,56,2,queue,treatment_wait_begins,238.24236082502787,,1,28.0,,288,0
2998,185,58,2,queue,treatment_wait_begins,242.4802497949752,,1,29.0,,288,0
2999,187,59,2,queue,treatment_wait_begins,244.4690310645114,,1,30.0,,288,0
3000,189,60,2,queue,treatment_wait_begins,246.27574217918595,,1,31.0,,288,0
3001,193,62,2,queue,treatment_wait_begins,252.340535869662,,1,32.0,,288,0
3002,195,63,2,queue,treatment_wait_begins,259.21978013724924,,1,33.0,,288,0
3003,197,64,2,queue,treatment_wait_begins,266.7588257904633,,1,34.0,,288,0
3004,200,57,1,resource_use,treatment_begins,273.1198644749171,1.0,1,1.0,,288,0
3005,203,61,1,resource_use,treatment_begins,274.325287938145,2.0,1,2.0,,288,0
3006,206,23,2,resource_use,treatment_begins,275.2058178030438,4.0,1,3.0,,288,0
3007,209,24,2,resource_use,treatment_begins,279.6254685109471,3.0,1,4.0,,288,0
3008,83,25,2,queue,treatment_wait_begins,127.62081856126873,,1,1.0,,290,0
3009,85,26,2,queue,treatment_wait_begins,130.89979933108373,,1,2.0,,290,0
3010,89,28,2,queue,treatment_wait_begins,135.25183130913413,,1,3.0,,290,0
3011,91,29,2,queue,treatment_wait_begins,135.6372170444124,,1,4.0,,290,0
3012,93,30,2,queue,treatment_wait_begins,136.53537831628518,,1,5.0,,290,0
3013,95,31,2,queue,treatment_wait_begins,139.96198057430644,,1,6.0,,290,0
3014,97,32,2,queue,treatment_wait_begins,141.90538175510554,,1,7.0,,290,0
3015,99,33,2,queue,treatment_wait_begins,148.22641604293108,,1,8.0,,290,0
3016,101,34,2,queue,treatment_wait_begins,151.7688691800117,,1,9.0,,290,0
3017,106,35,2,queue,treatment_wait_begins,152.9585189515018,,1,10.0,,290,0
3018,116,37,2,queue,treatment_wait_begins,158.4717443187417,,1,11.0,,290,0
3019,118,38,2,queue,treatment_wait_begins,160.19091112593068,,1,12.0,,290,0
3020,120,39,2,queue,treatment_wait_begins,161.80046723046223,,1,13.0,,290,0
3021,127,41,2,queue,treatment_wait_begins,167.67977668606895,,1,14.0,,290,0
3022,129,42,2,queue,treatment_wait_begins,174.34828881122837,,1,15.0,,290,0
3023,133,44,2,queue,treatment_wait_begins,186.72302338228388,,1,16.0,,290,0
3024,135,45,2,queue,treatment_wait_begins,187.08816512218607,,1,17.0,,290,0
3025,140,46,2,queue,treatment_wait_begins,192.75850263079985,,1,18.0,,290,0
3026,148,47,2,queue,treatment_wait_begins,199.5301925701257,,1,19.0,,290,0
3027,153,48,2,queue,treatment_wait_begins,205.14039082741283,,1,20.0,,290,0
3028,155,49,2,queue,treatment_wait_begins,206.54063642859495,,1,21.0,,290,0
3029,157,50,2,queue,treatment_wait_begins,208.1453173837751,,1,22.0,,290,0
3030,159,51,2,queue,treatment_wait_begins,208.9739969202831,,1,23.0,,290,0
3031,161,52,2,queue,treatment_wait_begins,210.74581448374042,,1,24.0,,290,0
3032,163,53,2,queue,treatment_wait_begins,210.85151326578935,,1,25.0,,290,0
3033,165,54,2,queue,treatment_wait_begins,211.68829524636791,,1,26.0,,290,0
3034,167,55,2,queue,treatment_wait_begins,218.2635794691037,,1,27.0,,290,0
3035,181,56,2,queue,treatment_wait_begins,238.24236082502787,,1,28.0,,290,0
3036,185,58,2,queue,treatment_wait_begins,242.4802497949752,,1,29.0,,290,0
3037,187,59,2,queue,treatment_wait_begins,244.4690310645114,,1,30.0,,290,0
3038,189,60,2,queue,treatment_wait_begins,246.27574217918595,,1,31.0,,290,0
3039,193,62,2,queue,treatment_wait_begins,252.340535869662,,1,32.0,,290,0
3040,195,63,2,queue,treatment_wait_begins,259.21978013724924,,1,33.0,,290,0
3041,197,64,2,queue,treatment_wait_begins,266.7588257904633,,1,34.0,,290,0
3042,200,57,1,resource_use,treatment_begins,273.1198644749171,1.0,1,1.0,,290,0
3043,203,61,1,resource_use,treatment_begins,274.325287938145,2.0,1,2.0,,290,0
3044,206,23,2,resource_use,treatment_begins,275.2058178030438,4.0,1,3.0,,290,0
3045,209,24,2,resource_use,treatment_begins,279.6254685109471,3.0,1,4.0,,290,0
3046,83,25,2,queue,treatment_wait_begins,127.62081856126873,,1,1.0,,292,0
3047,85,26,2,queue,treatment_wait_begins,130.89979933108373,,1,2.0,,292,0
3048,89,28,2,queue,treatment_wait_begins,135.25183130913413,,1,3.0,,292,0
3049,91,29,2,queue,treatment_wait_begins,135.6372170444124,,1,4.0,,292,0
3050,93,30,2,queue,treatment_wait_begins,136.53537831628518,,1,5.0,,292,0
3051,95,31,2,queue,treatment_wait_begins,139.96198057430644,,1,6.0,,292,0
3052,97,32,2,queue,treatment_wait_begins,141.90538175510554,,1,7.0,,292,0
3053,99,33,2,queue,treatment_wait_begins,148.22641604293108,,1,8.0,,292,0
3054,101,34,2,queue,treatment_wait_begins,151.7688691800117,,1,9.0,,292,0
3055,106,35,2,queue,treatment_wait_begins,152.9585189515018,,1,10.0,,292,0
3056,116,37,2,queue,treatment_wait_begins,158.4717443187417,,1,11.0,,292,0
3057,118,38,2,queue,treatment_wait_begins,160.19091112593068,,1,12.0,,292,0
3058,120,39,2,queue,treatment_wait_begins,161.80046723046223,,1,13.0,,292,0
3059,127,41,2,queue,treatment_wait_begins,167.67977668606895,,1,14.0,,292,0
3060,129,42,2,queue,treatment_wait_begins,174.34828881122837,,1,15.0,,292,0
3061,133,44,2,queue,treatment_wait_begins,186.72302338228388,,1,16.0,,292,0
3062,135,45,2,queue,treatment_wait_begins,187.08816512218607,,1,17.0,,292,0
3063,140,46,2,queue,treatment_wait_begins,192.75850263079985,,1,18.0,,292,0
3064,148,47,2,queue,treatment_wait_begins,199.5301925701257,,1,19.0,,292,0
3065,153,48,2,queue,treatment_wait_begins,205.14039082741283,,1,20.0,,292,0
3066,155,49,2,queue,treatment_wait_begins,206.54063642859495,,1,21.0,,292,0
3067,157,50,2,queue,treatment_wait_begins,208.1453173837751,,1,22.0,,292,0
3068,159,51,2,queue,treatment_wait_begins,208.9739969202831,,1,23.0,,292,0
3069,161,52,2,queue,treatment_wait_begins,210.74581448374042,,1,24.0,,292,0
3070,163,53,2,queue,treatment_wait_begins,210.85151326578935,,1,25.0,,292,0
3071,165,54,2,queue,treatment_wait_begins,211.68829524636791,,1,26.0,,292,0
3072,167,55,2,queue,treatment_wait_begins,218.2635794691037,,1,27.0,,292,0
3073,181,56,2,queue,treatment_wait_begins,238.24236082502787,,1,28.0,,292,0
3074,185,58,2,queue,treatment_wait_begins,242.4802497949752,,1,29.0,,292,0
3075,187,59,2,queue,treatment_wait_begins,244.4690310645114,,1,30.0,,292,0
3076,189,60,2,queue,treatment_wait_begins,246.27574217918595,,1,31.0,,292,0
3077,193,62,2,queue,treatment_wait_begins,252.340535869662,,1,32.0,,292,0
3078,195,63,2,queue,treatment_wait_begins,259.21978013724924,,1,33.0,,292,0
3079,197,64,2,queue,treatment_wait_begins,266.7588257904633,,1,34.0,,292,0
3080,200,57,1,resource_use,treatment_begins,273.1198644749171,1.0,1,1.0,,292,0
3081,203,61,1,resource_use,treatment_begins,274.325287938145,2.0,1,2.0,,292,0
3082,206,23,2,resource_use,treatment_begins,275.2058178030438,4.0,1,3.0,,292,0
3083,209,24,2,resource_use,treatment_begins,279.6254685109471,3.0,1,4.0,,292,0
3084,83,25,2,queue,treatment_wait_begins,127.62081856126873,,1,1.0,,294,0
3085,85,26,2,queue,treatment_wait_begins,130.89979933108373,,1,2.0,,294,0
3086,89,28,2,queue,treatment_wait_begins,135.25183130913413,,1,3.0,,294,0
3087,91,29,2,queue,treatment_wait_begins,135.6372170444124,,1,4.0,,294,0
3088,93,30,2,queue,treatment_wait_begins,136.53537831628518,,1,5.0,,294,0
3089,95,31,2,queue,treatment_wait_begins,139.96198057430644,,1,6.0,,294,0
3090,97,32,2,queue,treatment_wait_begins,141.90538175510554,,1,7.0,,294,0
3091,99,33,2,queue,treatment_wait_begins,148.22641604293108,,1,8.0,,294,0
3092,101,34,2,queue,treatment_wait_begins,151.7688691800117,,1,9.0,,294,0
3093,106,35,2,queue,treatment_wait_begins,152.9585189515018,,1,10.0,,294,0
3094,116,37,2,queue,treatment_wait_begins,158.4717443187417,,1,11.0,,294,0
3095,118,38,2,queue,treatment_wait_begins,160.19091112593068,,1,12.0,,294,0
3096,120,39,2,queue,treatment_wait_begins,161.80046723046223,,1,13.0,,294,0
3097,127,41,2,queue,treatment_wait_begins,167.67977668606895,,1,14.0,,294,0
3098,129,42,2,queue,treatment_wait_begins,174.34828881122837,,1,15.0,,294,0
3099,133,44,2,queue,treatment_wait_begins,186.72302338228388,,1,16.0,,294,0
3100,135,45,2,queue,treatment_wait_begins,187.08816512218607,,1,17.0,,294,0
3101,140,46,2,queue,treatment_wait_begins,192.75850263079985,,1,18.0,,294,0
3102,148,47,2,queue,treatment_wait_begins,199.5301925701257,,1,19.0,,294,0
3103,153,48,2,queue,treatment_wait_begins,205.14039082741283,,1,20.0,,294,0
3104,155,49,2,queue,treatment_wait_begins,206.54063642859495,,1,21.0,,294,0
3105,157,50,2,queue,treatment_wait_begins,208.1453173837751,,1,22.0,,294,0
3106,159,51,2,queue,treatment_wait_begins,208.9739969202831,,1,23.0,,294,0
3107,161,52,2,queue,treatment_wait_begins,210.74581448374042,,1,24.0,,294,0
3108,163,53,2,queue,treatment_wait_begins,210.85151326578935,,1,25.0,,294,0
3109,165,54,2,queue,treatment_wait_begins,211.68829524636791,,1,26.0,,294,0
3110,167,55,2,queue,treatment_wait_begins,218.2635794691037,,1,27.0,,294,0
3111,181,56,2,queue,treatment_wait_begins,238.24236082502787,,1,28.0,,294,0
3112,185,58,2,queue,treatment_wait_begins,242.4802497949752,,1,29.0,,294,0
3113,187,59,2,queue,treatment_wait_begins,244.4690310645114,,1,30.0,,294,0
3114,189,60,2,queue,treatment_wait_begins,246.27574217918595,,1,31.0,,294,0
3115,193,62,2,queue,treatment_wait_begins,252.340535869662,,1,32.0,,294,0
3116,195,63,2,queue,treatment_wait_begins,259.21978013724924,,1,33.0,,294,0
3117,197,64,2,queue,treatment_wait_begins,266.7588257904633,,1,34.0,,294,0
3118,200,57,1,resource_use,treatment_begins,273.1198644749171,1.0,1,1.0,,294,0
3119,203,61,1,resource_use,treatment_begins,274.325287938145,2.0,1,2.0,,294,0
3120,206,23,2,resource_use,treatment_begins,275.2058178030438,4.0,1,3.0,,294,0
3121,209,24,2,resource_use,treatment_begins,279.6254685109471,3.0,1,4.0,,294,0
3122,211,65,2,queue,treatment_wait_begins,293.3082397692622,,1,35.0,,294,0
3123,83,25,2,queue,treatment_wait_begins,127.62081856126873,,1,1.0,,296,0
3124,85,26,2,queue,treatment_wait_begins,130.89979933108373,,1,2.0,,296,0
3125,89,28,2,queue,treatment_wait_begins,135.25183130913413,,1,3.0,,296,0
3126,91,29,2,queue,treatment_wait_begins,135.6372170444124,,1,4.0,,296,0
3127,93,30,2,queue,treatment_wait_begins,136.53537831628518,,1,5.0,,296,0
3128,95,31,2,queue,treatment_wait_begins,139.96198057430644,,1,6.0,,296,0
3129,97,32,2,queue,treatment_wait_begins,141.90538175510554,,1,7.0,,296,0
3130,99,33,2,queue,treatment_wait_begins,148.22641604293108,,1,8.0,,296,0
3131,101,34,2,queue,treatment_wait_begins,151.7688691800117,,1,9.0,,296,0
3132,106,35,2,queue,treatment_wait_begins,152.9585189515018,,1,10.0,,296,0
3133,116,37,2,queue,treatment_wait_begins,158.4717443187417,,1,11.0,,296,0
3134,118,38,2,queue,treatment_wait_begins,160.19091112593068,,1,12.0,,296,0
3135,120,39,2,queue,treatment_wait_begins,161.80046723046223,,1,13.0,,296,0
3136,127,41,2,queue,treatment_wait_begins,167.67977668606895,,1,14.0,,296,0
3137,129,42,2,queue,treatment_wait_begins,174.34828881122837,,1,15.0,,296,0
3138,133,44,2,queue,treatment_wait_begins,186.72302338228388,,1,16.0,,296,0
3139,135,45,2,queue,treatment_wait_begins,187.08816512218607,,1,17.0,,296,0
3140,140,46,2,queue,treatment_wait_begins,192.75850263079985,,1,18.0,,296,0
3141,148,47,2,queue,treatment_wait_begins,199.5301925701257,,1,19.0,,296,0
3142,153,48,2,queue,treatment_wait_begins,205.14039082741283,,1,20.0,,296,0
3143,155,49,2,queue,treatment_wait_begins,206.54063642859495,,1,21.0,,296,0
3144,157,50,2,queue,treatment_wait_begins,208.1453173837751,,1,22.0,,296,0
3145,159,51,2,queue,treatment_wait_begins,208.9739969202831,,1,23.0,,296,0
3146,161,52,2,queue,treatment_wait_begins,210.74581448374042,,1,24.0,,296,0
3147,163,53,2,queue,treatment_wait_begins,210.85151326578935,,1,25.0,,296,0
3148,165,54,2,queue,treatment_wait_begins,211.68829524636791,,1,26.0,,296,0
3149,167,55,2,queue,treatment_wait_begins,218.2635794691037,,1,27.0,,296,0
3150,181,56,2,queue,treatment_wait_begins,238.24236082502787,,1,28.0,,296,0
3151,185,58,2,queue,treatment_wait_begins,242.4802497949752,,1,29.0,,296,0
3152,187,59,2,queue,treatment_wait_begins,244.4690310645114,,1,30.0,,296,0
3153,189,60,2,queue,treatment_wait_begins,246.27574217918595,,1,31.0,,296,0
3154,193,62,2,queue,treatment_wait_begins,252.340535869662,,1,32.0,,296,0
3155,195,63,2,queue,treatment_wait_begins,259.21978013724924,,1,33.0,,296,0
3156,197,64,2,queue,treatment_wait_begins,266.7588257904633,,1,34.0,,296,0
3157,200,57,1,resource_use,treatment_begins,273.1198644749171,1.0,1,1.0,,296,0
3158,203,61,1,resource_use,treatment_begins,274.325287938145,2.0,1,2.0,,296,0
3159,206,23,2,resource_use,treatment_begins,275.2058178030438,4.0,1,3.0,,296,0
3160,209,24,2,resource_use,treatment_begins,279.6254685109471,3.0,1,4.0,,296,0
3161,211,65,2,queue,treatment_wait_begins,293.3082397692622,,1,35.0,,296,0
3162,83,25,2,queue,treatment_wait_begins,127.62081856126873,,1,1.0,,298,0
3163,85,26,2,queue,treatment_wait_begins,130.89979933108373,,1,2.0,,298,0
3164,89,28,2,queue,treatment_wait_begins,135.25183130913413,,1,3.0,,298,0
3165,91,29,2,queue,treatment_wait_begins,135.6372170444124,,1,4.0,,298,0
3166,93,30,2,queue,treatment_wait_begins,136.53537831628518,,1,5.0,,298,0
3167,95,31,2,queue,treatment_wait_begins,139.96198057430644,,1,6.0,,298,0
3168,97,32,2,queue,treatment_wait_begins,141.90538175510554,,1,7.0,,298,0
3169,99,33,2,queue,treatment_wait_begins,148.22641604293108,,1,8.0,,298,0
3170,101,34,2,queue,treatment_wait_begins,151.7688691800117,,1,9.0,,298,0
3171,106,35,2,queue,treatment_wait_begins,152.9585189515018,,1,10.0,,298,0
3172,116,37,2,queue,treatment_wait_begins,158.4717443187417,,1,11.0,,298,0
3173,118,38,2,queue,treatment_wait_begins,160.19091112593068,,1,12.0,,298,0
3174,120,39,2,queue,treatment_wait_begins,161.80046723046223,,1,13.0,,298,0
3175,127,41,2,queue,treatment_wait_begins,167.67977668606895,,1,14.0,,298,0
3176,129,42,2,queue,treatment_wait_begins,174.34828881122837,,1,15.0,,298,0
3177,133,44,2,queue,treatment_wait_begins,186.72302338228388,,1,16.0,,298,0
3178,135,45,2,queue,treatment_wait_begins,187.08816512218607,,1,17.0,,298,0
3179,140,46,2,queue,treatment_wait_begins,192.75850263079985,,1,18.0,,298,0
3180,148,47,2,queue,treatment_wait_begins,199.5301925701257,,1,19.0,,298,0
3181,153,48,2,queue,treatment_wait_begins,205.14039082741283,,1,20.0,,298,0
3182,155,49,2,queue,treatment_wait_begins,206.54063642859495,,1,21.0,,298,0
3183,157,50,2,queue,treatment_wait_begins,208.1453173837751,,1,22.0,,298,0
3184,159,51,2,queue,treatment_wait_begins,208.9739969202831,,1,23.0,,298,0
3185,161,52,2,queue,treatment_wait_begins,210.74581448374042,,1,24.0,,298,0
3186,163,53,2,queue,treatment_wait_begins,210.85151326578935,,1,25.0,,298,0
3187,165,54,2,queue,treatment_wait_begins,211.68829524636791,,1,26.0,,298,0
3188,167,55,2,queue,treatment_wait_begins,218.2635794691037,,1,27.0,,298,0
3189,181,56,2,queue,treatment_wait_begins,238.24236082502787,,1,28.0,,298,0
3190,185,58,2,queue,treatment_wait_begins,242.4802497949752,,1,29.0,,298,0
3191,187,59,2,queue,treatment_wait_begins,244.4690310645114,,1,30.0,,298,0
3192,189,60,2,queue,treatment_wait_begins,246.27574217918595,,1,31.0,,298,0
3193,193,62,2,queue,treatment_wait_begins,252.340535869662,,1,32.0,,298,0
3194,195,63,2,queue,treatment_wait_begins,259.21978013724924,,1,33.0,,298,0
3195,197,64,2,queue,treatment_wait_begins,266.7588257904633,,1,34.0,,298,0
3196,200,57,1,resource_use,treatment_begins,273.1198644749171,1.0,1,1.0,,298,0
3197,203,61,1,resource_use,treatment_begins,274.325287938145,2.0,1,2.0,,298,0
3198,206,23,2,resource_use,treatment_begins,275.2058178030438,4.0,1,3.0,,298,0
3199,209,24,2,resource_use,treatment_begins,279.6254685109471,3.0,1,4.0,,298,0
3200,211,65,2,queue,treatment_wait_begins,293.3082397692622,,1,35.0,,298,0
3201,83,25,2,queue,treatment_wait_begins,127.62081856126873,,1,1.0,,300,0
3202,85,26,2,queue,treatment_wait_begins,130.89979933108373,,1,2.0,,300,0
3203,89,28,2,queue,treatment_wait_begins,135.25183130913413,,1,3.0,,300,0
3204,91,29,2,queue,treatment_wait_begins,135.6372170444124,,1,4.0,,300,0
3205,93,30,2,queue,treatment_wait_begins,136.53537831628518,,1,5.0,,300,0
3206,95,31,2,queue,treatment_wait_begins,139.96198057430644,,1,6.0,,300,0
3207,97,32,2,queue,treatment_wait_begins,141.90538175510554,,1,7.0,,300,0
3208,99,33,2,queue,treatment_wait_begins,148.22641604293108,,1,8.0,,300,0
3209,101,34,2,queue,treatment_wait_begins,151.7688691800117,,1,9.0,,300,0
3210,106,35,2,queue,treatment_wait_begins,152.9585189515018,,1,10.0,,300,0
3211,116,37,2,queue,treatment_wait_begins,158.4717443187417,,1,11.0,,300,0
3212,118,38,2,queue,treatment_wait_begins,160.19091112593068,,1,12.0,,300,0
3213,120,39,2,queue,treatment_wait_begins,161.80046723046223,,1,13.0,,300,0
3214,127,41,2,queue,treatment_wait_begins,167.67977668606895,,1,14.0,,300,0
3215,129,42,2,queue,treatment_wait_begins,174.34828881122837,,1,15.0,,300,0
3216,133,44,2,queue,treatment_wait_begins,186.72302338228388,,1,16.0,,300,0
3217,135,45,2,queue,treatment_wait_begins,187.08816512218607,,1,17.0,,300,0
3218,140,46,2,queue,treatment_wait_begins,192.75850263079985,,1,18.0,,300,0
3219,148,47,2,queue,treatment_wait_begins,199.5301925701257,,1,19.0,,300,0
3220,153,48,2,queue,treatment_wait_begins,205.14039082741283,,1,20.0,,300,0
3221,155,49,2,queue,treatment_wait_begins,206.54063642859495,,1,21.0,,300,0
3222,157,50,2,queue,treatment_wait_begins,208.1453173837751,,1,22.0,,300,0
3223,159,51,2,queue,treatment_wait_begins,208.9739969202831,,1,23.0,,300,0
3224,161,52,2,queue,treatment_wait_begins,210.74581448374042,,1,24.0,,300,0
3225,163,53,2,queue,treatment_wait_begins,210.85151326578935,,1,25.0,,300,0
3226,165,54,2,queue,treatment_wait_begins,211.68829524636791,,1,26.0,,300,0
3227,167,55,2,queue,treatment_wait_begins,218.2635794691037,,1,27.0,,300,0
3228,181,56,2,queue,treatment_wait_begins,238.24236082502787,,1,28.0,,300,0
3229,185,58,2,queue,treatment_wait_begins,242.4802497949752,,1,29.0,,300,0
3230,187,59,2,queue,treatment_wait_begins,244.4690310645114,,1,30.0,,300,0
3231,189,60,2,queue,treatment_wait_begins,246.27574217918595,,1,31.0,,300,0
3232,193,62,2,queue,treatment_wait_begins,252.340535869662,,1,32.0,,300,0
3233,195,63,2,queue,treatment_wait_begins,259.21978013724924,,1,33.0,,300,0
3234,197,64,2,queue,treatment_wait_begins,266.7588257904633,,1,34.0,,300,0
3235,200,57,1,resource_use,treatment_begins,273.1198644749171,1.0,1,1.0,,300,0
3236,203,61,1,resource_use,treatment_begins,274.325287938145,2.0,1,2.0,,300,0
3237,206,23,2,resource_use,treatment_begins,275.2058178030438,4.0,1,3.0,,300,0
3238,209,24,2,resource_use,treatment_begins,279.6254685109471,3.0,1,4.0,,300,0
3239,211,65,2,queue,treatment_wait_begins,293.3082397692622,,1,35.0,,300,0
3240,83,25,2,queue,treatment_wait_begins,127.62081856126873,,1,1.0,,302,0
3241,85,26,2,queue,treatment_wait_begins,130.89979933108373,,1,2.0,,302,0
3242,89,28,2,queue,treatment_wait_begins,135.25183130913413,,1,3.0,,302,0
3243,91,29,2,queue,treatment_wait_begins,135.6372170444124,,1,4.0,,302,0
3244,93,30,2,queue,treatment_wait_begins,136.53537831628518,,1,5.0,,302,0
3245,95,31,2,queue,treatment_wait_begins,139.96198057430644,,1,6.0,,302,0
3246,97,32,2,queue,treatment_wait_begins,141.90538175510554,,1,7.0,,302,0
3247,99,33,2,queue,treatment_wait_begins,148.22641604293108,,1,8.0,,302,0
3248,101,34,2,queue,treatment_wait_begins,151.7688691800117,,1,9.0,,302,0
3249,106,35,2,queue,treatment_wait_begins,152.9585189515018,,1,10.0,,302,0
3250,116,37,2,queue,treatment_wait_begins,158.4717443187417,,1,11.0,,302,0
3251,118,38,2,queue,treatment_wait_begins,160.19091112593068,,1,12.0,,302,0
3252,120,39,2,queue,treatment_wait_begins,161.80046723046223,,1,13.0,,302,0
3253,127,41,2,queue,treatment_wait_begins,167.67977668606895,,1,14.0,,302,0
3254,129,42,2,queue,treatment_wait_begins,174.34828881122837,,1,15.0,,302,0
3255,133,44,2,queue,treatment_wait_begins,186.72302338228388,,1,16.0,,302,0
3256,135,45,2,queue,treatment_wait_begins,187.08816512218607,,1,17.0,,302,0
3257,140,46,2,queue,treatment_wait_begins,192.75850263079985,,1,18.0,,302,0
3258,148,47,2,queue,treatment_wait_begins,199.5301925701257,,1,19.0,,302,0
3259,153,48,2,queue,treatment_wait_begins,205.14039082741283,,1,20.0,,302,0
3260,155,49,2,queue,treatment_wait_begins,206.54063642859495,,1,21.0,,302,0
3261,157,50,2,queue,treatment_wait_begins,208.1453173837751,,1,22.0,,302,0
3262,159,51,2,queue,treatment_wait_begins,208.9739969202831,,1,23.0,,302,0
3263,161,52,2,queue,treatment_wait_begins,210.74581448374042,,1,24.0,,302,0
3264,163,53,2,queue,treatment_wait_begins,210.85151326578935,,1,25.0,,302,0
3265,165,54,2,queue,treatment_wait_begins,211.68829524636791,,1,26.0,,302,0
3266,167,55,2,queue,treatment_wait_begins,218.2635794691037,,1,27.0,,302,0
3267,181,56,2,queue,treatment_wait_begins,238.24236082502787,,1,28.0,,302,0
3268,185,58,2,queue,treatment_wait_begins,242.4802497949752,,1,29.0,,302,0
3269,187,59,2,queue,treatment_wait_begins,244.4690310645114,,1,30.0,,302,0
3270,189,60,2,queue,treatment_wait_begins,246.27574217918595,,1,31.0,,302,0
3271,193,62,2,queue,treatment_wait_begins,252.340535869662,,1,32.0,,302,0
3272,195,63,2,queue,treatment_wait_begins,259.21978013724924,,1,33.0,,302,0
3273,197,64,2,queue,treatment_wait_begins,266.7588257904633,,1,34.0,,302,0
3274,200,57,1,resource_use,treatment_begins,273.1198644749171,1.0,1,1.0,,302,0
3275,203,61,1,resource_use,treatment_begins,274.325287938145,2.0,1,2.0,,302,0
3276,206,23,2,resource_use,treatment_begins,275.2058178030438,4.0,1,3.0,,302,0
3277,209,24,2,resource_use,treatment_begins,279.6254685109471,3.0,1,4.0,,302,0
3278,211,65,2,queue,treatment_wait_begins,293.3082397692622,,1,35.0,,302,0
3279,83,25,2,queue,treatment_wait_begins,127.62081856126873,,1,1.0,,304,0
3280,85,26,2,queue,treatment_wait_begins,130.89979933108373,,1,2.0,,304,0
3281,89,28,2,queue,treatment_wait_begins,135.25183130913413,,1,3.0,,304,0
3282,91,29,2,queue,treatment_wait_begins,135.6372170444124,,1,4.0,,304,0
3283,93,30,2,queue,treatment_wait_begins,136.53537831628518,,1,5.0,,304,0
3284,95,31,2,queue,treatment_wait_begins,139.96198057430644,,1,6.0,,304,0
3285,97,32,2,queue,treatment_wait_begins,141.90538175510554,,1,7.0,,304,0
3286,99,33,2,queue,treatment_wait_begins,148.22641604293108,,1,8.0,,304,0
3287,101,34,2,queue,treatment_wait_begins,151.7688691800117,,1,9.0,,304,0
3288,106,35,2,queue,treatment_wait_begins,152.9585189515018,,1,10.0,,304,0
3289,116,37,2,queue,treatment_wait_begins,158.4717443187417,,1,11.0,,304,0
3290,118,38,2,queue,treatment_wait_begins,160.19091112593068,,1,12.0,,304,0
3291,120,39,2,queue,treatment_wait_begins,161.80046723046223,,1,13.0,,304,0
3292,127,41,2,queue,treatment_wait_begins,167.67977668606895,,1,14.0,,304,0
3293,129,42,2,queue,treatment_wait_begins,174.34828881122837,,1,15.0,,304,0
3294,133,44,2,queue,treatment_wait_begins,186.72302338228388,,1,16.0,,304,0
3295,135,45,2,queue,treatment_wait_begins,187.08816512218607,,1,17.0,,304,0
3296,140,46,2,queue,treatment_wait_begins,192.75850263079985,,1,18.0,,304,0
3297,148,47,2,queue,treatment_wait_begins,199.5301925701257,,1,19.0,,304,0
3298,153,48,2,queue,treatment_wait_begins,205.14039082741283,,1,20.0,,304,0
3299,155,49,2,queue,treatment_wait_begins,206.54063642859495,,1,21.0,,304,0
3300,157,50,2,queue,treatment_wait_begins,208.1453173837751,,1,22.0,,304,0
3301,159,51,2,queue,treatment_wait_begins,208.9739969202831,,1,23.0,,304,0
3302,161,52,2,queue,treatment_wait_begins,210.74581448374042,,1,24.0,,304,0
3303,163,53,2,queue,treatment_wait_begins,210.85151326578935,,1,25.0,,304,0
3304,165,54,2,queue,treatment_wait_begins,211.68829524636791,,1,26.0,,304,0
3305,167,55,2,queue,treatment_wait_begins,218.2635794691037,,1,27.0,,304,0
3306,181,56,2,queue,treatment_wait_begins,238.24236082502787,,1,28.0,,304,0
3307,185,58,2,queue,treatment_wait_begins,242.4802497949752,,1,29.0,,304,0
3308,187,59,2,queue,treatment_wait_begins,244.4690310645114,,1,30.0,,304,0
3309,189,60,2,queue,treatment_wait_begins,246.27574217918595,,1,31.0,,304,0
3310,193,62,2,queue,treatment_wait_begins,252.340535869662,,1,32.0,,304,0
3311,195,63,2,queue,treatment_wait_begins,259.21978013724924,,1,33.0,,304,0
3312,197,64,2,queue,treatment_wait_begins,266.7588257904633,,1,34.0,,304,0
3313,200,57,1,resource_use,treatment_begins,273.1198644749171,1.0,1,1.0,,304,0
3314,203,61,1,resource_use,treatment_begins,274.325287938145,2.0,1,2.0,,304,0
3315,206,23,2,resource_use,treatment_begins,275.2058178030438,4.0,1,3.0,,304,0
3316,209,24,2,resource_use,treatment_begins,279.6254685109471,3.0,1,4.0,,304,0
3317,211,65,2,queue,treatment_wait_begins,293.3082397692622,,1,35.0,,304,0
3318,213,66,2,queue,treatment_wait_begins,303.841540943146,,1,36.0,,304,0
3319,83,25,2,queue,treatment_wait_begins,127.62081856126873,,1,1.0,,306,0
3320,85,26,2,queue,treatment_wait_begins,130.89979933108373,,1,2.0,,306,0
3321,89,28,2,queue,treatment_wait_begins,135.25183130913413,,1,3.0,,306,0
3322,91,29,2,queue,treatment_wait_begins,135.6372170444124,,1,4.0,,306,0
3323,93,30,2,queue,treatment_wait_begins,136.53537831628518,,1,5.0,,306,0
3324,95,31,2,queue,treatment_wait_begins,139.96198057430644,,1,6.0,,306,0
3325,97,32,2,queue,treatment_wait_begins,141.90538175510554,,1,7.0,,306,0
3326,99,33,2,queue,treatment_wait_begins,148.22641604293108,,1,8.0,,306,0
3327,101,34,2,queue,treatment_wait_begins,151.7688691800117,,1,9.0,,306,0
3328,106,35,2,queue,treatment_wait_begins,152.9585189515018,,1,10.0,,306,0
3329,116,37,2,queue,treatment_wait_begins,158.4717443187417,,1,11.0,,306,0
3330,118,38,2,queue,treatment_wait_begins,160.19091112593068,,1,12.0,,306,0
3331,120,39,2,queue,treatment_wait_begins,161.80046723046223,,1,13.0,,306,0
3332,127,41,2,queue,treatment_wait_begins,167.67977668606895,,1,14.0,,306,0
3333,129,42,2,queue,treatment_wait_begins,174.34828881122837,,1,15.0,,306,0
3334,133,44,2,queue,treatment_wait_begins,186.72302338228388,,1,16.0,,306,0
3335,135,45,2,queue,treatment_wait_begins,187.08816512218607,,1,17.0,,306,0
3336,140,46,2,queue,treatment_wait_begins,192.75850263079985,,1,18.0,,306,0
3337,148,47,2,queue,treatment_wait_begins,199.5301925701257,,1,19.0,,306,0
3338,153,48,2,queue,treatment_wait_begins,205.14039082741283,,1,20.0,,306,0
3339,155,49,2,queue,treatment_wait_begins,206.54063642859495,,1,21.0,,306,0
3340,157,50,2,queue,treatment_wait_begins,208.1453173837751,,1,22.0,,306,0
3341,159,51,2,queue,treatment_wait_begins,208.9739969202831,,1,23.0,,306,0
3342,161,52,2,queue,treatment_wait_begins,210.74581448374042,,1,24.0,,306,0
3343,163,53,2,queue,treatment_wait_begins,210.85151326578935,,1,25.0,,306,0
3344,165,54,2,queue,treatment_wait_begins,211.68829524636791,,1,26.0,,306,0
3345,167,55,2,queue,treatment_wait_begins,218.2635794691037,,1,27.0,,306,0
3346,181,56,2,queue,treatment_wait_begins,238.24236082502787,,1,28.0,,306,0
3347,185,58,2,queue,treatment_wait_begins,242.4802497949752,,1,29.0,,306,0
3348,187,59,2,queue,treatment_wait_begins,244.4690310645114,,1,30.0,,306,0
3349,189,60,2,queue,treatment_wait_begins,246.27574217918595,,1,31.0,,306,0
3350,193,62,2,queue,treatment_wait_begins,252.340535869662,,1,32.0,,306,0
3351,195,63,2,queue,treatment_wait_begins,259.21978013724924,,1,33.0,,306,0
3352,197,64,2,queue,treatment_wait_begins,266.7588257904633,,1,34.0,,306,0
3353,200,57,1,resource_use,treatment_begins,273.1198644749171,1.0,1,1.0,,306,0
3354,203,61,1,resource_use,treatment_begins,274.325287938145,2.0,1,2.0,,306,0
3355,206,23,2,resource_use,treatment_begins,275.2058178030438,4.0,1,3.0,,306,0
3356,209,24,2,resource_use,treatment_begins,279.6254685109471,3.0,1,4.0,,306,0
3357,211,65,2,queue,treatment_wait_begins,293.3082397692622,,1,35.0,,306,0
3358,213,66,2,queue,treatment_wait_begins,303.841540943146,,1,36.0,,306,0
3359,83,25,2,queue,treatment_wait_begins,127.62081856126873,,1,1.0,,308,0
3360,85,26,2,queue,treatment_wait_begins,130.89979933108373,,1,2.0,,308,0
3361,89,28,2,queue,treatment_wait_begins,135.25183130913413,,1,3.0,,308,0
3362,91,29,2,queue,treatment_wait_begins,135.6372170444124,,1,4.0,,308,0
3363,93,30,2,queue,treatment_wait_begins,136.53537831628518,,1,5.0,,308,0
3364,95,31,2,queue,treatment_wait_begins,139.96198057430644,,1,6.0,,308,0
3365,97,32,2,queue,treatment_wait_begins,141.90538175510554,,1,7.0,,308,0
3366,99,33,2,queue,treatment_wait_begins,148.22641604293108,,1,8.0,,308,0
3367,101,34,2,queue,treatment_wait_begins,151.7688691800117,,1,9.0,,308,0
3368,106,35,2,queue,treatment_wait_begins,152.9585189515018,,1,10.0,,308,0
3369,116,37,2,queue,treatment_wait_begins,158.4717443187417,,1,11.0,,308,0
3370,118,38,2,queue,treatment_wait_begins,160.19091112593068,,1,12.0,,308,0
3371,120,39,2,queue,treatment_wait_begins,161.80046723046223,,1,13.0,,308,0
3372,127,41,2,queue,treatment_wait_begins,167.67977668606895,,1,14.0,,308,0
3373,129,42,2,queue,treatment_wait_begins,174.34828881122837,,1,15.0,,308,0
3374,133,44,2,queue,treatment_wait_begins,186.72302338228388,,1,16.0,,308,0
3375,135,45,2,queue,treatment_wait_begins,187.08816512218607,,1,17.0,,308,0
3376,140,46,2,queue,treatment_wait_begins,192.75850263079985,,1,18.0,,308,0
3377,148,47,2,queue,treatment_wait_begins,199.5301925701257,,1,19.0,,308,0
3378,153,48,2,queue,treatment_wait_begins,205.14039082741283,,1,20.0,,308,0
3379,155,49,2,queue,treatment_wait_begins,206.54063642859495,,1,21.0,,308,0
3380,157,50,2,queue,treatment_wait_begins,208.1453173837751,,1,22.0,,308,0
3381,159,51,2,queue,treatment_wait_begins,208.9739969202831,,1,23.0,,308,0
3382,161,52,2,queue,treatment_wait_begins,210.74581448374042,,1,24.0,,308,0
3383,163,53,2,queue,treatment_wait_begins,210.85151326578935,,1,25.0,,308,0
3384,165,54,2,queue,treatment_wait_begins,211.68829524636791,,1,26.0,,308,0
3385,167,55,2,queue,treatment_wait_begins,218.2635794691037,,1,27.0,,308,0
3386,181,56,2,queue,treatment_wait_begins,238.24236082502787,,1,28.0,,308,0
3387,185,58,2,queue,treatment_wait_begins,242.4802497949752,,1,29.0,,308,0
3388,187,59,2,queue,treatment_wait_begins,244.4690310645114,,1,30.0,,308,0
3389,189,60,2,queue,treatment_wait_begins,246.27574217918595,,1,31.0,,308,0
3390,193,62,2,queue,treatment_wait_begins,252.340535869662,,1,32.0,,308,0
3391,195,63,2,queue,treatment_wait_begins,259.21978013724924,,1,33.0,,308,0
3392,197,64,2,queue,treatment_wait_begins,266.7588257904633,,1,34.0,,308,0
3393,200,57,1,resource_use,treatment_begins,273.1198644749171,1.0,1,1.0,,308,0
3394,203,61,1,resource_use,treatment_begins,274.325287938145,2.0,1,2.0,,308,0
3395,206,23,2,resource_use,treatment_begins,275.2058178030438,4.0,1,3.0,,308,0
3396,209,24,2,resource_use,treatment_begins,279.6254685109471,3.0,1,4.0,,308,0
3397,211,65,2,queue,treatment_wait_begins,293.3082397692622,,1,35.0,,308,0
3398,213,66,2,queue,treatment_wait_begins,303.841540943146,,1,36.0,,308,0
3399,83,25,2,queue,treatment_wait_begins,127.62081856126873,,1,1.0,,310,0
3400,85,26,2,queue,treatment_wait_begins,130.89979933108373,,1,2.0,,310,0
3401,89,28,2,queue,treatment_wait_begins,135.25183130913413,,1,3.0,,310,0
3402,91,29,2,queue,treatment_wait_begins,135.6372170444124,,1,4.0,,310,0
3403,93,30,2,queue,treatment_wait_begins,136.53537831628518,,1,5.0,,310,0
3404,95,31,2,queue,treatment_wait_begins,139.96198057430644,,1,6.0,,310,0
3405,97,32,2,queue,treatment_wait_begins,141.90538175510554,,1,7.0,,310,0
3406,99,33,2,queue,treatment_wait_begins,148.22641604293108,,1,8.0,,310,0
3407,101,34,2,queue,treatment_wait_begins,151.7688691800117,,1,9.0,,310,0
3408,106,35,2,queue,treatment_wait_begins,152.9585189515018,,1,10.0,,310,0
3409,116,37,2,queue,treatment_wait_begins,158.4717443187417,,1,11.0,,310,0
3410,118,38,2,queue,treatment_wait_begins,160.19091112593068,,1,12.0,,310,0
3411,120,39,2,queue,treatment_wait_begins,161.80046723046223,,1,13.0,,310,0
3412,127,41,2,queue,treatment_wait_begins,167.67977668606895,,1,14.0,,310,0
3413,129,42,2,queue,treatment_wait_begins,174.34828881122837,,1,15.0,,310,0
3414,133,44,2,queue,treatment_wait_begins,186.72302338228388,,1,16.0,,310,0
3415,135,45,2,queue,treatment_wait_begins,187.08816512218607,,1,17.0,,310,0
3416,140,46,2,queue,treatment_wait_begins,192.75850263079985,,1,18.0,,310,0
3417,148,47,2,queue,treatment_wait_begins,199.5301925701257,,1,19.0,,310,0
3418,153,48,2,queue,treatment_wait_begins,205.14039082741283,,1,20.0,,310,0
3419,155,49,2,queue,treatment_wait_begins,206.54063642859495,,1,21.0,,310,0
3420,157,50,2,queue,treatment_wait_begins,208.1453173837751,,1,22.0,,310,0
3421,159,51,2,queue,treatment_wait_begins,208.9739969202831,,1,23.0,,310,0
3422,161,52,2,queue,treatment_wait_begins,210.74581448374042,,1,24.0,,310,0
3423,163,53,2,queue,treatment_wait_begins,210.85151326578935,,1,25.0,,310,0
3424,165,54,2,queue,treatment_wait_begins,211.68829524636791,,1,26.0,,310,0
3425,167,55,2,queue,treatment_wait_begins,218.2635794691037,,1,27.0,,310,0
3426,181,56,2,queue,treatment_wait_begins,238.24236082502787,,1,28.0,,310,0
3427,185,58,2,queue,treatment_wait_begins,242.4802497949752,,1,29.0,,310,0
3428,187,59,2,queue,treatment_wait_begins,244.4690310645114,,1,30.0,,310,0
3429,189,60,2,queue,treatment_wait_begins,246.27574217918595,,1,31.0,,310,0
3430,193,62,2,queue,treatment_wait_begins,252.340535869662,,1,32.0,,310,0
3431,195,63,2,queue,treatment_wait_begins,259.21978013724924,,1,33.0,,310,0
3432,197,64,2,queue,treatment_wait_begins,266.7588257904633,,1,34.0,,310,0
3433,200,57,1,resource_use,treatment_begins,273.1198644749171,1.0,1,1.0,,310,0
3434,203,61,1,resource_use,treatment_begins,274.325287938145,2.0,1,2.0,,310,0
3435,206,23,2,resource_use,treatment_begins,275.2058178030438,4.0,1,3.0,,310,0
3436,209,24,2,resource_use,treatment_begins,279.6254685109471,3.0,1,4.0,,310,0
3437,211,65,2,queue,treatment_wait_begins,293.3082397692622,,1,35.0,,310,0
3438,213,66,2,queue,treatment_wait_begins,303.841540943146,,1,36.0,,310,0
3439,83,25,2,queue,treatment_wait_begins,127.62081856126873,,1,1.0,,312,0
3440,85,26,2,queue,treatment_wait_begins,130.89979933108373,,1,2.0,,312,0
3441,89,28,2,queue,treatment_wait_begins,135.25183130913413,,1,3.0,,312,0
3442,91,29,2,queue,treatment_wait_begins,135.6372170444124,,1,4.0,,312,0
3443,93,30,2,queue,treatment_wait_begins,136.53537831628518,,1,5.0,,312,0
3444,95,31,2,queue,treatment_wait_begins,139.96198057430644,,1,6.0,,312,0
3445,97,32,2,queue,treatment_wait_begins,141.90538175510554,,1,7.0,,312,0
3446,99,33,2,queue,treatment_wait_begins,148.22641604293108,,1,8.0,,312,0
3447,101,34,2,queue,treatment_wait_begins,151.7688691800117,,1,9.0,,312,0
3448,106,35,2,queue,treatment_wait_begins,152.9585189515018,,1,10.0,,312,0
3449,116,37,2,queue,treatment_wait_begins,158.4717443187417,,1,11.0,,312,0
3450,118,38,2,queue,treatment_wait_begins,160.19091112593068,,1,12.0,,312,0
3451,120,39,2,queue,treatment_wait_begins,161.80046723046223,,1,13.0,,312,0
3452,127,41,2,queue,treatment_wait_begins,167.67977668606895,,1,14.0,,312,0
3453,129,42,2,queue,treatment_wait_begins,174.34828881122837,,1,15.0,,312,0
3454,133,44,2,queue,treatment_wait_begins,186.72302338228388,,1,16.0,,312,0
3455,135,45,2,queue,treatment_wait_begins,187.08816512218607,,1,17.0,,312,0
3456,140,46,2,queue,treatment_wait_begins,192.75850263079985,,1,18.0,,312,0
3457,148,47,2,queue,treatment_wait_begins,199.5301925701257,,1,19.0,,312,0
3458,153,48,2,queue,treatment_wait_begins,205.14039082741283,,1,20.0,,312,0
3459,155,49,2,queue,treatment_wait_begins,206.54063642859495,,1,21.0,,312,0
3460,157,50,2,queue,treatment_wait_begins,208.1453173837751,,1,22.0,,312,0
3461,159,51,2,queue,treatment_wait_begins,208.9739969202831,,1,23.0,,312,0
3462,161,52,2,queue,treatment_wait_begins,210.74581448374042,,1,24.0,,312,0
3463,163,53,2,queue,treatment_wait_begins,210.85151326578935,,1,25.0,,312,0
3464,165,54,2,queue,treatment_wait_begins,211.68829524636791,,1,26.0,,312,0
3465,167,55,2,queue,treatment_wait_begins,218.2635794691037,,1,27.0,,312,0
3466,181,56,2,queue,treatment_wait_begins,238.24236082502787,,1,28.0,,312,0
3467,185,58,2,queue,treatment_wait_begins,242.4802497949752,,1,29.0,,312,0
3468,187,59,2,queue,treatment_wait_begins,244.4690310645114,,1,30.0,,312,0
3469,189,60,2,queue,treatment_wait_begins,246.27574217918595,,1,31.0,,312,0
3470,193,62,2,queue,treatment_wait_begins,252.340535869662,,1,32.0,,312,0
3471,195,63,2,queue,treatment_wait_begins,259.21978013724924,,1,33.0,,312,0
3472,197,64,2,queue,treatment_wait_begins,266.7588257904633,,1,34.0,,312,0
3473,200,57,1,resource_use,treatment_begins,273.1198644749171,1.0,1,1.0,,312,0
3474,203,61,1,resource_use,treatment_begins,274.325287938145,2.0,1,2.0,,312,0
3475,206,23,2,resource_use,treatment_begins,275.2058178030438,4.0,1,3.0,,312,0
3476,209,24,2,resource_use,treatment_begins,279.6254685109471,3.0,1,4.0,,312,0
3477,211,65,2,queue,treatment_wait_begins,293.3082397692622,,1,35.0,,312,0
3478,213,66,2,queue,treatment_wait_begins,303.841540943146,,1,36.0,,312,0
3479,83,25,2,queue,treatment_wait_begins,127.62081856126873,,1,1.0,,314,0
3480,85,26,2,queue,treatment_wait_begins,130.89979933108373,,1,2.0,,314,0
3481,89,28,2,queue,treatment_wait_begins,135.25183130913413,,1,3.0,,314,0
3482,91,29,2,queue,treatment_wait_begins,135.6372170444124,,1,4.0,,314,0
3483,93,30,2,queue,treatment_wait_begins,136.53537831628518,,1,5.0,,314,0
3484,95,31,2,queue,treatment_wait_begins,139.96198057430644,,1,6.0,,314,0
3485,97,32,2,queue,treatment_wait_begins,141.90538175510554,,1,7.0,,314,0
3486,99,33,2,queue,treatment_wait_begins,148.22641604293108,,1,8.0,,314,0
3487,101,34,2,queue,treatment_wait_begins,151.7688691800117,,1,9.0,,314,0
3488,106,35,2,queue,treatment_wait_begins,152.9585189515018,,1,10.0,,314,0
3489,116,37,2,queue,treatment_wait_begins,158.4717443187417,,1,11.0,,314,0
3490,118,38,2,queue,treatment_wait_begins,160.19091112593068,,1,12.0,,314,0
3491,120,39,2,queue,treatment_wait_begins,161.80046723046223,,1,13.0,,314,0
3492,127,41,2,queue,treatment_wait_begins,167.67977668606895,,1,14.0,,314,0
3493,129,42,2,queue,treatment_wait_begins,174.34828881122837,,1,15.0,,314,0
3494,133,44,2,queue,treatment_wait_begins,186.72302338228388,,1,16.0,,314,0
3495,135,45,2,queue,treatment_wait_begins,187.08816512218607,,1,17.0,,314,0
3496,140,46,2,queue,treatment_wait_begins,192.75850263079985,,1,18.0,,314,0
3497,148,47,2,queue,treatment_wait_begins,199.5301925701257,,1,19.0,,314,0
3498,153,48,2,queue,treatment_wait_begins,205.14039082741283,,1,20.0,,314,0
3499,155,49,2,queue,treatment_wait_begins,206.54063642859495,,1,21.0,,314,0
3500,157,50,2,queue,treatment_wait_begins,208.1453173837751,,1,22.0,,314,0
3501,159,51,2,queue,treatment_wait_begins,208.9739969202831,,1,23.0,,314,0
3502,161,52,2,queue,treatment_wait_begins,210.74581448374042,,1,24.0,,314,0
3503,163,53,2,queue,treatment_wait_begins,210.85151326578935,,1,25.0,,314,0
3504,165,54,2,queue,treatment_wait_begins,211.68829524636791,,1,26.0,,314,0
3505,167,55,2,queue,treatment_wait_begins,218.2635794691037,,1,27.0,,314,0
3506,181,56,2,queue,treatment_wait_begins,238.24236082502787,,1,28.0,,314,0
3507,185,58,2,queue,treatment_wait_begins,242.4802497949752,,1,29.0,,314,0
3508,187,59,2,queue,treatment_wait_begins,244.4690310645114,,1,30.0,,314,0
3509,189,60,2,queue,treatment_wait_begins,246.27574217918595,,1,31.0,,314,0
3510,193,62,2,queue,treatment_wait_begins,252.340535869662,,1,32.0,,314,0
3511,195,63,2,queue,treatment_wait_begins,259.21978013724924,,1,33.0,,314,0
3512,197,64,2,queue,treatment_wait_begins,266.7588257904633,,1,34.0,,314,0
3513,200,57,1,resource_use,treatment_begins,273.1198644749171,1.0,1,1.0,,314,0
3514,203,61,1,resource_use,treatment_begins,274.325287938145,2.0,1,2.0,,314,0
3515,206,23,2,resource_use,treatment_begins,275.2058178030438,4.0,1,3.0,,314,0
3516,209,24,2,resource_use,treatment_begins,279.6254685109471,3.0,1,4.0,,314,0
3517,211,65,2,queue,treatment_wait_begins,293.3082397692622,,1,35.0,,314,0
3518,213,66,2,queue,treatment_wait_begins,303.841540943146,,1,36.0,,314,0
3519,215,67,2,queue,treatment_wait_begins,312.06587014562393,,1,37.0,,314,0
3520,89,28,2,queue,treatment_wait_begins,135.25183130913413,,1,1.0,,316,0
3521,91,29,2,queue,treatment_wait_begins,135.6372170444124,,1,2.0,,316,0
3522,93,30,2,queue,treatment_wait_begins,136.53537831628518,,1,3.0,,316,0
3523,95,31,2,queue,treatment_wait_begins,139.96198057430644,,1,4.0,,316,0
3524,97,32,2,queue,treatment_wait_begins,141.90538175510554,,1,5.0,,316,0
3525,99,33,2,queue,treatment_wait_begins,148.22641604293108,,1,6.0,,316,0
3526,101,34,2,queue,treatment_wait_begins,151.7688691800117,,1,7.0,,316,0
3527,106,35,2,queue,treatment_wait_begins,152.9585189515018,,1,8.0,,316,0
3528,116,37,2,queue,treatment_wait_begins,158.4717443187417,,1,9.0,,316,0
3529,118,38,2,queue,treatment_wait_begins,160.19091112593068,,1,10.0,,316,0
3530,120,39,2,queue,treatment_wait_begins,161.80046723046223,,1,11.0,,316,0
3531,127,41,2,queue,treatment_wait_begins,167.67977668606895,,1,12.0,,316,0
3532,129,42,2,queue,treatment_wait_begins,174.34828881122837,,1,13.0,,316,0
3533,133,44,2,queue,treatment_wait_begins,186.72302338228388,,1,14.0,,316,0
3534,135,45,2,queue,treatment_wait_begins,187.08816512218607,,1,15.0,,316,0
3535,140,46,2,queue,treatment_wait_begins,192.75850263079985,,1,16.0,,316,0
3536,148,47,2,queue,treatment_wait_begins,199.5301925701257,,1,17.0,,316,0
3537,153,48,2,queue,treatment_wait_begins,205.14039082741283,,1,18.0,,316,0
3538,155,49,2,queue,treatment_wait_begins,206.54063642859495,,1,19.0,,316,0
3539,157,50,2,queue,treatment_wait_begins,208.1453173837751,,1,20.0,,316,0
3540,159,51,2,queue,treatment_wait_begins,208.9739969202831,,1,21.0,,316,0
3541,161,52,2,queue,treatment_wait_begins,210.74581448374042,,1,22.0,,316,0
3542,163,53,2,queue,treatment_wait_begins,210.85151326578935,,1,23.0,,316,0
3543,165,54,2,queue,treatment_wait_begins,211.68829524636791,,1,24.0,,316,0
3544,167,55,2,queue,treatment_wait_begins,218.2635794691037,,1,25.0,,316,0
3545,181,56,2,queue,treatment_wait_begins,238.24236082502787,,1,26.0,,316,0
3546,185,58,2,queue,treatment_wait_begins,242.4802497949752,,1,27.0,,316,0
3547,187,59,2,queue,treatment_wait_begins,244.4690310645114,,1,28.0,,316,0
3548,189,60,2,queue,treatment_wait_begins,246.27574217918595,,1,29.0,,316,0
3549,193,62,2,queue,treatment_wait_begins,252.340535869662,,1,30.0,,316,0
3550,195,63,2,queue,treatment_wait_begins,259.21978013724924,,1,31.0,,316,0
3551,197,64,2,queue,treatment_wait_begins,266.7588257904633,,1,32.0,,316,0
3552,206,23,2,resource_use,treatment_begins,275.2058178030438,4.0,1,1.0,,316,0
3553,209,24,2,resource_use,treatment_begins,279.6254685109471,3.0,1,2.0,,316,0
3554,211,65,2,queue,treatment_wait_begins,293.3082397692622,,1,33.0,,316,0
3555,213,66,2,queue,treatment_wait_begins,303.841540943146,,1,34.0,,316,0
3556,215,67,2,queue,treatment_wait_begins,312.06587014562393,,1,35.0,,316,0
3557,218,25,2,resource_use,treatment_begins,315.53088597047247,1.0,1,3.0,,316,0
3558,221,26,2,resource_use,treatment_begins,315.86421229409024,2.0,1,4.0,,316,0
3559,91,29,2,queue,treatment_wait_begins,135.6372170444124,,1,1.0,,318,0
3560,93,30,2,queue,treatment_wait_begins,136.53537831628518,,1,2.0,,318,0
3561,95,31,2,queue,treatment_wait_begins,139.96198057430644,,1,3.0,,318,0
3562,97,32,2,queue,treatment_wait_begins,141.90538175510554,,1,4.0,,318,0
3563,99,33,2,queue,treatment_wait_begins,148.22641604293108,,1,5.0,,318,0
3564,101,34,2,queue,treatment_wait_begins,151.7688691800117,,1,6.0,,318,0
3565,106,35,2,queue,treatment_wait_begins,152.9585189515018,,1,7.0,,318,0
3566,116,37,2,queue,treatment_wait_begins,158.4717443187417,,1,8.0,,318,0
3567,118,38,2,queue,treatment_wait_begins,160.19091112593068,,1,9.0,,318,0
3568,120,39,2,queue,treatment_wait_begins,161.80046723046223,,1,10.0,,318,0
3569,127,41,2,queue,treatment_wait_begins,167.67977668606895,,1,11.0,,318,0
3570,129,42,2,queue,treatment_wait_begins,174.34828881122837,,1,12.0,,318,0
3571,133,44,2,queue,treatment_wait_begins,186.72302338228388,,1,13.0,,318,0
3572,135,45,2,queue,treatment_wait_begins,187.08816512218607,,1,14.0,,318,0
3573,140,46,2,queue,treatment_wait_begins,192.75850263079985,,1,15.0,,318,0
3574,148,47,2,queue,treatment_wait_begins,199.5301925701257,,1,16.0,,318,0
3575,153,48,2,queue,treatment_wait_begins,205.14039082741283,,1,17.0,,318,0
3576,155,49,2,queue,treatment_wait_begins,206.54063642859495,,1,18.0,,318,0
3577,157,50,2,queue,treatment_wait_begins,208.1453173837751,,1,19.0,,318,0
3578,159,51,2,queue,treatment_wait_begins,208.9739969202831,,1,20.0,,318,0
3579,161,52,2,queue,treatment_wait_begins,210.74581448374042,,1,21.0,,318,0
3580,163,53,2,queue,treatment_wait_begins,210.85151326578935,,1,22.0,,318,0
3581,165,54,2,queue,treatment_wait_begins,211.68829524636791,,1,23.0,,318,0
3582,167,55,2,queue,treatment_wait_begins,218.2635794691037,,1,24.0,,318,0
3583,181,56,2,queue,treatment_wait_begins,238.24236082502787,,1,25.0,,318,0
3584,185,58,2,queue,treatment_wait_begins,242.4802497949752,,1,26.0,,318,0
3585,187,59,2,queue,treatment_wait_begins,244.4690310645114,,1,27.0,,318,0
3586,189,60,2,queue,treatment_wait_begins,246.27574217918595,,1,28.0,,318,0
3587,193,62,2,queue,treatment_wait_begins,252.340535869662,,1,29.0,,318,0
3588,195,63,2,queue,treatment_wait_begins,259.21978013724924,,1,30.0,,318,0
3589,197,64,2,queue,treatment_wait_begins,266.7588257904633,,1,31.0,,318,0
3590,209,24,2,resource_use,treatment_begins,279.6254685109471,3.0,1,1.0,,318,0
3591,211,65,2,queue,treatment_wait_begins,293.3082397692622,,1,32.0,,318,0
3592,213,66,2,queue,treatment_wait_begins,303.841540943146,,1,33.0,,318,0
3593,215,67,2,queue,treatment_wait_begins,312.06587014562393,,1,34.0,,318,0
3594,218,25,2,resource_use,treatment_begins,315.53088597047247,1.0,1,2.0,,318,0
3595,221,26,2,resource_use,treatment_begins,315.86421229409024,2.0,1,3.0,,318,0
3596,224,28,2,resource_use,treatment_begins,316.9900519816555,4.0,1,4.0,,318,0
3597,226,68,2,queue,treatment_wait_begins,317.28332755550696,,1,35.0,,318,0
3598,91,29,2,queue,treatment_wait_begins,135.6372170444124,,1,1.0,,320,0
3599,93,30,2,queue,treatment_wait_begins,136.53537831628518,,1,2.0,,320,0
3600,95,31,2,queue,treatment_wait_begins,139.96198057430644,,1,3.0,,320,0
3601,97,32,2,queue,treatment_wait_begins,141.90538175510554,,1,4.0,,320,0
3602,99,33,2,queue,treatment_wait_begins,148.22641604293108,,1,5.0,,320,0
3603,101,34,2,queue,treatment_wait_begins,151.7688691800117,,1,6.0,,320,0
3604,106,35,2,queue,treatment_wait_begins,152.9585189515018,,1,7.0,,320,0
3605,116,37,2,queue,treatment_wait_begins,158.4717443187417,,1,8.0,,320,0
3606,118,38,2,queue,treatment_wait_begins,160.19091112593068,,1,9.0,,320,0
3607,120,39,2,queue,treatment_wait_begins,161.80046723046223,,1,10.0,,320,0
3608,127,41,2,queue,treatment_wait_begins,167.67977668606895,,1,11.0,,320,0
3609,129,42,2,queue,treatment_wait_begins,174.34828881122837,,1,12.0,,320,0
3610,133,44,2,queue,treatment_wait_begins,186.72302338228388,,1,13.0,,320,0
3611,135,45,2,queue,treatment_wait_begins,187.08816512218607,,1,14.0,,320,0
3612,140,46,2,queue,treatment_wait_begins,192.75850263079985,,1,15.0,,320,0
3613,148,47,2,queue,treatment_wait_begins,199.5301925701257,,1,16.0,,320,0
3614,153,48,2,queue,treatment_wait_begins,205.14039082741283,,1,17.0,,320,0
3615,155,49,2,queue,treatment_wait_begins,206.54063642859495,,1,18.0,,320,0
3616,157,50,2,queue,treatment_wait_begins,208.1453173837751,,1,19.0,,320,0
3617,159,51,2,queue,treatment_wait_begins,208.9739969202831,,1,20.0,,320,0
3618,161,52,2,queue,treatment_wait_begins,210.74581448374042,,1,21.0,,320,0
3619,163,53,2,queue,treatment_wait_begins,210.85151326578935,,1,22.0,,320,0
3620,165,54,2,queue,treatment_wait_begins,211.68829524636791,,1,23.0,,320,0
3621,167,55,2,queue,treatment_wait_begins,218.2635794691037,,1,24.0,,320,0
3622,181,56,2,queue,treatment_wait_begins,238.24236082502787,,1,25.0,,320,0
3623,185,58,2,queue,treatment_wait_begins,242.4802497949752,,1,26.0,,320,0
3624,187,59,2,queue,treatment_wait_begins,244.4690310645114,,1,27.0,,320,0
3625,189,60,2,queue,treatment_wait_begins,246.27574217918595,,1,28.0,,320,0
3626,193,62,2,queue,treatment_wait_begins,252.340535869662,,1,29.0,,320,0
3627,195,63,2,queue,treatment_wait_begins,259.21978013724924,,1,30.0,,320,0
3628,197,64,2,queue,treatment_wait_begins,266.7588257904633,,1,31.0,,320,0
3629,209,24,2,resource_use,treatment_begins,279.6254685109471,3.0,1,1.0,,320,0
3630,211,65,2,queue,treatment_wait_begins,293.3082397692622,,1,32.0,,320,0
3631,213,66,2,queue,treatment_wait_begins,303.841540943146,,1,33.0,,320,0
3632,215,67,2,queue,treatment_wait_begins,312.06587014562393,,1,34.0,,320,0
3633,218,25,2,resource_use,treatment_begins,315.53088597047247,1.0,1,2.0,,320,0
3634,221,26,2,resource_use,treatment_begins,315.86421229409024,2.0,1,3.0,,320,0
3635,224,28,2,resource_use,treatment_begins,316.9900519816555,4.0,1,4.0,,320,0
3636,226,68,2,queue,treatment_wait_begins,317.28332755550696,,1,35.0,,320,0
3637,93,30,2,queue,treatment_wait_begins,136.53537831628518,,1,1.0,,322,0
3638,95,31,2,queue,treatment_wait_begins,139.96198057430644,,1,2.0,,322,0
3639,97,32,2,queue,treatment_wait_begins,141.90538175510554,,1,3.0,,322,0
3640,99,33,2,queue,treatment_wait_begins,148.22641604293108,,1,4.0,,322,0
3641,101,34,2,queue,treatment_wait_begins,151.7688691800117,,1,5.0,,322,0
3642,106,35,2,queue,treatment_wait_begins,152.9585189515018,,1,6.0,,322,0
3643,116,37,2,queue,treatment_wait_begins,158.4717443187417,,1,7.0,,322,0
3644,118,38,2,queue,treatment_wait_begins,160.19091112593068,,1,8.0,,322,0
3645,120,39,2,queue,treatment_wait_begins,161.80046723046223,,1,9.0,,322,0
3646,127,41,2,queue,treatment_wait_begins,167.67977668606895,,1,10.0,,322,0
3647,129,42,2,queue,treatment_wait_begins,174.34828881122837,,1,11.0,,322,0
3648,133,44,2,queue,treatment_wait_begins,186.72302338228388,,1,12.0,,322,0
3649,135,45,2,queue,treatment_wait_begins,187.08816512218607,,1,13.0,,322,0
3650,140,46,2,queue,treatment_wait_begins,192.75850263079985,,1,14.0,,322,0
3651,148,47,2,queue,treatment_wait_begins,199.5301925701257,,1,15.0,,322,0
3652,153,48,2,queue,treatment_wait_begins,205.14039082741283,,1,16.0,,322,0
3653,155,49,2,queue,treatment_wait_begins,206.54063642859495,,1,17.0,,322,0
3654,157,50,2,queue,treatment_wait_begins,208.1453173837751,,1,18.0,,322,0
3655,159,51,2,queue,treatment_wait_begins,208.9739969202831,,1,19.0,,322,0
3656,161,52,2,queue,treatment_wait_begins,210.74581448374042,,1,20.0,,322,0
3657,163,53,2,queue,treatment_wait_begins,210.85151326578935,,1,21.0,,322,0
3658,165,54,2,queue,treatment_wait_begins,211.68829524636791,,1,22.0,,322,0
3659,167,55,2,queue,treatment_wait_begins,218.2635794691037,,1,23.0,,322,0
3660,181,56,2,queue,treatment_wait_begins,238.24236082502787,,1,24.0,,322,0
3661,185,58,2,queue,treatment_wait_begins,242.4802497949752,,1,25.0,,322,0
3662,187,59,2,queue,treatment_wait_begins,244.4690310645114,,1,26.0,,322,0
3663,189,60,2,queue,treatment_wait_begins,246.27574217918595,,1,27.0,,322,0
3664,193,62,2,queue,treatment_wait_begins,252.340535869662,,1,28.0,,322,0
3665,195,63,2,queue,treatment_wait_begins,259.21978013724924,,1,29.0,,322,0
3666,197,64,2,queue,treatment_wait_begins,266.7588257904633,,1,30.0,,322,0
3667,211,65,2,queue,treatment_wait_begins,293.3082397692622,,1,31.0,,322,0
3668,213,66,2,queue,treatment_wait_begins,303.841540943146,,1,32.0,,322,0
3669,215,67,2,queue,treatment_wait_begins,312.06587014562393,,1,33.0,,322,0
3670,218,25,2,resource_use,treatment_begins,315.53088597047247,1.0,1,1.0,,322,0
3671,221,26,2,resource_use,treatment_begins,315.86421229409024,2.0,1,2.0,,322,0
3672,224,28,2,resource_use,treatment_begins,316.9900519816555,4.0,1,3.0,,322,0
3673,226,68,2,queue,treatment_wait_begins,317.28332755550696,,1,34.0,,322,0
3674,228,69,2,queue,treatment_wait_begins,320.2459485503109,,1,35.0,,322,0
3675,230,70,2,queue,treatment_wait_begins,320.46821633167013,,1,36.0,,322,0
3676,233,29,2,resource_use,treatment_begins,321.50391899214605,3.0,1,4.0,,322,0
3677,93,30,2,queue,treatment_wait_begins,136.53537831628518,,1,1.0,,324,0
3678,95,31,2,queue,treatment_wait_begins,139.96198057430644,,1,2.0,,324,0
3679,97,32,2,queue,treatment_wait_begins,141.90538175510554,,1,3.0,,324,0
3680,99,33,2,queue,treatment_wait_begins,148.22641604293108,,1,4.0,,324,0
3681,101,34,2,queue,treatment_wait_begins,151.7688691800117,,1,5.0,,324,0
3682,106,35,2,queue,treatment_wait_begins,152.9585189515018,,1,6.0,,324,0
3683,116,37,2,queue,treatment_wait_begins,158.4717443187417,,1,7.0,,324,0
3684,118,38,2,queue,treatment_wait_begins,160.19091112593068,,1,8.0,,324,0
3685,120,39,2,queue,treatment_wait_begins,161.80046723046223,,1,9.0,,324,0
3686,127,41,2,queue,treatment_wait_begins,167.67977668606895,,1,10.0,,324,0
3687,129,42,2,queue,treatment_wait_begins,174.34828881122837,,1,11.0,,324,0
3688,133,44,2,queue,treatment_wait_begins,186.72302338228388,,1,12.0,,324,0
3689,135,45,2,queue,treatment_wait_begins,187.08816512218607,,1,13.0,,324,0
3690,140,46,2,queue,treatment_wait_begins,192.75850263079985,,1,14.0,,324,0
3691,148,47,2,queue,treatment_wait_begins,199.5301925701257,,1,15.0,,324,0
3692,153,48,2,queue,treatment_wait_begins,205.14039082741283,,1,16.0,,324,0
3693,155,49,2,queue,treatment_wait_begins,206.54063642859495,,1,17.0,,324,0
3694,157,50,2,queue,treatment_wait_begins,208.1453173837751,,1,18.0,,324,0
3695,159,51,2,queue,treatment_wait_begins,208.9739969202831,,1,19.0,,324,0
3696,161,52,2,queue,treatment_wait_begins,210.74581448374042,,1,20.0,,324,0
3697,163,53,2,queue,treatment_wait_begins,210.85151326578935,,1,21.0,,324,0
3698,165,54,2,queue,treatment_wait_begins,211.68829524636791,,1,22.0,,324,0
3699,167,55,2,queue,treatment_wait_begins,218.2635794691037,,1,23.0,,324,0
3700,181,56,2,queue,treatment_wait_begins,238.24236082502787,,1,24.0,,324,0
3701,185,58,2,queue,treatment_wait_begins,242.4802497949752,,1,25.0,,324,0
3702,187,59,2,queue,treatment_wait_begins,244.4690310645114,,1,26.0,,324,0
3703,189,60,2,queue,treatment_wait_begins,246.27574217918595,,1,27.0,,324,0
3704,193,62,2,queue,treatment_wait_begins,252.340535869662,,1,28.0,,324,0
3705,195,63,2,queue,treatment_wait_begins,259.21978013724924,,1,29.0,,324,0
3706,197,64,2,queue,treatment_wait_begins,266.7588257904633,,1,30.0,,324,0
3707,211,65,2,queue,treatment_wait_begins,293.3082397692622,,1,31.0,,324,0
3708,213,66,2,queue,treatment_wait_begins,303.841540943146,,1,32.0,,324,0
3709,215,67,2,queue,treatment_wait_begins,312.06587014562393,,1,33.0,,324,0
3710,218,25,2,resource_use,treatment_begins,315.53088597047247,1.0,1,1.0,,324,0
3711,221,26,2,resource_use,treatment_begins,315.86421229409024,2.0,1,2.0,,324,0
3712,224,28,2,resource_use,treatment_begins,316.9900519816555,4.0,1,3.0,,324,0
3713,226,68,2,queue,treatment_wait_begins,317.28332755550696,,1,34.0,,324,0
3714,228,69,2,queue,treatment_wait_begins,320.2459485503109,,1,35.0,,324,0
3715,230,70,2,queue,treatment_wait_begins,320.46821633167013,,1,36.0,,324,0
3716,233,29,2,resource_use,treatment_begins,321.50391899214605,3.0,1,4.0,,324,0
3717,93,30,2,queue,treatment_wait_begins,136.53537831628518,,1,1.0,,326,0
3718,95,31,2,queue,treatment_wait_begins,139.96198057430644,,1,2.0,,326,0
3719,97,32,2,queue,treatment_wait_begins,141.90538175510554,,1,3.0,,326,0
3720,99,33,2,queue,treatment_wait_begins,148.22641604293108,,1,4.0,,326,0
3721,101,34,2,queue,treatment_wait_begins,151.7688691800117,,1,5.0,,326,0
3722,106,35,2,queue,treatment_wait_begins,152.9585189515018,,1,6.0,,326,0
3723,116,37,2,queue,treatment_wait_begins,158.4717443187417,,1,7.0,,326,0
3724,118,38,2,queue,treatment_wait_begins,160.19091112593068,,1,8.0,,326,0
3725,120,39,2,queue,treatment_wait_begins,161.80046723046223,,1,9.0,,326,0
3726,127,41,2,queue,treatment_wait_begins,167.67977668606895,,1,10.0,,326,0
3727,129,42,2,queue,treatment_wait_begins,174.34828881122837,,1,11.0,,326,0
3728,133,44,2,queue,treatment_wait_begins,186.72302338228388,,1,12.0,,326,0
3729,135,45,2,queue,treatment_wait_begins,187.08816512218607,,1,13.0,,326,0
3730,140,46,2,queue,treatment_wait_begins,192.75850263079985,,1,14.0,,326,0
3731,148,47,2,queue,treatment_wait_begins,199.5301925701257,,1,15.0,,326,0
3732,153,48,2,queue,treatment_wait_begins,205.14039082741283,,1,16.0,,326,0
3733,155,49,2,queue,treatment_wait_begins,206.54063642859495,,1,17.0,,326,0
3734,157,50,2,queue,treatment_wait_begins,208.1453173837751,,1,18.0,,326,0
3735,159,51,2,queue,treatment_wait_begins,208.9739969202831,,1,19.0,,326,0
3736,161,52,2,queue,treatment_wait_begins,210.74581448374042,,1,20.0,,326,0
3737,163,53,2,queue,treatment_wait_begins,210.85151326578935,,1,21.0,,326,0
3738,165,54,2,queue,treatment_wait_begins,211.68829524636791,,1,22.0,,326,0
3739,167,55,2,queue,treatment_wait_begins,218.2635794691037,,1,23.0,,326,0
3740,181,56,2,queue,treatment_wait_begins,238.24236082502787,,1,24.0,,326,0
3741,185,58,2,queue,treatment_wait_begins,242.4802497949752,,1,25.0,,326,0
3742,187,59,2,queue,treatment_wait_begins,244.4690310645114,,1,26.0,,326,0
3743,189,60,2,queue,treatment_wait_begins,246.27574217918595,,1,27.0,,326,0
3744,193,62,2,queue,treatment_wait_begins,252.340535869662,,1,28.0,,326,0
3745,195,63,2,queue,treatment_wait_begins,259.21978013724924,,1,29.0,,326,0
3746,197,64,2,queue,treatment_wait_begins,266.7588257904633,,1,30.0,,326,0
3747,211,65,2,queue,treatment_wait_begins,293.3082397692622,,1,31.0,,326,0
3748,213,66,2,queue,treatment_wait_begins,303.841540943146,,1,32.0,,326,0
3749,215,67,2,queue,treatment_wait_begins,312.06587014562393,,1,33.0,,326,0
3750,218,25,2,resource_use,treatment_begins,315.53088597047247,1.0,1,1.0,,326,0
3751,221,26,2,resource_use,treatment_begins,315.86421229409024,2.0,1,2.0,,326,0
3752,224,28,2,resource_use,treatment_begins,316.9900519816555,4.0,1,3.0,,326,0
3753,226,68,2,queue,treatment_wait_begins,317.28332755550696,,1,34.0,,326,0
3754,228,69,2,queue,treatment_wait_begins,320.2459485503109,,1,35.0,,326,0
3755,230,70,2,queue,treatment_wait_begins,320.46821633167013,,1,36.0,,326,0
3756,233,29,2,resource_use,treatment_begins,321.50391899214605,3.0,1,4.0,,326,0
3757,235,71,2,queue,treatment_wait_begins,325.25123026577114,,1,37.0,,326,0
3758,93,30,2,queue,treatment_wait_begins,136.53537831628518,,1,1.0,,328,0
3759,95,31,2,queue,treatment_wait_begins,139.96198057430644,,1,2.0,,328,0
3760,97,32,2,queue,treatment_wait_begins,141.90538175510554,,1,3.0,,328,0
3761,99,33,2,queue,treatment_wait_begins,148.22641604293108,,1,4.0,,328,0
3762,101,34,2,queue,treatment_wait_begins,151.7688691800117,,1,5.0,,328,0
3763,106,35,2,queue,treatment_wait_begins,152.9585189515018,,1,6.0,,328,0
3764,116,37,2,queue,treatment_wait_begins,158.4717443187417,,1,7.0,,328,0
3765,118,38,2,queue,treatment_wait_begins,160.19091112593068,,1,8.0,,328,0
3766,120,39,2,queue,treatment_wait_begins,161.80046723046223,,1,9.0,,328,0
3767,127,41,2,queue,treatment_wait_begins,167.67977668606895,,1,10.0,,328,0
3768,129,42,2,queue,treatment_wait_begins,174.34828881122837,,1,11.0,,328,0
3769,133,44,2,queue,treatment_wait_begins,186.72302338228388,,1,12.0,,328,0
3770,135,45,2,queue,treatment_wait_begins,187.08816512218607,,1,13.0,,328,0
3771,140,46,2,queue,treatment_wait_begins,192.75850263079985,,1,14.0,,328,0
3772,148,47,2,queue,treatment_wait_begins,199.5301925701257,,1,15.0,,328,0
3773,153,48,2,queue,treatment_wait_begins,205.14039082741283,,1,16.0,,328,0
3774,155,49,2,queue,treatment_wait_begins,206.54063642859495,,1,17.0,,328,0
3775,157,50,2,queue,treatment_wait_begins,208.1453173837751,,1,18.0,,328,0
3776,159,51,2,queue,treatment_wait_begins,208.9739969202831,,1,19.0,,328,0
3777,161,52,2,queue,treatment_wait_begins,210.74581448374042,,1,20.0,,328,0
3778,163,53,2,queue,treatment_wait_begins,210.85151326578935,,1,21.0,,328,0
3779,165,54,2,queue,treatment_wait_begins,211.68829524636791,,1,22.0,,328,0
3780,167,55,2,queue,treatment_wait_begins,218.2635794691037,,1,23.0,,328,0
3781,181,56,2,queue,treatment_wait_begins,238.24236082502787,,1,24.0,,328,0
3782,185,58,2,queue,treatment_wait_begins,242.4802497949752,,1,25.0,,328,0
3783,187,59,2,queue,treatment_wait_begins,244.4690310645114,,1,26.0,,328,0
3784,189,60,2,queue,treatment_wait_begins,246.27574217918595,,1,27.0,,328,0
3785,193,62,2,queue,treatment_wait_begins,252.340535869662,,1,28.0,,328,0
3786,195,63,2,queue,treatment_wait_begins,259.21978013724924,,1,29.0,,328,0
3787,197,64,2,queue,treatment_wait_begins,266.7588257904633,,1,30.0,,328,0
3788,211,65,2,queue,treatment_wait_begins,293.3082397692622,,1,31.0,,328,0
3789,213,66,2,queue,treatment_wait_begins,303.841540943146,,1,32.0,,328,0
3790,215,67,2,queue,treatment_wait_begins,312.06587014562393,,1,33.0,,328,0
3791,218,25,2,resource_use,treatment_begins,315.53088597047247,1.0,1,1.0,,328,0
3792,221,26,2,resource_use,treatment_begins,315.86421229409024,2.0,1,2.0,,328,0
3793,224,28,2,resource_use,treatment_begins,316.9900519816555,4.0,1,3.0,,328,0
3794,226,68,2,queue,treatment_wait_begins,317.28332755550696,,1,34.0,,328,0
3795,228,69,2,queue,treatment_wait_begins,320.2459485503109,,1,35.0,,328,0
3796,230,70,2,queue,treatment_wait_begins,320.46821633167013,,1,36.0,,328,0
3797,233,29,2,resource_use,treatment_begins,321.50391899214605,3.0,1,4.0,,328,0
3798,235,71,2,queue,treatment_wait_begins,325.25123026577114,,1,37.0,,328,0
3799,93,30,2,queue,treatment_wait_begins,136.53537831628518,,1,1.0,,330,0
3800,95,31,2,queue,treatment_wait_begins,139.96198057430644,,1,2.0,,330,0
3801,97,32,2,queue,treatment_wait_begins,141.90538175510554,,1,3.0,,330,0
3802,99,33,2,queue,treatment_wait_begins,148.22641604293108,,1,4.0,,330,0
3803,101,34,2,queue,treatment_wait_begins,151.7688691800117,,1,5.0,,330,0
3804,106,35,2,queue,treatment_wait_begins,152.9585189515018,,1,6.0,,330,0
3805,116,37,2,queue,treatment_wait_begins,158.4717443187417,,1,7.0,,330,0
3806,118,38,2,queue,treatment_wait_begins,160.19091112593068,,1,8.0,,330,0
3807,120,39,2,queue,treatment_wait_begins,161.80046723046223,,1,9.0,,330,0
3808,127,41,2,queue,treatment_wait_begins,167.67977668606895,,1,10.0,,330,0
3809,129,42,2,queue,treatment_wait_begins,174.34828881122837,,1,11.0,,330,0
3810,133,44,2,queue,treatment_wait_begins,186.72302338228388,,1,12.0,,330,0
3811,135,45,2,queue,treatment_wait_begins,187.08816512218607,,1,13.0,,330,0
3812,140,46,2,queue,treatment_wait_begins,192.75850263079985,,1,14.0,,330,0
3813,148,47,2,queue,treatment_wait_begins,199.5301925701257,,1,15.0,,330,0
3814,153,48,2,queue,treatment_wait_begins,205.14039082741283,,1,16.0,,330,0
3815,155,49,2,queue,treatment_wait_begins,206.54063642859495,,1,17.0,,330,0
3816,157,50,2,queue,treatment_wait_begins,208.1453173837751,,1,18.0,,330,0
3817,159,51,2,queue,treatment_wait_begins,208.9739969202831,,1,19.0,,330,0
3818,161,52,2,queue,treatment_wait_begins,210.74581448374042,,1,20.0,,330,0
3819,163,53,2,queue,treatment_wait_begins,210.85151326578935,,1,21.0,,330,0
3820,165,54,2,queue,treatment_wait_begins,211.68829524636791,,1,22.0,,330,0
3821,167,55,2,queue,treatment_wait_begins,218.2635794691037,,1,23.0,,330,0
3822,181,56,2,queue,treatment_wait_begins,238.24236082502787,,1,24.0,,330,0
3823,185,58,2,queue,treatment_wait_begins,242.4802497949752,,1,25.0,,330,0
3824,187,59,2,queue,treatment_wait_begins,244.4690310645114,,1,26.0,,330,0
3825,189,60,2,queue,treatment_wait_begins,246.27574217918595,,1,27.0,,330,0
3826,193,62,2,queue,treatment_wait_begins,252.340535869662,,1,28.0,,330,0
3827,195,63,2,queue,treatment_wait_begins,259.21978013724924,,1,29.0,,330,0
3828,197,64,2,queue,treatment_wait_begins,266.7588257904633,,1,30.0,,330,0
3829,211,65,2,queue,treatment_wait_begins,293.3082397692622,,1,31.0,,330,0
3830,213,66,2,queue,treatment_wait_begins,303.841540943146,,1,32.0,,330,0
3831,215,67,2,queue,treatment_wait_begins,312.06587014562393,,1,33.0,,330,0
3832,218,25,2,resource_use,treatment_begins,315.53088597047247,1.0,1,1.0,,330,0
3833,221,26,2,resource_use,treatment_begins,315.86421229409024,2.0,1,2.0,,330,0
3834,224,28,2,resource_use,treatment_begins,316.9900519816555,4.0,1,3.0,,330,0
3835,226,68,2,queue,treatment_wait_begins,317.28332755550696,,1,34.0,,330,0
3836,228,69,2,queue,treatment_wait_begins,320.2459485503109,,1,35.0,,330,0
3837,230,70,2,queue,treatment_wait_begins,320.46821633167013,,1,36.0,,330,0
3838,233,29,2,resource_use,treatment_begins,321.50391899214605,3.0,1,4.0,,330,0
3839,235,71,2,queue,treatment_wait_begins,325.25123026577114,,1,37.0,,330,0
3840,237,72,1,queue,treatment_wait_begins,328.35814570323583,,1,38.0,,330,0
3841,93,30,2,queue,treatment_wait_begins,136.53537831628518,,1,1.0,,332,0
3842,95,31,2,queue,treatment_wait_begins,139.96198057430644,,1,2.0,,332,0
3843,97,32,2,queue,treatment_wait_begins,141.90538175510554,,1,3.0,,332,0
3844,99,33,2,queue,treatment_wait_begins,148.22641604293108,,1,4.0,,332,0
3845,101,34,2,queue,treatment_wait_begins,151.7688691800117,,1,5.0,,332,0
3846,106,35,2,queue,treatment_wait_begins,152.9585189515018,,1,6.0,,332,0
3847,116,37,2,queue,treatment_wait_begins,158.4717443187417,,1,7.0,,332,0
3848,118,38,2,queue,treatment_wait_begins,160.19091112593068,,1,8.0,,332,0
3849,120,39,2,queue,treatment_wait_begins,161.80046723046223,,1,9.0,,332,0
3850,127,41,2,queue,treatment_wait_begins,167.67977668606895,,1,10.0,,332,0
3851,129,42,2,queue,treatment_wait_begins,174.34828881122837,,1,11.0,,332,0
3852,133,44,2,queue,treatment_wait_begins,186.72302338228388,,1,12.0,,332,0
3853,135,45,2,queue,treatment_wait_begins,187.08816512218607,,1,13.0,,332,0
3854,140,46,2,queue,treatment_wait_begins,192.75850263079985,,1,14.0,,332,0
3855,148,47,2,queue,treatment_wait_begins,199.5301925701257,,1,15.0,,332,0
3856,153,48,2,queue,treatment_wait_begins,205.14039082741283,,1,16.0,,332,0
3857,155,49,2,queue,treatment_wait_begins,206.54063642859495,,1,17.0,,332,0
3858,157,50,2,queue,treatment_wait_begins,208.1453173837751,,1,18.0,,332,0
3859,159,51,2,queue,treatment_wait_begins,208.9739969202831,,1,19.0,,332,0
3860,161,52,2,queue,treatment_wait_begins,210.74581448374042,,1,20.0,,332,0
3861,163,53,2,queue,treatment_wait_begins,210.85151326578935,,1,21.0,,332,0
3862,165,54,2,queue,treatment_wait_begins,211.68829524636791,,1,22.0,,332,0
3863,167,55,2,queue,treatment_wait_begins,218.2635794691037,,1,23.0,,332,0
3864,181,56,2,queue,treatment_wait_begins,238.24236082502787,,1,24.0,,332,0
3865,185,58,2,queue,treatment_wait_begins,242.4802497949752,,1,25.0,,332,0
3866,187,59,2,queue,treatment_wait_begins,244.4690310645114,,1,26.0,,332,0
3867,189,60,2,queue,treatment_wait_begins,246.27574217918595,,1,27.0,,332,0
3868,193,62,2,queue,treatment_wait_begins,252.340535869662,,1,28.0,,332,0
3869,195,63,2,queue,treatment_wait_begins,259.21978013724924,,1,29.0,,332,0
3870,197,64,2,queue,treatment_wait_begins,266.7588257904633,,1,30.0,,332,0
3871,211,65,2,queue,treatment_wait_begins,293.3082397692622,,1,31.0,,332,0
3872,213,66,2,queue,treatment_wait_begins,303.841540943146,,1,32.0,,332,0
3873,215,67,2,queue,treatment_wait_begins,312.06587014562393,,1,33.0,,332,0
3874,218,25,2,resource_use,treatment_begins,315.53088597047247,1.0,1,1.0,,332,0
3875,221,26,2,resource_use,treatment_begins,315.86421229409024,2.0,1,2.0,,332,0
3876,224,28,2,resource_use,treatment_begins,316.9900519816555,4.0,1,3.0,,332,0
3877,226,68,2,queue,treatment_wait_begins,317.28332755550696,,1,34.0,,332,0
3878,228,69,2,queue,treatment_wait_begins,320.2459485503109,,1,35.0,,332,0
3879,230,70,2,queue,treatment_wait_begins,320.46821633167013,,1,36.0,,332,0
3880,233,29,2,resource_use,treatment_begins,321.50391899214605,3.0,1,4.0,,332,0
3881,235,71,2,queue,treatment_wait_begins,325.25123026577114,,1,37.0,,332,0
3882,237,72,1,queue,treatment_wait_begins,328.35814570323583,,1,38.0,,332,0
3883,93,30,2,queue,treatment_wait_begins,136.53537831628518,,1,1.0,,334,0
3884,95,31,2,queue,treatment_wait_begins,139.96198057430644,,1,2.0,,334,0
3885,97,32,2,queue,treatment_wait_begins,141.90538175510554,,1,3.0,,334,0
3886,99,33,2,queue,treatment_wait_begins,148.22641604293108,,1,4.0,,334,0
3887,101,34,2,queue,treatment_wait_begins,151.7688691800117,,1,5.0,,334,0
3888,106,35,2,queue,treatment_wait_begins,152.9585189515018,,1,6.0,,334,0
3889,116,37,2,queue,treatment_wait_begins,158.4717443187417,,1,7.0,,334,0
3890,118,38,2,queue,treatment_wait_begins,160.19091112593068,,1,8.0,,334,0
3891,120,39,2,queue,treatment_wait_begins,161.80046723046223,,1,9.0,,334,0
3892,127,41,2,queue,treatment_wait_begins,167.67977668606895,,1,10.0,,334,0
3893,129,42,2,queue,treatment_wait_begins,174.34828881122837,,1,11.0,,334,0
3894,133,44,2,queue,treatment_wait_begins,186.72302338228388,,1,12.0,,334,0
3895,135,45,2,queue,treatment_wait_begins,187.08816512218607,,1,13.0,,334,0
3896,140,46,2,queue,treatment_wait_begins,192.75850263079985,,1,14.0,,334,0
3897,148,47,2,queue,treatment_wait_begins,199.5301925701257,,1,15.0,,334,0
3898,153,48,2,queue,treatment_wait_begins,205.14039082741283,,1,16.0,,334,0
3899,155,49,2,queue,treatment_wait_begins,206.54063642859495,,1,17.0,,334,0
3900,157,50,2,queue,treatment_wait_begins,208.1453173837751,,1,18.0,,334,0
3901,159,51,2,queue,treatment_wait_begins,208.9739969202831,,1,19.0,,334,0
3902,161,52,2,queue,treatment_wait_begins,210.74581448374042,,1,20.0,,334,0
3903,163,53,2,queue,treatment_wait_begins,210.85151326578935,,1,21.0,,334,0
3904,165,54,2,queue,treatment_wait_begins,211.68829524636791,,1,22.0,,334,0
3905,167,55,2,queue,treatment_wait_begins,218.2635794691037,,1,23.0,,334,0
3906,181,56,2,queue,treatment_wait_begins,238.24236082502787,,1,24.0,,334,0
3907,185,58,2,queue,treatment_wait_begins,242.4802497949752,,1,25.0,,334,0
3908,187,59,2,queue,treatment_wait_begins,244.4690310645114,,1,26.0,,334,0
3909,189,60,2,queue,treatment_wait_begins,246.27574217918595,,1,27.0,,334,0
3910,193,62,2,queue,treatment_wait_begins,252.340535869662,,1,28.0,,334,0
3911,195,63,2,queue,treatment_wait_begins,259.21978013724924,,1,29.0,,334,0
3912,197,64,2,queue,treatment_wait_begins,266.7588257904633,,1,30.0,,334,0
3913,211,65,2,queue,treatment_wait_begins,293.3082397692622,,1,31.0,,334,0
3914,213,66,2,queue,treatment_wait_begins,303.841540943146,,1,32.0,,334,0
3915,215,67,2,queue,treatment_wait_begins,312.06587014562393,,1,33.0,,334,0
3916,218,25,2,resource_use,treatment_begins,315.53088597047247,1.0,1,1.0,,334,0
3917,221,26,2,resource_use,treatment_begins,315.86421229409024,2.0,1,2.0,,334,0
3918,224,28,2,resource_use,treatment_begins,316.9900519816555,4.0,1,3.0,,334,0
3919,226,68,2,queue,treatment_wait_begins,317.28332755550696,,1,34.0,,334,0
3920,228,69,2,queue,treatment_wait_begins,320.2459485503109,,1,35.0,,334,0
3921,230,70,2,queue,treatment_wait_begins,320.46821633167013,,1,36.0,,334,0
3922,233,29,2,resource_use,treatment_begins,321.50391899214605,3.0,1,4.0,,334,0
3923,235,71,2,queue,treatment_wait_begins,325.25123026577114,,1,37.0,,334,0
3924,237,72,1,queue,treatment_wait_begins,328.35814570323583,,1,38.0,,334,0
3925,93,30,2,queue,treatment_wait_begins,136.53537831628518,,1,1.0,,336,0
3926,95,31,2,queue,treatment_wait_begins,139.96198057430644,,1,2.0,,336,0
3927,97,32,2,queue,treatment_wait_begins,141.90538175510554,,1,3.0,,336,0
3928,99,33,2,queue,treatment_wait_begins,148.22641604293108,,1,4.0,,336,0
3929,101,34,2,queue,treatment_wait_begins,151.7688691800117,,1,5.0,,336,0
3930,106,35,2,queue,treatment_wait_begins,152.9585189515018,,1,6.0,,336,0
3931,116,37,2,queue,treatment_wait_begins,158.4717443187417,,1,7.0,,336,0
3932,118,38,2,queue,treatment_wait_begins,160.19091112593068,,1,8.0,,336,0
3933,120,39,2,queue,treatment_wait_begins,161.80046723046223,,1,9.0,,336,0
3934,127,41,2,queue,treatment_wait_begins,167.67977668606895,,1,10.0,,336,0
3935,129,42,2,queue,treatment_wait_begins,174.34828881122837,,1,11.0,,336,0
3936,133,44,2,queue,treatment_wait_begins,186.72302338228388,,1,12.0,,336,0
3937,135,45,2,queue,treatment_wait_begins,187.08816512218607,,1,13.0,,336,0
3938,140,46,2,queue,treatment_wait_begins,192.75850263079985,,1,14.0,,336,0
3939,148,47,2,queue,treatment_wait_begins,199.5301925701257,,1,15.0,,336,0
3940,153,48,2,queue,treatment_wait_begins,205.14039082741283,,1,16.0,,336,0
3941,155,49,2,queue,treatment_wait_begins,206.54063642859495,,1,17.0,,336,0
3942,157,50,2,queue,treatment_wait_begins,208.1453173837751,,1,18.0,,336,0
3943,159,51,2,queue,treatment_wait_begins,208.9739969202831,,1,19.0,,336,0
3944,161,52,2,queue,treatment_wait_begins,210.74581448374042,,1,20.0,,336,0
3945,163,53,2,queue,treatment_wait_begins,210.85151326578935,,1,21.0,,336,0
3946,165,54,2,queue,treatment_wait_begins,211.68829524636791,,1,22.0,,336,0
3947,167,55,2,queue,treatment_wait_begins,218.2635794691037,,1,23.0,,336,0
3948,181,56,2,queue,treatment_wait_begins,238.24236082502787,,1,24.0,,336,0
3949,185,58,2,queue,treatment_wait_begins,242.4802497949752,,1,25.0,,336,0
3950,187,59,2,queue,treatment_wait_begins,244.4690310645114,,1,26.0,,336,0
3951,189,60,2,queue,treatment_wait_begins,246.27574217918595,,1,27.0,,336,0
3952,193,62,2,queue,treatment_wait_begins,252.340535869662,,1,28.0,,336,0
3953,195,63,2,queue,treatment_wait_begins,259.21978013724924,,1,29.0,,336,0
3954,197,64,2,queue,treatment_wait_begins,266.7588257904633,,1,30.0,,336,0
3955,211,65,2,queue,treatment_wait_begins,293.3082397692622,,1,31.0,,336,0
3956,213,66,2,queue,treatment_wait_begins,303.841540943146,,1,32.0,,336,0
3957,215,67,2,queue,treatment_wait_begins,312.06587014562393,,1,33.0,,336,0
3958,218,25,2,resource_use,treatment_begins,315.53088597047247,1.0,1,1.0,,336,0
3959,221,26,2,resource_use,treatment_begins,315.86421229409024,2.0,1,2.0,,336,0
3960,224,28,2,resource_use,treatment_begins,316.9900519816555,4.0,1,3.0,,336,0
3961,226,68,2,queue,treatment_wait_begins,317.28332755550696,,1,34.0,,336,0
3962,228,69,2,queue,treatment_wait_begins,320.2459485503109,,1,35.0,,336,0
3963,230,70,2,queue,treatment_wait_begins,320.46821633167013,,1,36.0,,336,0
3964,233,29,2,resource_use,treatment_begins,321.50391899214605,3.0,1,4.0,,336,0
3965,235,71,2,queue,treatment_wait_begins,325.25123026577114,,1,37.0,,336,0
3966,237,72,1,queue,treatment_wait_begins,328.35814570323583,,1,38.0,,336,0
3967,239,73,1,queue,treatment_wait_begins,335.8979525787838,,1,39.0,,336,0
3968,93,30,2,queue,treatment_wait_begins,136.53537831628518,,1,1.0,,338,0
3969,95,31,2,queue,treatment_wait_begins,139.96198057430644,,1,2.0,,338,0
3970,97,32,2,queue,treatment_wait_begins,141.90538175510554,,1,3.0,,338,0
3971,99,33,2,queue,treatment_wait_begins,148.22641604293108,,1,4.0,,338,0
3972,101,34,2,queue,treatment_wait_begins,151.7688691800117,,1,5.0,,338,0
3973,106,35,2,queue,treatment_wait_begins,152.9585189515018,,1,6.0,,338,0
3974,116,37,2,queue,treatment_wait_begins,158.4717443187417,,1,7.0,,338,0
3975,118,38,2,queue,treatment_wait_begins,160.19091112593068,,1,8.0,,338,0
3976,120,39,2,queue,treatment_wait_begins,161.80046723046223,,1,9.0,,338,0
3977,127,41,2,queue,treatment_wait_begins,167.67977668606895,,1,10.0,,338,0
3978,129,42,2,queue,treatment_wait_begins,174.34828881122837,,1,11.0,,338,0
3979,133,44,2,queue,treatment_wait_begins,186.72302338228388,,1,12.0,,338,0
3980,135,45,2,queue,treatment_wait_begins,187.08816512218607,,1,13.0,,338,0
3981,140,46,2,queue,treatment_wait_begins,192.75850263079985,,1,14.0,,338,0
3982,148,47,2,queue,treatment_wait_begins,199.5301925701257,,1,15.0,,338,0
3983,153,48,2,queue,treatment_wait_begins,205.14039082741283,,1,16.0,,338,0
3984,155,49,2,queue,treatment_wait_begins,206.54063642859495,,1,17.0,,338,0
3985,157,50,2,queue,treatment_wait_begins,208.1453173837751,,1,18.0,,338,0
3986,159,51,2,queue,treatment_wait_begins,208.9739969202831,,1,19.0,,338,0
3987,161,52,2,queue,treatment_wait_begins,210.74581448374042,,1,20.0,,338,0
3988,163,53,2,queue,treatment_wait_begins,210.85151326578935,,1,21.0,,338,0
3989,165,54,2,queue,treatment_wait_begins,211.68829524636791,,1,22.0,,338,0
3990,167,55,2,queue,treatment_wait_begins,218.2635794691037,,1,23.0,,338,0
3991,181,56,2,queue,treatment_wait_begins,238.24236082502787,,1,24.0,,338,0
3992,185,58,2,queue,treatment_wait_begins,242.4802497949752,,1,25.0,,338,0
3993,187,59,2,queue,treatment_wait_begins,244.4690310645114,,1,26.0,,338,0
3994,189,60,2,queue,treatment_wait_begins,246.27574217918595,,1,27.0,,338,0
3995,193,62,2,queue,treatment_wait_begins,252.340535869662,,1,28.0,,338,0
3996,195,63,2,queue,treatment_wait_begins,259.21978013724924,,1,29.0,,338,0
3997,197,64,2,queue,treatment_wait_begins,266.7588257904633,,1,30.0,,338,0
3998,211,65,2,queue,treatment_wait_begins,293.3082397692622,,1,31.0,,338,0
3999,213,66,2,queue,treatment_wait_begins,303.841540943146,,1,32.0,,338,0
4000,215,67,2,queue,treatment_wait_begins,312.06587014562393,,1,33.0,,338,0
4001,218,25,2,resource_use,treatment_begins,315.53088597047247,1.0,1,1.0,,338,0
4002,221,26,2,resource_use,treatment_begins,315.86421229409024,2.0,1,2.0,,338,0
4003,224,28,2,resource_use,treatment_begins,316.9900519816555,4.0,1,3.0,,338,0
4004,226,68,2,queue,treatment_wait_begins,317.28332755550696,,1,34.0,,338,0
4005,228,69,2,queue,treatment_wait_begins,320.2459485503109,,1,35.0,,338,0
4006,230,70,2,queue,treatment_wait_begins,320.46821633167013,,1,36.0,,338,0
4007,233,29,2,resource_use,treatment_begins,321.50391899214605,3.0,1,4.0,,338,0
4008,235,71,2,queue,treatment_wait_begins,325.25123026577114,,1,37.0,,338,0
4009,237,72,1,queue,treatment_wait_begins,328.35814570323583,,1,38.0,,338,0
4010,239,73,1,queue,treatment_wait_begins,335.8979525787838,,1,39.0,,338,0
4011,93,30,2,queue,treatment_wait_begins,136.53537831628518,,1,1.0,,340,0
4012,95,31,2,queue,treatment_wait_begins,139.96198057430644,,1,2.0,,340,0
4013,97,32,2,queue,treatment_wait_begins,141.90538175510554,,1,3.0,,340,0
4014,99,33,2,queue,treatment_wait_begins,148.22641604293108,,1,4.0,,340,0
4015,101,34,2,queue,treatment_wait_begins,151.7688691800117,,1,5.0,,340,0
4016,106,35,2,queue,treatment_wait_begins,152.9585189515018,,1,6.0,,340,0
4017,116,37,2,queue,treatment_wait_begins,158.4717443187417,,1,7.0,,340,0
4018,118,38,2,queue,treatment_wait_begins,160.19091112593068,,1,8.0,,340,0
4019,120,39,2,queue,treatment_wait_begins,161.80046723046223,,1,9.0,,340,0
4020,127,41,2,queue,treatment_wait_begins,167.67977668606895,,1,10.0,,340,0
4021,129,42,2,queue,treatment_wait_begins,174.34828881122837,,1,11.0,,340,0
4022,133,44,2,queue,treatment_wait_begins,186.72302338228388,,1,12.0,,340,0
4023,135,45,2,queue,treatment_wait_begins,187.08816512218607,,1,13.0,,340,0
4024,140,46,2,queue,treatment_wait_begins,192.75850263079985,,1,14.0,,340,0
4025,148,47,2,queue,treatment_wait_begins,199.5301925701257,,1,15.0,,340,0
4026,153,48,2,queue,treatment_wait_begins,205.14039082741283,,1,16.0,,340,0
4027,155,49,2,queue,treatment_wait_begins,206.54063642859495,,1,17.0,,340,0
4028,157,50,2,queue,treatment_wait_begins,208.1453173837751,,1,18.0,,340,0
4029,159,51,2,queue,treatment_wait_begins,208.9739969202831,,1,19.0,,340,0
4030,161,52,2,queue,treatment_wait_begins,210.74581448374042,,1,20.0,,340,0
4031,163,53,2,queue,treatment_wait_begins,210.85151326578935,,1,21.0,,340,0
4032,165,54,2,queue,treatment_wait_begins,211.68829524636791,,1,22.0,,340,0
4033,167,55,2,queue,treatment_wait_begins,218.2635794691037,,1,23.0,,340,0
4034,181,56,2,queue,treatment_wait_begins,238.24236082502787,,1,24.0,,340,0
4035,185,58,2,queue,treatment_wait_begins,242.4802497949752,,1,25.0,,340,0
4036,187,59,2,queue,treatment_wait_begins,244.4690310645114,,1,26.0,,340,0
4037,189,60,2,queue,treatment_wait_begins,246.27574217918595,,1,27.0,,340,0
4038,193,62,2,queue,treatment_wait_begins,252.340535869662,,1,28.0,,340,0
4039,195,63,2,queue,treatment_wait_begins,259.21978013724924,,1,29.0,,340,0
4040,197,64,2,queue,treatment_wait_begins,266.7588257904633,,1,30.0,,340,0
4041,211,65,2,queue,treatment_wait_begins,293.3082397692622,,1,31.0,,340,0
4042,213,66,2,queue,treatment_wait_begins,303.841540943146,,1,32.0,,340,0
4043,215,67,2,queue,treatment_wait_begins,312.06587014562393,,1,33.0,,340,0
4044,218,25,2,resource_use,treatment_begins,315.53088597047247,1.0,1,1.0,,340,0
4045,221,26,2,resource_use,treatment_begins,315.86421229409024,2.0,1,2.0,,340,0
4046,224,28,2,resource_use,treatment_begins,316.9900519816555,4.0,1,3.0,,340,0
4047,226,68,2,queue,treatment_wait_begins,317.28332755550696,,1,34.0,,340,0
4048,228,69,2,queue,treatment_wait_begins,320.2459485503109,,1,35.0,,340,0
4049,230,70,2,queue,treatment_wait_begins,320.46821633167013,,1,36.0,,340,0
4050,233,29,2,resource_use,treatment_begins,321.50391899214605,3.0,1,4.0,,340,0
4051,235,71,2,queue,treatment_wait_begins,325.25123026577114,,1,37.0,,340,0
4052,237,72,1,queue,treatment_wait_begins,328.35814570323583,,1,38.0,,340,0
4053,239,73,1,queue,treatment_wait_begins,335.8979525787838,,1,39.0,,340,0
4054,93,30,2,queue,treatment_wait_begins,136.53537831628518,,1,1.0,,342,0
4055,95,31,2,queue,treatment_wait_begins,139.96198057430644,,1,2.0,,342,0
4056,97,32,2,queue,treatment_wait_begins,141.90538175510554,,1,3.0,,342,0
4057,99,33,2,queue,treatment_wait_begins,148.22641604293108,,1,4.0,,342,0
4058,101,34,2,queue,treatment_wait_begins,151.7688691800117,,1,5.0,,342,0
4059,106,35,2,queue,treatment_wait_begins,152.9585189515018,,1,6.0,,342,0
4060,116,37,2,queue,treatment_wait_begins,158.4717443187417,,1,7.0,,342,0
4061,118,38,2,queue,treatment_wait_begins,160.19091112593068,,1,8.0,,342,0
4062,120,39,2,queue,treatment_wait_begins,161.80046723046223,,1,9.0,,342,0
4063,127,41,2,queue,treatment_wait_begins,167.67977668606895,,1,10.0,,342,0
4064,129,42,2,queue,treatment_wait_begins,174.34828881122837,,1,11.0,,342,0
4065,133,44,2,queue,treatment_wait_begins,186.72302338228388,,1,12.0,,342,0
4066,135,45,2,queue,treatment_wait_begins,187.08816512218607,,1,13.0,,342,0
4067,140,46,2,queue,treatment_wait_begins,192.75850263079985,,1,14.0,,342,0
4068,148,47,2,queue,treatment_wait_begins,199.5301925701257,,1,15.0,,342,0
4069,153,48,2,queue,treatment_wait_begins,205.14039082741283,,1,16.0,,342,0
4070,155,49,2,queue,treatment_wait_begins,206.54063642859495,,1,17.0,,342,0
4071,157,50,2,queue,treatment_wait_begins,208.1453173837751,,1,18.0,,342,0
4072,159,51,2,queue,treatment_wait_begins,208.9739969202831,,1,19.0,,342,0
4073,161,52,2,queue,treatment_wait_begins,210.74581448374042,,1,20.0,,342,0
4074,163,53,2,queue,treatment_wait_begins,210.85151326578935,,1,21.0,,342,0
4075,165,54,2,queue,treatment_wait_begins,211.68829524636791,,1,22.0,,342,0
4076,167,55,2,queue,treatment_wait_begins,218.2635794691037,,1,23.0,,342,0
4077,181,56,2,queue,treatment_wait_begins,238.24236082502787,,1,24.0,,342,0
4078,185,58,2,queue,treatment_wait_begins,242.4802497949752,,1,25.0,,342,0
4079,187,59,2,queue,treatment_wait_begins,244.4690310645114,,1,26.0,,342,0
4080,189,60,2,queue,treatment_wait_begins,246.27574217918595,,1,27.0,,342,0
4081,193,62,2,queue,treatment_wait_begins,252.340535869662,,1,28.0,,342,0
4082,195,63,2,queue,treatment_wait_begins,259.21978013724924,,1,29.0,,342,0
4083,197,64,2,queue,treatment_wait_begins,266.7588257904633,,1,30.0,,342,0
4084,211,65,2,queue,treatment_wait_begins,293.3082397692622,,1,31.0,,342,0
4085,213,66,2,queue,treatment_wait_begins,303.841540943146,,1,32.0,,342,0
4086,215,67,2,queue,treatment_wait_begins,312.06587014562393,,1,33.0,,342,0
4087,218,25,2,resource_use,treatment_begins,315.53088597047247,1.0,1,1.0,,342,0
4088,221,26,2,resource_use,treatment_begins,315.86421229409024,2.0,1,2.0,,342,0
4089,224,28,2,resource_use,treatment_begins,316.9900519816555,4.0,1,3.0,,342,0
4090,226,68,2,queue,treatment_wait_begins,317.28332755550696,,1,34.0,,342,0
4091,228,69,2,queue,treatment_wait_begins,320.2459485503109,,1,35.0,,342,0
4092,230,70,2,queue,treatment_wait_begins,320.46821633167013,,1,36.0,,342,0
4093,233,29,2,resource_use,treatment_begins,321.50391899214605,3.0,1,4.0,,342,0
4094,235,71,2,queue,treatment_wait_begins,325.25123026577114,,1,37.0,,342,0
4095,237,72,1,queue,treatment_wait_begins,328.35814570323583,,1,38.0,,342,0
4096,239,73,1,queue,treatment_wait_begins,335.8979525787838,,1,39.0,,342,0
4097,93,30,2,queue,treatment_wait_begins,136.53537831628518,,1,1.0,,344,0
4098,95,31,2,queue,treatment_wait_begins,139.96198057430644,,1,2.0,,344,0
4099,97,32,2,queue,treatment_wait_begins,141.90538175510554,,1,3.0,,344,0
4100,99,33,2,queue,treatment_wait_begins,148.22641604293108,,1,4.0,,344,0
4101,101,34,2,queue,treatment_wait_begins,151.7688691800117,,1,5.0,,344,0
4102,106,35,2,queue,treatment_wait_begins,152.9585189515018,,1,6.0,,344,0
4103,116,37,2,queue,treatment_wait_begins,158.4717443187417,,1,7.0,,344,0
4104,118,38,2,queue,treatment_wait_begins,160.19091112593068,,1,8.0,,344,0
4105,120,39,2,queue,treatment_wait_begins,161.80046723046223,,1,9.0,,344,0
4106,127,41,2,queue,treatment_wait_begins,167.67977668606895,,1,10.0,,344,0
4107,129,42,2,queue,treatment_wait_begins,174.34828881122837,,1,11.0,,344,0
4108,133,44,2,queue,treatment_wait_begins,186.72302338228388,,1,12.0,,344,0
4109,135,45,2,queue,treatment_wait_begins,187.08816512218607,,1,13.0,,344,0
4110,140,46,2,queue,treatment_wait_begins,192.75850263079985,,1,14.0,,344,0
4111,148,47,2,queue,treatment_wait_begins,199.5301925701257,,1,15.0,,344,0
4112,153,48,2,queue,treatment_wait_begins,205.14039082741283,,1,16.0,,344,0
4113,155,49,2,queue,treatment_wait_begins,206.54063642859495,,1,17.0,,344,0
4114,157,50,2,queue,treatment_wait_begins,208.1453173837751,,1,18.0,,344,0
4115,159,51,2,queue,treatment_wait_begins,208.9739969202831,,1,19.0,,344,0
4116,161,52,2,queue,treatment_wait_begins,210.74581448374042,,1,20.0,,344,0
4117,163,53,2,queue,treatment_wait_begins,210.85151326578935,,1,21.0,,344,0
4118,165,54,2,queue,treatment_wait_begins,211.68829524636791,,1,22.0,,344,0
4119,167,55,2,queue,treatment_wait_begins,218.2635794691037,,1,23.0,,344,0
4120,181,56,2,queue,treatment_wait_begins,238.24236082502787,,1,24.0,,344,0
4121,185,58,2,queue,treatment_wait_begins,242.4802497949752,,1,25.0,,344,0
4122,187,59,2,queue,treatment_wait_begins,244.4690310645114,,1,26.0,,344,0
4123,189,60,2,queue,treatment_wait_begins,246.27574217918595,,1,27.0,,344,0
4124,193,62,2,queue,treatment_wait_begins,252.340535869662,,1,28.0,,344,0
4125,195,63,2,queue,treatment_wait_begins,259.21978013724924,,1,29.0,,344,0
4126,197,64,2,queue,treatment_wait_begins,266.7588257904633,,1,30.0,,344,0
4127,211,65,2,queue,treatment_wait_begins,293.3082397692622,,1,31.0,,344,0
4128,213,66,2,queue,treatment_wait_begins,303.841540943146,,1,32.0,,344,0
4129,215,67,2,queue,treatment_wait_begins,312.06587014562393,,1,33.0,,344,0
4130,218,25,2,resource_use,treatment_begins,315.53088597047247,1.0,1,1.0,,344,0
4131,221,26,2,resource_use,treatment_begins,315.86421229409024,2.0,1,2.0,,344,0
4132,224,28,2,resource_use,treatment_begins,316.9900519816555,4.0,1,3.0,,344,0
4133,226,68,2,queue,treatment_wait_begins,317.28332755550696,,1,34.0,,344,0
4134,228,69,2,queue,treatment_wait_begins,320.2459485503109,,1,35.0,,344,0
4135,230,70,2,queue,treatment_wait_begins,320.46821633167013,,1,36.0,,344,0
4136,233,29,2,resource_use,treatment_begins,321.50391899214605,3.0,1,4.0,,344,0
4137,235,71,2,queue,treatment_wait_begins,325.25123026577114,,1,37.0,,344,0
4138,237,72,1,queue,treatment_wait_begins,328.35814570323583,,1,38.0,,344,0
4139,239,73,1,queue,treatment_wait_begins,335.8979525787838,,1,39.0,,344,0
4140,93,30,2,queue,treatment_wait_begins,136.53537831628518,,1,1.0,,346,0
4141,95,31,2,queue,treatment_wait_begins,139.96198057430644,,1,2.0,,346,0
4142,97,32,2,queue,treatment_wait_begins,141.90538175510554,,1,3.0,,346,0
4143,99,33,2,queue,treatment_wait_begins,148.22641604293108,,1,4.0,,346,0
4144,101,34,2,queue,treatment_wait_begins,151.7688691800117,,1,5.0,,346,0
4145,106,35,2,queue,treatment_wait_begins,152.9585189515018,,1,6.0,,346,0
4146,116,37,2,queue,treatment_wait_begins,158.4717443187417,,1,7.0,,346,0
4147,118,38,2,queue,treatment_wait_begins,160.19091112593068,,1,8.0,,346,0
4148,120,39,2,queue,treatment_wait_begins,161.80046723046223,,1,9.0,,346,0
4149,127,41,2,queue,treatment_wait_begins,167.67977668606895,,1,10.0,,346,0
4150,129,42,2,queue,treatment_wait_begins,174.34828881122837,,1,11.0,,346,0
4151,133,44,2,queue,treatment_wait_begins,186.72302338228388,,1,12.0,,346,0
4152,135,45,2,queue,treatment_wait_begins,187.08816512218607,,1,13.0,,346,0
4153,140,46,2,queue,treatment_wait_begins,192.75850263079985,,1,14.0,,346,0
4154,148,47,2,queue,treatment_wait_begins,199.5301925701257,,1,15.0,,346,0
4155,153,48,2,queue,treatment_wait_begins,205.14039082741283,,1,16.0,,346,0
4156,155,49,2,queue,treatment_wait_begins,206.54063642859495,,1,17.0,,346,0
4157,157,50,2,queue,treatment_wait_begins,208.1453173837751,,1,18.0,,346,0
4158,159,51,2,queue,treatment_wait_begins,208.9739969202831,,1,19.0,,346,0
4159,161,52,2,queue,treatment_wait_begins,210.74581448374042,,1,20.0,,346,0
4160,163,53,2,queue,treatment_wait_begins,210.85151326578935,,1,21.0,,346,0
4161,165,54,2,queue,treatment_wait_begins,211.68829524636791,,1,22.0,,346,0
4162,167,55,2,queue,treatment_wait_begins,218.2635794691037,,1,23.0,,346,0
4163,181,56,2,queue,treatment_wait_begins,238.24236082502787,,1,24.0,,346,0
4164,185,58,2,queue,treatment_wait_begins,242.4802497949752,,1,25.0,,346,0
4165,187,59,2,queue,treatment_wait_begins,244.4690310645114,,1,26.0,,346,0
4166,189,60,2,queue,treatment_wait_begins,246.27574217918595,,1,27.0,,346,0
4167,193,62,2,queue,treatment_wait_begins,252.340535869662,,1,28.0,,346,0
4168,195,63,2,queue,treatment_wait_begins,259.21978013724924,,1,29.0,,346,0
4169,197,64,2,queue,treatment_wait_begins,266.7588257904633,,1,30.0,,346,0
4170,211,65,2,queue,treatment_wait_begins,293.3082397692622,,1,31.0,,346,0
4171,213,66,2,queue,treatment_wait_begins,303.841540943146,,1,32.0,,346,0
4172,215,67,2,queue,treatment_wait_begins,312.06587014562393,,1,33.0,,346,0
4173,218,25,2,resource_use,treatment_begins,315.53088597047247,1.0,1,1.0,,346,0
4174,221,26,2,resource_use,treatment_begins,315.86421229409024,2.0,1,2.0,,346,0
4175,224,28,2,resource_use,treatment_begins,316.9900519816555,4.0,1,3.0,,346,0
4176,226,68,2,queue,treatment_wait_begins,317.28332755550696,,1,34.0,,346,0
4177,228,69,2,queue,treatment_wait_begins,320.2459485503109,,1,35.0,,346,0
4178,230,70,2,queue,treatment_wait_begins,320.46821633167013,,1,36.0,,346,0
4179,233,29,2,resource_use,treatment_begins,321.50391899214605,3.0,1,4.0,,346,0
4180,235,71,2,queue,treatment_wait_begins,325.25123026577114,,1,37.0,,346,0
4181,237,72,1,queue,treatment_wait_begins,328.35814570323583,,1,38.0,,346,0
4182,239,73,1,queue,treatment_wait_begins,335.8979525787838,,1,39.0,,346,0
4183,93,30,2,queue,treatment_wait_begins,136.53537831628518,,1,1.0,,348,0
4184,95,31,2,queue,treatment_wait_begins,139.96198057430644,,1,2.0,,348,0
4185,97,32,2,queue,treatment_wait_begins,141.90538175510554,,1,3.0,,348,0
4186,99,33,2,queue,treatment_wait_begins,148.22641604293108,,1,4.0,,348,0
4187,101,34,2,queue,treatment_wait_begins,151.7688691800117,,1,5.0,,348,0
4188,106,35,2,queue,treatment_wait_begins,152.9585189515018,,1,6.0,,348,0
4189,116,37,2,queue,treatment_wait_begins,158.4717443187417,,1,7.0,,348,0
4190,118,38,2,queue,treatment_wait_begins,160.19091112593068,,1,8.0,,348,0
4191,120,39,2,queue,treatment_wait_begins,161.80046723046223,,1,9.0,,348,0
4192,127,41,2,queue,treatment_wait_begins,167.67977668606895,,1,10.0,,348,0
4193,129,42,2,queue,treatment_wait_begins,174.34828881122837,,1,11.0,,348,0
4194,133,44,2,queue,treatment_wait_begins,186.72302338228388,,1,12.0,,348,0
4195,135,45,2,queue,treatment_wait_begins,187.08816512218607,,1,13.0,,348,0
4196,140,46,2,queue,treatment_wait_begins,192.75850263079985,,1,14.0,,348,0
4197,148,47,2,queue,treatment_wait_begins,199.5301925701257,,1,15.0,,348,0
4198,153,48,2,queue,treatment_wait_begins,205.14039082741283,,1,16.0,,348,0
4199,155,49,2,queue,treatment_wait_begins,206.54063642859495,,1,17.0,,348,0
4200,157,50,2,queue,treatment_wait_begins,208.1453173837751,,1,18.0,,348,0
4201,159,51,2,queue,treatment_wait_begins,208.9739969202831,,1,19.0,,348,0
4202,161,52,2,queue,treatment_wait_begins,210.74581448374042,,1,20.0,,348,0
4203,163,53,2,queue,treatment_wait_begins,210.85151326578935,,1,21.0,,348,0
4204,165,54,2,queue,treatment_wait_begins,211.68829524636791,,1,22.0,,348,0
4205,167,55,2,queue,treatment_wait_begins,218.2635794691037,,1,23.0,,348,0
4206,181,56,2,queue,treatment_wait_begins,238.24236082502787,,1,24.0,,348,0
4207,185,58,2,queue,treatment_wait_begins,242.4802497949752,,1,25.0,,348,0
4208,187,59,2,queue,treatment_wait_begins,244.4690310645114,,1,26.0,,348,0
4209,189,60,2,queue,treatment_wait_begins,246.27574217918595,,1,27.0,,348,0
4210,193,62,2,queue,treatment_wait_begins,252.340535869662,,1,28.0,,348,0
4211,195,63,2,queue,treatment_wait_begins,259.21978013724924,,1,29.0,,348,0
4212,197,64,2,queue,treatment_wait_begins,266.7588257904633,,1,30.0,,348,0
4213,211,65,2,queue,treatment_wait_begins,293.3082397692622,,1,31.0,,348,0
4214,213,66,2,queue,treatment_wait_begins,303.841540943146,,1,32.0,,348,0
4215,215,67,2,queue,treatment_wait_begins,312.06587014562393,,1,33.0,,348,0
4216,218,25,2,resource_use,treatment_begins,315.53088597047247,1.0,1,1.0,,348,0
4217,221,26,2,resource_use,treatment_begins,315.86421229409024,2.0,1,2.0,,348,0
4218,224,28,2,resource_use,treatment_begins,316.9900519816555,4.0,1,3.0,,348,0
4219,226,68,2,queue,treatment_wait_begins,317.28332755550696,,1,34.0,,348,0
4220,228,69,2,queue,treatment_wait_begins,320.2459485503109,,1,35.0,,348,0
4221,230,70,2,queue,treatment_wait_begins,320.46821633167013,,1,36.0,,348,0
4222,233,29,2,resource_use,treatment_begins,321.50391899214605,3.0,1,4.0,,348,0
4223,235,71,2,queue,treatment_wait_begins,325.25123026577114,,1,37.0,,348,0
4224,237,72,1,queue,treatment_wait_begins,328.35814570323583,,1,38.0,,348,0
4225,239,73,1,queue,treatment_wait_begins,335.8979525787838,,1,39.0,,348,0
4226,241,74,2,queue,treatment_wait_begins,346.037960484565,,1,40.0,,348,0
4227,243,75,2,queue,treatment_wait_begins,347.69830455805135,,1,41.0,,348,0
4228,245,76,2,queue,treatment_wait_begins,347.94705816407,,1,42.0,,348,0
4229,93,30,2,queue,treatment_wait_begins,136.53537831628518,,1,1.0,,350,0
4230,95,31,2,queue,treatment_wait_begins,139.96198057430644,,1,2.0,,350,0
4231,97,32,2,queue,treatment_wait_begins,141.90538175510554,,1,3.0,,350,0
4232,99,33,2,queue,treatment_wait_begins,148.22641604293108,,1,4.0,,350,0
4233,101,34,2,queue,treatment_wait_begins,151.7688691800117,,1,5.0,,350,0
4234,106,35,2,queue,treatment_wait_begins,152.9585189515018,,1,6.0,,350,0
4235,116,37,2,queue,treatment_wait_begins,158.4717443187417,,1,7.0,,350,0
4236,118,38,2,queue,treatment_wait_begins,160.19091112593068,,1,8.0,,350,0
4237,120,39,2,queue,treatment_wait_begins,161.80046723046223,,1,9.0,,350,0
4238,127,41,2,queue,treatment_wait_begins,167.67977668606895,,1,10.0,,350,0
4239,129,42,2,queue,treatment_wait_begins,174.34828881122837,,1,11.0,,350,0
4240,133,44,2,queue,treatment_wait_begins,186.72302338228388,,1,12.0,,350,0
4241,135,45,2,queue,treatment_wait_begins,187.08816512218607,,1,13.0,,350,0
4242,140,46,2,queue,treatment_wait_begins,192.75850263079985,,1,14.0,,350,0
4243,148,47,2,queue,treatment_wait_begins,199.5301925701257,,1,15.0,,350,0
4244,153,48,2,queue,treatment_wait_begins,205.14039082741283,,1,16.0,,350,0
4245,155,49,2,queue,treatment_wait_begins,206.54063642859495,,1,17.0,,350,0
4246,157,50,2,queue,treatment_wait_begins,208.1453173837751,,1,18.0,,350,0
4247,159,51,2,queue,treatment_wait_begins,208.9739969202831,,1,19.0,,350,0
4248,161,52,2,queue,treatment_wait_begins,210.74581448374042,,1,20.0,,350,0
4249,163,53,2,queue,treatment_wait_begins,210.85151326578935,,1,21.0,,350,0
4250,165,54,2,queue,treatment_wait_begins,211.68829524636791,,1,22.0,,350,0
4251,167,55,2,queue,treatment_wait_begins,218.2635794691037,,1,23.0,,350,0
4252,181,56,2,queue,treatment_wait_begins,238.24236082502787,,1,24.0,,350,0
4253,185,58,2,queue,treatment_wait_begins,242.4802497949752,,1,25.0,,350,0
4254,187,59,2,queue,treatment_wait_begins,244.4690310645114,,1,26.0,,350,0
4255,189,60,2,queue,treatment_wait_begins,246.27574217918595,,1,27.0,,350,0
4256,193,62,2,queue,treatment_wait_begins,252.340535869662,,1,28.0,,350,0
4257,195,63,2,queue,treatment_wait_begins,259.21978013724924,,1,29.0,,350,0
4258,197,64,2,queue,treatment_wait_begins,266.7588257904633,,1,30.0,,350,0
4259,211,65,2,queue,treatment_wait_begins,293.3082397692622,,1,31.0,,350,0
4260,213,66,2,queue,treatment_wait_begins,303.841540943146,,1,32.0,,350,0
4261,215,67,2,queue,treatment_wait_begins,312.06587014562393,,1,33.0,,350,0
4262,218,25,2,resource_use,treatment_begins,315.53088597047247,1.0,1,1.0,,350,0
4263,221,26,2,resource_use,treatment_begins,315.86421229409024,2.0,1,2.0,,350,0
4264,224,28,2,resource_use,treatment_begins,316.9900519816555,4.0,1,3.0,,350,0
4265,226,68,2,queue,treatment_wait_begins,317.28332755550696,,1,34.0,,350,0
4266,228,69,2,queue,treatment_wait_begins,320.2459485503109,,1,35.0,,350,0
4267,230,70,2,queue,treatment_wait_begins,320.46821633167013,,1,36.0,,350,0
4268,233,29,2,resource_use,treatment_begins,321.50391899214605,3.0,1,4.0,,350,0
4269,235,71,2,queue,treatment_wait_begins,325.25123026577114,,1,37.0,,350,0
4270,237,72,1,queue,treatment_wait_begins,328.35814570323583,,1,38.0,,350,0
4271,239,73,1,queue,treatment_wait_begins,335.8979525787838,,1,39.0,,350,0
4272,241,74,2,queue,treatment_wait_begins,346.037960484565,,1,40.0,,350,0
4273,243,75,2,queue,treatment_wait_begins,347.69830455805135,,1,41.0,,350,0
4274,245,76,2,queue,treatment_wait_begins,347.94705816407,,1,42.0,,350,0
4275,93,30,2,queue,treatment_wait_begins,136.53537831628518,,1,1.0,,352,0
4276,95,31,2,queue,treatment_wait_begins,139.96198057430644,,1,2.0,,352,0
4277,97,32,2,queue,treatment_wait_begins,141.90538175510554,,1,3.0,,352,0
4278,99,33,2,queue,treatment_wait_begins,148.22641604293108,,1,4.0,,352,0
4279,101,34,2,queue,treatment_wait_begins,151.7688691800117,,1,5.0,,352,0
4280,106,35,2,queue,treatment_wait_begins,152.9585189515018,,1,6.0,,352,0
4281,116,37,2,queue,treatment_wait_begins,158.4717443187417,,1,7.0,,352,0
4282,118,38,2,queue,treatment_wait_begins,160.19091112593068,,1,8.0,,352,0
4283,120,39,2,queue,treatment_wait_begins,161.80046723046223,,1,9.0,,352,0
4284,127,41,2,queue,treatment_wait_begins,167.67977668606895,,1,10.0,,352,0
4285,129,42,2,queue,treatment_wait_begins,174.34828881122837,,1,11.0,,352,0
4286,133,44,2,queue,treatment_wait_begins,186.72302338228388,,1,12.0,,352,0
4287,135,45,2,queue,treatment_wait_begins,187.08816512218607,,1,13.0,,352,0
4288,140,46,2,queue,treatment_wait_begins,192.75850263079985,,1,14.0,,352,0
4289,148,47,2,queue,treatment_wait_begins,199.5301925701257,,1,15.0,,352,0
4290,153,48,2,queue,treatment_wait_begins,205.14039082741283,,1,16.0,,352,0
4291,155,49,2,queue,treatment_wait_begins,206.54063642859495,,1,17.0,,352,0
4292,157,50,2,queue,treatment_wait_begins,208.1453173837751,,1,18.0,,352,0
4293,159,51,2,queue,treatment_wait_begins,208.9739969202831,,1,19.0,,352,0
4294,161,52,2,queue,treatment_wait_begins,210.74581448374042,,1,20.0,,352,0
4295,163,53,2,queue,treatment_wait_begins,210.85151326578935,,1,21.0,,352,0
4296,165,54,2,queue,treatment_wait_begins,211.68829524636791,,1,22.0,,352,0
4297,167,55,2,queue,treatment_wait_begins,218.2635794691037,,1,23.0,,352,0
4298,181,56,2,queue,treatment_wait_begins,238.24236082502787,,1,24.0,,352,0
4299,185,58,2,queue,treatment_wait_begins,242.4802497949752,,1,25.0,,352,0
4300,187,59,2,queue,treatment_wait_begins,244.4690310645114,,1,26.0,,352,0
4301,189,60,2,queue,treatment_wait_begins,246.27574217918595,,1,27.0,,352,0
4302,193,62,2,queue,treatment_wait_begins,252.340535869662,,1,28.0,,352,0
4303,195,63,2,queue,treatment_wait_begins,259.21978013724924,,1,29.0,,352,0
4304,197,64,2,queue,treatment_wait_begins,266.7588257904633,,1,30.0,,352,0
4305,211,65,2,queue,treatment_wait_begins,293.3082397692622,,1,31.0,,352,0
4306,213,66,2,queue,treatment_wait_begins,303.841540943146,,1,32.0,,352,0
4307,215,67,2,queue,treatment_wait_begins,312.06587014562393,,1,33.0,,352,0
4308,218,25,2,resource_use,treatment_begins,315.53088597047247,1.0,1,1.0,,352,0
4309,221,26,2,resource_use,treatment_begins,315.86421229409024,2.0,1,2.0,,352,0
4310,224,28,2,resource_use,treatment_begins,316.9900519816555,4.0,1,3.0,,352,0
4311,226,68,2,queue,treatment_wait_begins,317.28332755550696,,1,34.0,,352,0
4312,228,69,2,queue,treatment_wait_begins,320.2459485503109,,1,35.0,,352,0
4313,230,70,2,queue,treatment_wait_begins,320.46821633167013,,1,36.0,,352,0
4314,233,29,2,resource_use,treatment_begins,321.50391899214605,3.0,1,4.0,,352,0
4315,235,71,2,queue,treatment_wait_begins,325.25123026577114,,1,37.0,,352,0
4316,237,72,1,queue,treatment_wait_begins,328.35814570323583,,1,38.0,,352,0
4317,239,73,1,queue,treatment_wait_begins,335.8979525787838,,1,39.0,,352,0
4318,241,74,2,queue,treatment_wait_begins,346.037960484565,,1,40.0,,352,0
4319,243,75,2,queue,treatment_wait_begins,347.69830455805135,,1,41.0,,352,0
4320,245,76,2,queue,treatment_wait_begins,347.94705816407,,1,42.0,,352,0
4321,93,30,2,queue,treatment_wait_begins,136.53537831628518,,1,1.0,,354,0
4322,95,31,2,queue,treatment_wait_begins,139.96198057430644,,1,2.0,,354,0
4323,97,32,2,queue,treatment_wait_begins,141.90538175510554,,1,3.0,,354,0
4324,99,33,2,queue,treatment_wait_begins,148.22641604293108,,1,4.0,,354,0
4325,101,34,2,queue,treatment_wait_begins,151.7688691800117,,1,5.0,,354,0
4326,106,35,2,queue,treatment_wait_begins,152.9585189515018,,1,6.0,,354,0
4327,116,37,2,queue,treatment_wait_begins,158.4717443187417,,1,7.0,,354,0
4328,118,38,2,queue,treatment_wait_begins,160.19091112593068,,1,8.0,,354,0
4329,120,39,2,queue,treatment_wait_begins,161.80046723046223,,1,9.0,,354,0
4330,127,41,2,queue,treatment_wait_begins,167.67977668606895,,1,10.0,,354,0
4331,129,42,2,queue,treatment_wait_begins,174.34828881122837,,1,11.0,,354,0
4332,133,44,2,queue,treatment_wait_begins,186.72302338228388,,1,12.0,,354,0
4333,135,45,2,queue,treatment_wait_begins,187.08816512218607,,1,13.0,,354,0
4334,140,46,2,queue,treatment_wait_begins,192.75850263079985,,1,14.0,,354,0
4335,148,47,2,queue,treatment_wait_begins,199.5301925701257,,1,15.0,,354,0
4336,153,48,2,queue,treatment_wait_begins,205.14039082741283,,1,16.0,,354,0
4337,155,49,2,queue,treatment_wait_begins,206.54063642859495,,1,17.0,,354,0
4338,157,50,2,queue,treatment_wait_begins,208.1453173837751,,1,18.0,,354,0
4339,159,51,2,queue,treatment_wait_begins,208.9739969202831,,1,19.0,,354,0
4340,161,52,2,queue,treatment_wait_begins,210.74581448374042,,1,20.0,,354,0
4341,163,53,2,queue,treatment_wait_begins,210.85151326578935,,1,21.0,,354,0
4342,165,54,2,queue,treatment_wait_begins,211.68829524636791,,1,22.0,,354,0
4343,167,55,2,queue,treatment_wait_begins,218.2635794691037,,1,23.0,,354,0
4344,181,56,2,queue,treatment_wait_begins,238.24236082502787,,1,24.0,,354,0
4345,185,58,2,queue,treatment_wait_begins,242.4802497949752,,1,25.0,,354,0
4346,187,59,2,queue,treatment_wait_begins,244.4690310645114,,1,26.0,,354,0
4347,189,60,2,queue,treatment_wait_begins,246.27574217918595,,1,27.0,,354,0
4348,193,62,2,queue,treatment_wait_begins,252.340535869662,,1,28.0,,354,0
4349,195,63,2,queue,treatment_wait_begins,259.21978013724924,,1,29.0,,354,0
4350,197,64,2,queue,treatment_wait_begins,266.7588257904633,,1,30.0,,354,0
4351,211,65,2,queue,treatment_wait_begins,293.3082397692622,,1,31.0,,354,0
4352,213,66,2,queue,treatment_wait_begins,303.841540943146,,1,32.0,,354,0
4353,215,67,2,queue,treatment_wait_begins,312.06587014562393,,1,33.0,,354,0
4354,218,25,2,resource_use,treatment_begins,315.53088597047247,1.0,1,1.0,,354,0
4355,224,28,2,resource_use,treatment_begins,316.9900519816555,4.0,1,2.0,,354,0
4356,226,68,2,queue,treatment_wait_begins,317.28332755550696,,1,34.0,,354,0
4357,228,69,2,queue,treatment_wait_begins,320.2459485503109,,1,35.0,,354,0
4358,230,70,2,queue,treatment_wait_begins,320.46821633167013,,1,36.0,,354,0
4359,233,29,2,resource_use,treatment_begins,321.50391899214605,3.0,1,3.0,,354,0
4360,235,71,2,queue,treatment_wait_begins,325.25123026577114,,1,37.0,,354,0
4361,239,73,1,queue,treatment_wait_begins,335.8979525787838,,1,38.0,,354,0
4362,241,74,2,queue,treatment_wait_begins,346.037960484565,,1,39.0,,354,0
4363,243,75,2,queue,treatment_wait_begins,347.69830455805135,,1,40.0,,354,0
4364,245,76,2,queue,treatment_wait_begins,347.94705816407,,1,41.0,,354,0
4365,247,77,2,queue,treatment_wait_begins,352.5711693396838,,1,42.0,,354,0
4366,250,72,1,resource_use,treatment_begins,353.5967301978835,2.0,1,4.0,,354,0
4367,93,30,2,queue,treatment_wait_begins,136.53537831628518,,1,1.0,,356,0
4368,95,31,2,queue,treatment_wait_begins,139.96198057430644,,1,2.0,,356,0
4369,97,32,2,queue,treatment_wait_begins,141.90538175510554,,1,3.0,,356,0
4370,99,33,2,queue,treatment_wait_begins,148.22641604293108,,1,4.0,,356,0
4371,101,34,2,queue,treatment_wait_begins,151.7688691800117,,1,5.0,,356,0
4372,106,35,2,queue,treatment_wait_begins,152.9585189515018,,1,6.0,,356,0
4373,116,37,2,queue,treatment_wait_begins,158.4717443187417,,1,7.0,,356,0
4374,118,38,2,queue,treatment_wait_begins,160.19091112593068,,1,8.0,,356,0
4375,120,39,2,queue,treatment_wait_begins,161.80046723046223,,1,9.0,,356,0
4376,127,41,2,queue,treatment_wait_begins,167.67977668606895,,1,10.0,,356,0
4377,129,42,2,queue,treatment_wait_begins,174.34828881122837,,1,11.0,,356,0
4378,133,44,2,queue,treatment_wait_begins,186.72302338228388,,1,12.0,,356,0
4379,135,45,2,queue,treatment_wait_begins,187.08816512218607,,1,13.0,,356,0
4380,140,46,2,queue,treatment_wait_begins,192.75850263079985,,1,14.0,,356,0
4381,148,47,2,queue,treatment_wait_begins,199.5301925701257,,1,15.0,,356,0
4382,153,48,2,queue,treatment_wait_begins,205.14039082741283,,1,16.0,,356,0
4383,155,49,2,queue,treatment_wait_begins,206.54063642859495,,1,17.0,,356,0
4384,157,50,2,queue,treatment_wait_begins,208.1453173837751,,1,18.0,,356,0
4385,159,51,2,queue,treatment_wait_begins,208.9739969202831,,1,19.0,,356,0
4386,161,52,2,queue,treatment_wait_begins,210.74581448374042,,1,20.0,,356,0
4387,163,53,2,queue,treatment_wait_begins,210.85151326578935,,1,21.0,,356,0
4388,165,54,2,queue,treatment_wait_begins,211.68829524636791,,1,22.0,,356,0
4389,167,55,2,queue,treatment_wait_begins,218.2635794691037,,1,23.0,,356,0
4390,181,56,2,queue,treatment_wait_begins,238.24236082502787,,1,24.0,,356,0
4391,185,58,2,queue,treatment_wait_begins,242.4802497949752,,1,25.0,,356,0
4392,187,59,2,queue,treatment_wait_begins,244.4690310645114,,1,26.0,,356,0
4393,189,60,2,queue,treatment_wait_begins,246.27574217918595,,1,27.0,,356,0
4394,193,62,2,queue,treatment_wait_begins,252.340535869662,,1,28.0,,356,0
4395,195,63,2,queue,treatment_wait_begins,259.21978013724924,,1,29.0,,356,0
4396,197,64,2,queue,treatment_wait_begins,266.7588257904633,,1,30.0,,356,0
4397,211,65,2,queue,treatment_wait_begins,293.3082397692622,,1,31.0,,356,0
4398,213,66,2,queue,treatment_wait_begins,303.841540943146,,1,32.0,,356,0
4399,215,67,2,queue,treatment_wait_begins,312.06587014562393,,1,33.0,,356,0
4400,218,25,2,resource_use,treatment_begins,315.53088597047247,1.0,1,1.0,,356,0
4401,226,68,2,queue,treatment_wait_begins,317.28332755550696,,1,34.0,,356,0
4402,228,69,2,queue,treatment_wait_begins,320.2459485503109,,1,35.0,,356,0
4403,230,70,2,queue,treatment_wait_begins,320.46821633167013,,1,36.0,,356,0
4404,233,29,2,resource_use,treatment_begins,321.50391899214605,3.0,1,2.0,,356,0
4405,235,71,2,queue,treatment_wait_begins,325.25123026577114,,1,37.0,,356,0
4406,241,74,2,queue,treatment_wait_begins,346.037960484565,,1,38.0,,356,0
4407,243,75,2,queue,treatment_wait_begins,347.69830455805135,,1,39.0,,356,0
4408,245,76,2,queue,treatment_wait_begins,347.94705816407,,1,40.0,,356,0
4409,247,77,2,queue,treatment_wait_begins,352.5711693396838,,1,41.0,,356,0
4410,250,72,1,resource_use,treatment_begins,353.5967301978835,2.0,1,3.0,,356,0
4411,253,73,1,resource_use,treatment_begins,354.2286216557717,4.0,1,4.0,,356,0
4412,95,31,2,queue,treatment_wait_begins,139.96198057430644,,1,1.0,,358,0
4413,97,32,2,queue,treatment_wait_begins,141.90538175510554,,1,2.0,,358,0
4414,99,33,2,queue,treatment_wait_begins,148.22641604293108,,1,3.0,,358,0
4415,101,34,2,queue,treatment_wait_begins,151.7688691800117,,1,4.0,,358,0
4416,106,35,2,queue,treatment_wait_begins,152.9585189515018,,1,5.0,,358,0
4417,116,37,2,queue,treatment_wait_begins,158.4717443187417,,1,6.0,,358,0
4418,118,38,2,queue,treatment_wait_begins,160.19091112593068,,1,7.0,,358,0
4419,120,39,2,queue,treatment_wait_begins,161.80046723046223,,1,8.0,,358,0
4420,127,41,2,queue,treatment_wait_begins,167.67977668606895,,1,9.0,,358,0
4421,129,42,2,queue,treatment_wait_begins,174.34828881122837,,1,10.0,,358,0
4422,133,44,2,queue,treatment_wait_begins,186.72302338228388,,1,11.0,,358,0
4423,135,45,2,queue,treatment_wait_begins,187.08816512218607,,1,12.0,,358,0
4424,140,46,2,queue,treatment_wait_begins,192.75850263079985,,1,13.0,,358,0
4425,148,47,2,queue,treatment_wait_begins,199.5301925701257,,1,14.0,,358,0
4426,153,48,2,queue,treatment_wait_begins,205.14039082741283,,1,15.0,,358,0
4427,155,49,2,queue,treatment_wait_begins,206.54063642859495,,1,16.0,,358,0
4428,157,50,2,queue,treatment_wait_begins,208.1453173837751,,1,17.0,,358,0
4429,159,51,2,queue,treatment_wait_begins,208.9739969202831,,1,18.0,,358,0
4430,161,52,2,queue,treatment_wait_begins,210.74581448374042,,1,19.0,,358,0
4431,163,53,2,queue,treatment_wait_begins,210.85151326578935,,1,20.0,,358,0
4432,165,54,2,queue,treatment_wait_begins,211.68829524636791,,1,21.0,,358,0
4433,167,55,2,queue,treatment_wait_begins,218.2635794691037,,1,22.0,,358,0
4434,181,56,2,queue,treatment_wait_begins,238.24236082502787,,1,23.0,,358,0
4435,185,58,2,queue,treatment_wait_begins,242.4802497949752,,1,24.0,,358,0
4436,187,59,2,queue,treatment_wait_begins,244.4690310645114,,1,25.0,,358,0
4437,189,60,2,queue,treatment_wait_begins,246.27574217918595,,1,26.0,,358,0
4438,193,62,2,queue,treatment_wait_begins,252.340535869662,,1,27.0,,358,0
4439,195,63,2,queue,treatment_wait_begins,259.21978013724924,,1,28.0,,358,0
4440,197,64,2,queue,treatment_wait_begins,266.7588257904633,,1,29.0,,358,0
4441,211,65,2,queue,treatment_wait_begins,293.3082397692622,,1,30.0,,358,0
4442,213,66,2,queue,treatment_wait_begins,303.841540943146,,1,31.0,,358,0
4443,215,67,2,queue,treatment_wait_begins,312.06587014562393,,1,32.0,,358,0
4444,218,25,2,resource_use,treatment_begins,315.53088597047247,1.0,1,1.0,,358,0
4445,226,68,2,queue,treatment_wait_begins,317.28332755550696,,1,33.0,,358,0
4446,228,69,2,queue,treatment_wait_begins,320.2459485503109,,1,34.0,,358,0
4447,230,70,2,queue,treatment_wait_begins,320.46821633167013,,1,35.0,,358,0
4448,235,71,2,queue,treatment_wait_begins,325.25123026577114,,1,36.0,,358,0
4449,241,74,2,queue,treatment_wait_begins,346.037960484565,,1,37.0,,358,0
4450,243,75,2,queue,treatment_wait_begins,347.69830455805135,,1,38.0,,358,0
4451,245,76,2,queue,treatment_wait_begins,347.94705816407,,1,39.0,,358,0
4452,247,77,2,queue,treatment_wait_begins,352.5711693396838,,1,40.0,,358,0
4453,250,72,1,resource_use,treatment_begins,353.5967301978835,2.0,1,2.0,,358,0
4454,253,73,1,resource_use,treatment_begins,354.2286216557717,4.0,1,3.0,,358,0
4455,256,30,2,resource_use,treatment_begins,357.37027837937836,3.0,1,4.0,,358,0
4456,95,31,2,queue,treatment_wait_begins,139.96198057430644,,1,1.0,,360,0
4457,97,32,2,queue,treatment_wait_begins,141.90538175510554,,1,2.0,,360,0
4458,99,33,2,queue,treatment_wait_begins,148.22641604293108,,1,3.0,,360,0
4459,101,34,2,queue,treatment_wait_begins,151.7688691800117,,1,4.0,,360,0
4460,106,35,2,queue,treatment_wait_begins,152.9585189515018,,1,5.0,,360,0
4461,116,37,2,queue,treatment_wait_begins,158.4717443187417,,1,6.0,,360,0
4462,118,38,2,queue,treatment_wait_begins,160.19091112593068,,1,7.0,,360,0
4463,120,39,2,queue,treatment_wait_begins,161.80046723046223,,1,8.0,,360,0
4464,127,41,2,queue,treatment_wait_begins,167.67977668606895,,1,9.0,,360,0
4465,129,42,2,queue,treatment_wait_begins,174.34828881122837,,1,10.0,,360,0
4466,133,44,2,queue,treatment_wait_begins,186.72302338228388,,1,11.0,,360,0
4467,135,45,2,queue,treatment_wait_begins,187.08816512218607,,1,12.0,,360,0
4468,140,46,2,queue,treatment_wait_begins,192.75850263079985,,1,13.0,,360,0
4469,148,47,2,queue,treatment_wait_begins,199.5301925701257,,1,14.0,,360,0
4470,153,48,2,queue,treatment_wait_begins,205.14039082741283,,1,15.0,,360,0
4471,155,49,2,queue,treatment_wait_begins,206.54063642859495,,1,16.0,,360,0
4472,157,50,2,queue,treatment_wait_begins,208.1453173837751,,1,17.0,,360,0
4473,159,51,2,queue,treatment_wait_begins,208.9739969202831,,1,18.0,,360,0
4474,161,52,2,queue,treatment_wait_begins,210.74581448374042,,1,19.0,,360,0
4475,163,53,2,queue,treatment_wait_begins,210.85151326578935,,1,20.0,,360,0
4476,165,54,2,queue,treatment_wait_begins,211.68829524636791,,1,21.0,,360,0
4477,167,55,2,queue,treatment_wait_begins,218.2635794691037,,1,22.0,,360,0
4478,181,56,2,queue,treatment_wait_begins,238.24236082502787,,1,23.0,,360,0
4479,185,58,2,queue,treatment_wait_begins,242.4802497949752,,1,24.0,,360,0
4480,187,59,2,queue,treatment_wait_begins,244.4690310645114,,1,25.0,,360,0
4481,189,60,2,queue,treatment_wait_begins,246.27574217918595,,1,26.0,,360,0
4482,193,62,2,queue,treatment_wait_begins,252.340535869662,,1,27.0,,360,0
4483,195,63,2,queue,treatment_wait_begins,259.21978013724924,,1,28.0,,360,0
4484,197,64,2,queue,treatment_wait_begins,266.7588257904633,,1,29.0,,360,0
4485,211,65,2,queue,treatment_wait_begins,293.3082397692622,,1,30.0,,360,0
4486,213,66,2,queue,treatment_wait_begins,303.841540943146,,1,31.0,,360,0
4487,215,67,2,queue,treatment_wait_begins,312.06587014562393,,1,32.0,,360,0
4488,218,25,2,resource_use,treatment_begins,315.53088597047247,1.0,1,1.0,,360,0
4489,226,68,2,queue,treatment_wait_begins,317.28332755550696,,1,33.0,,360,0
4490,228,69,2,queue,treatment_wait_begins,320.2459485503109,,1,34.0,,360,0
4491,230,70,2,queue,treatment_wait_begins,320.46821633167013,,1,35.0,,360,0
4492,235,71,2,queue,treatment_wait_begins,325.25123026577114,,1,36.0,,360,0
4493,241,74,2,queue,treatment_wait_begins,346.037960484565,,1,37.0,,360,0
4494,243,75,2,queue,treatment_wait_begins,347.69830455805135,,1,38.0,,360,0
4495,245,76,2,queue,treatment_wait_begins,347.94705816407,,1,39.0,,360,0
4496,247,77,2,queue,treatment_wait_begins,352.5711693396838,,1,40.0,,360,0
4497,250,72,1,resource_use,treatment_begins,353.5967301978835,2.0,1,2.0,,360,0
4498,253,73,1,resource_use,treatment_begins,354.2286216557717,4.0,1,3.0,,360,0
4499,256,30,2,resource_use,treatment_begins,357.37027837937836,3.0,1,4.0,,360,0
4500,95,31,2,queue,treatment_wait_begins,139.96198057430644,,1,1.0,,362,0
4501,97,32,2,queue,treatment_wait_begins,141.90538175510554,,1,2.0,,362,0
4502,99,33,2,queue,treatment_wait_begins,148.22641604293108,,1,3.0,,362,0
4503,101,34,2,queue,treatment_wait_begins,151.7688691800117,,1,4.0,,362,0
4504,106,35,2,queue,treatment_wait_begins,152.9585189515018,,1,5.0,,362,0
4505,116,37,2,queue,treatment_wait_begins,158.4717443187417,,1,6.0,,362,0
4506,118,38,2,queue,treatment_wait_begins,160.19091112593068,,1,7.0,,362,0
4507,120,39,2,queue,treatment_wait_begins,161.80046723046223,,1,8.0,,362,0
4508,127,41,2,queue,treatment_wait_begins,167.67977668606895,,1,9.0,,362,0
4509,129,42,2,queue,treatment_wait_begins,174.34828881122837,,1,10.0,,362,0
4510,133,44,2,queue,treatment_wait_begins,186.72302338228388,,1,11.0,,362,0
4511,135,45,2,queue,treatment_wait_begins,187.08816512218607,,1,12.0,,362,0
4512,140,46,2,queue,treatment_wait_begins,192.75850263079985,,1,13.0,,362,0
4513,148,47,2,queue,treatment_wait_begins,199.5301925701257,,1,14.0,,362,0
4514,153,48,2,queue,treatment_wait_begins,205.14039082741283,,1,15.0,,362,0
4515,155,49,2,queue,treatment_wait_begins,206.54063642859495,,1,16.0,,362,0
4516,157,50,2,queue,treatment_wait_begins,208.1453173837751,,1,17.0,,362,0
4517,159,51,2,queue,treatment_wait_begins,208.9739969202831,,1,18.0,,362,0
4518,161,52,2,queue,treatment_wait_begins,210.74581448374042,,1,19.0,,362,0
4519,163,53,2,queue,treatment_wait_begins,210.85151326578935,,1,20.0,,362,0
4520,165,54,2,queue,treatment_wait_begins,211.68829524636791,,1,21.0,,362,0
4521,167,55,2,queue,treatment_wait_begins,218.2635794691037,,1,22.0,,362,0
4522,181,56,2,queue,treatment_wait_begins,238.24236082502787,,1,23.0,,362,0
4523,185,58,2,queue,treatment_wait_begins,242.4802497949752,,1,24.0,,362,0
4524,187,59,2,queue,treatment_wait_begins,244.4690310645114,,1,25.0,,362,0
4525,189,60,2,queue,treatment_wait_begins,246.27574217918595,,1,26.0,,362,0
4526,193,62,2,queue,treatment_wait_begins,252.340535869662,,1,27.0,,362,0
4527,195,63,2,queue,treatment_wait_begins,259.21978013724924,,1,28.0,,362,0
4528,197,64,2,queue,treatment_wait_begins,266.7588257904633,,1,29.0,,362,0
4529,211,65,2,queue,treatment_wait_begins,293.3082397692622,,1,30.0,,362,0
4530,213,66,2,queue,treatment_wait_begins,303.841540943146,,1,31.0,,362,0
4531,215,67,2,queue,treatment_wait_begins,312.06587014562393,,1,32.0,,362,0
4532,218,25,2,resource_use,treatment_begins,315.53088597047247,1.0,1,1.0,,362,0
4533,226,68,2,queue,treatment_wait_begins,317.28332755550696,,1,33.0,,362,0
4534,228,69,2,queue,treatment_wait_begins,320.2459485503109,,1,34.0,,362,0
4535,230,70,2,queue,treatment_wait_begins,320.46821633167013,,1,35.0,,362,0
4536,235,71,2,queue,treatment_wait_begins,325.25123026577114,,1,36.0,,362,0
4537,241,74,2,queue,treatment_wait_begins,346.037960484565,,1,37.0,,362,0
4538,243,75,2,queue,treatment_wait_begins,347.69830455805135,,1,38.0,,362,0
4539,245,76,2,queue,treatment_wait_begins,347.94705816407,,1,39.0,,362,0
4540,247,77,2,queue,treatment_wait_begins,352.5711693396838,,1,40.0,,362,0
4541,250,72,1,resource_use,treatment_begins,353.5967301978835,2.0,1,2.0,,362,0
4542,253,73,1,resource_use,treatment_begins,354.2286216557717,4.0,1,3.0,,362,0
4543,256,30,2,resource_use,treatment_begins,357.37027837937836,3.0,1,4.0,,362,0
4544,95,31,2,queue,treatment_wait_begins,139.96198057430644,,1,1.0,,364,0
4545,97,32,2,queue,treatment_wait_begins,141.90538175510554,,1,2.0,,364,0
4546,99,33,2,queue,treatment_wait_begins,148.22641604293108,,1,3.0,,364,0
4547,101,34,2,queue,treatment_wait_begins,151.7688691800117,,1,4.0,,364,0
4548,106,35,2,queue,treatment_wait_begins,152.9585189515018,,1,5.0,,364,0
4549,116,37,2,queue,treatment_wait_begins,158.4717443187417,,1,6.0,,364,0
4550,118,38,2,queue,treatment_wait_begins,160.19091112593068,,1,7.0,,364,0
4551,120,39,2,queue,treatment_wait_begins,161.80046723046223,,1,8.0,,364,0
4552,127,41,2,queue,treatment_wait_begins,167.67977668606895,,1,9.0,,364,0
4553,129,42,2,queue,treatment_wait_begins,174.34828881122837,,1,10.0,,364,0
4554,133,44,2,queue,treatment_wait_begins,186.72302338228388,,1,11.0,,364,0
4555,135,45,2,queue,treatment_wait_begins,187.08816512218607,,1,12.0,,364,0
4556,140,46,2,queue,treatment_wait_begins,192.75850263079985,,1,13.0,,364,0
4557,148,47,2,queue,treatment_wait_begins,199.5301925701257,,1,14.0,,364,0
4558,153,48,2,queue,treatment_wait_begins,205.14039082741283,,1,15.0,,364,0
4559,155,49,2,queue,treatment_wait_begins,206.54063642859495,,1,16.0,,364,0
4560,157,50,2,queue,treatment_wait_begins,208.1453173837751,,1,17.0,,364,0
4561,159,51,2,queue,treatment_wait_begins,208.9739969202831,,1,18.0,,364,0
4562,161,52,2,queue,treatment_wait_begins,210.74581448374042,,1,19.0,,364,0
4563,163,53,2,queue,treatment_wait_begins,210.85151326578935,,1,20.0,,364,0
4564,165,54,2,queue,treatment_wait_begins,211.68829524636791,,1,21.0,,364,0
4565,167,55,2,queue,treatment_wait_begins,218.2635794691037,,1,22.0,,364,0
4566,181,56,2,queue,treatment_wait_begins,238.24236082502787,,1,23.0,,364,0
4567,185,58,2,queue,treatment_wait_begins,242.4802497949752,,1,24.0,,364,0
4568,187,59,2,queue,treatment_wait_begins,244.4690310645114,,1,25.0,,364,0
4569,189,60,2,queue,treatment_wait_begins,246.27574217918595,,1,26.0,,364,0
4570,193,62,2,queue,treatment_wait_begins,252.340535869662,,1,27.0,,364,0
4571,195,63,2,queue,treatment_wait_begins,259.21978013724924,,1,28.0,,364,0
4572,197,64,2,queue,treatment_wait_begins,266.7588257904633,,1,29.0,,364,0
4573,211,65,2,queue,treatment_wait_begins,293.3082397692622,,1,30.0,,364,0
4574,213,66,2,queue,treatment_wait_begins,303.841540943146,,1,31.0,,364,0
4575,215,67,2,queue,treatment_wait_begins,312.06587014562393,,1,32.0,,364,0
4576,218,25,2,resource_use,treatment_begins,315.53088597047247,1.0,1,1.0,,364,0
4577,226,68,2,queue,treatment_wait_begins,317.28332755550696,,1,33.0,,364,0
4578,228,69,2,queue,treatment_wait_begins,320.2459485503109,,1,34.0,,364,0
4579,230,70,2,queue,treatment_wait_begins,320.46821633167013,,1,35.0,,364,0
4580,235,71,2,queue,treatment_wait_begins,325.25123026577114,,1,36.0,,364,0
4581,241,74,2,queue,treatment_wait_begins,346.037960484565,,1,37.0,,364,0
4582,243,75,2,queue,treatment_wait_begins,347.69830455805135,,1,38.0,,364,0
4583,245,76,2,queue,treatment_wait_begins,347.94705816407,,1,39.0,,364,0
4584,247,77,2,queue,treatment_wait_begins,352.5711693396838,,1,40.0,,364,0
4585,250,72,1,resource_use,treatment_begins,353.5967301978835,2.0,1,2.0,,364,0
4586,253,73,1,resource_use,treatment_begins,354.2286216557717,4.0,1,3.0,,364,0
4587,256,30,2,resource_use,treatment_begins,357.37027837937836,3.0,1,4.0,,364,0
4588,95,31,2,queue,treatment_wait_begins,139.96198057430644,,1,1.0,,366,0
4589,97,32,2,queue,treatment_wait_begins,141.90538175510554,,1,2.0,,366,0
4590,99,33,2,queue,treatment_wait_begins,148.22641604293108,,1,3.0,,366,0
4591,101,34,2,queue,treatment_wait_begins,151.7688691800117,,1,4.0,,366,0
4592,106,35,2,queue,treatment_wait_begins,152.9585189515018,,1,5.0,,366,0
4593,116,37,2,queue,treatment_wait_begins,158.4717443187417,,1,6.0,,366,0
4594,118,38,2,queue,treatment_wait_begins,160.19091112593068,,1,7.0,,366,0
4595,120,39,2,queue,treatment_wait_begins,161.80046723046223,,1,8.0,,366,0
4596,127,41,2,queue,treatment_wait_begins,167.67977668606895,,1,9.0,,366,0
4597,129,42,2,queue,treatment_wait_begins,174.34828881122837,,1,10.0,,366,0
4598,133,44,2,queue,treatment_wait_begins,186.72302338228388,,1,11.0,,366,0
4599,135,45,2,queue,treatment_wait_begins,187.08816512218607,,1,12.0,,366,0
4600,140,46,2,queue,treatment_wait_begins,192.75850263079985,,1,13.0,,366,0
4601,148,47,2,queue,treatment_wait_begins,199.5301925701257,,1,14.0,,366,0
4602,153,48,2,queue,treatment_wait_begins,205.14039082741283,,1,15.0,,366,0
4603,155,49,2,queue,treatment_wait_begins,206.54063642859495,,1,16.0,,366,0
4604,157,50,2,queue,treatment_wait_begins,208.1453173837751,,1,17.0,,366,0
4605,159,51,2,queue,treatment_wait_begins,208.9739969202831,,1,18.0,,366,0
4606,161,52,2,queue,treatment_wait_begins,210.74581448374042,,1,19.0,,366,0
4607,163,53,2,queue,treatment_wait_begins,210.85151326578935,,1,20.0,,366,0
4608,165,54,2,queue,treatment_wait_begins,211.68829524636791,,1,21.0,,366,0
4609,167,55,2,queue,treatment_wait_begins,218.2635794691037,,1,22.0,,366,0
4610,181,56,2,queue,treatment_wait_begins,238.24236082502787,,1,23.0,,366,0
4611,185,58,2,queue,treatment_wait_begins,242.4802497949752,,1,24.0,,366,0
4612,187,59,2,queue,treatment_wait_begins,244.4690310645114,,1,25.0,,366,0
4613,189,60,2,queue,treatment_wait_begins,246.27574217918595,,1,26.0,,366,0
4614,193,62,2,queue,treatment_wait_begins,252.340535869662,,1,27.0,,366,0
4615,195,63,2,queue,treatment_wait_begins,259.21978013724924,,1,28.0,,366,0
4616,197,64,2,queue,treatment_wait_begins,266.7588257904633,,1,29.0,,366,0
4617,211,65,2,queue,treatment_wait_begins,293.3082397692622,,1,30.0,,366,0
4618,213,66,2,queue,treatment_wait_begins,303.841540943146,,1,31.0,,366,0
4619,215,67,2,queue,treatment_wait_begins,312.06587014562393,,1,32.0,,366,0
4620,218,25,2,resource_use,treatment_begins,315.53088597047247,1.0,1,1.0,,366,0
4621,226,68,2,queue,treatment_wait_begins,317.28332755550696,,1,33.0,,366,0
4622,228,69,2,queue,treatment_wait_begins,320.2459485503109,,1,34.0,,366,0
4623,230,70,2,queue,treatment_wait_begins,320.46821633167013,,1,35.0,,366,0
4624,235,71,2,queue,treatment_wait_begins,325.25123026577114,,1,36.0,,366,0
4625,241,74,2,queue,treatment_wait_begins,346.037960484565,,1,37.0,,366,0
4626,243,75,2,queue,treatment_wait_begins,347.69830455805135,,1,38.0,,366,0
4627,245,76,2,queue,treatment_wait_begins,347.94705816407,,1,39.0,,366,0
4628,247,77,2,queue,treatment_wait_begins,352.5711693396838,,1,40.0,,366,0
4629,250,72,1,resource_use,treatment_begins,353.5967301978835,2.0,1,2.0,,366,0
4630,253,73,1,resource_use,treatment_begins,354.2286216557717,4.0,1,3.0,,366,0
4631,256,30,2,resource_use,treatment_begins,357.37027837937836,3.0,1,4.0,,366,0
4632,258,78,1,queue,treatment_wait_begins,365.3382663386541,,1,41.0,,366,0
4633,95,31,2,queue,treatment_wait_begins,139.96198057430644,,1,1.0,,368,0
4634,97,32,2,queue,treatment_wait_begins,141.90538175510554,,1,2.0,,368,0
4635,99,33,2,queue,treatment_wait_begins,148.22641604293108,,1,3.0,,368,0
4636,101,34,2,queue,treatment_wait_begins,151.7688691800117,,1,4.0,,368,0
4637,106,35,2,queue,treatment_wait_begins,152.9585189515018,,1,5.0,,368,0
4638,116,37,2,queue,treatment_wait_begins,158.4717443187417,,1,6.0,,368,0
4639,118,38,2,queue,treatment_wait_begins,160.19091112593068,,1,7.0,,368,0
4640,120,39,2,queue,treatment_wait_begins,161.80046723046223,,1,8.0,,368,0
4641,127,41,2,queue,treatment_wait_begins,167.67977668606895,,1,9.0,,368,0
4642,129,42,2,queue,treatment_wait_begins,174.34828881122837,,1,10.0,,368,0
4643,133,44,2,queue,treatment_wait_begins,186.72302338228388,,1,11.0,,368,0
4644,135,45,2,queue,treatment_wait_begins,187.08816512218607,,1,12.0,,368,0
4645,140,46,2,queue,treatment_wait_begins,192.75850263079985,,1,13.0,,368,0
4646,148,47,2,queue,treatment_wait_begins,199.5301925701257,,1,14.0,,368,0
4647,153,48,2,queue,treatment_wait_begins,205.14039082741283,,1,15.0,,368,0
4648,155,49,2,queue,treatment_wait_begins,206.54063642859495,,1,16.0,,368,0
4649,157,50,2,queue,treatment_wait_begins,208.1453173837751,,1,17.0,,368,0
4650,159,51,2,queue,treatment_wait_begins,208.9739969202831,,1,18.0,,368,0
4651,161,52,2,queue,treatment_wait_begins,210.74581448374042,,1,19.0,,368,0
4652,163,53,2,queue,treatment_wait_begins,210.85151326578935,,1,20.0,,368,0
4653,165,54,2,queue,treatment_wait_begins,211.68829524636791,,1,21.0,,368,0
4654,167,55,2,queue,treatment_wait_begins,218.2635794691037,,1,22.0,,368,0
4655,181,56,2,queue,treatment_wait_begins,238.24236082502787,,1,23.0,,368,0
4656,185,58,2,queue,treatment_wait_begins,242.4802497949752,,1,24.0,,368,0
4657,187,59,2,queue,treatment_wait_begins,244.4690310645114,,1,25.0,,368,0
4658,189,60,2,queue,treatment_wait_begins,246.27574217918595,,1,26.0,,368,0
4659,193,62,2,queue,treatment_wait_begins,252.340535869662,,1,27.0,,368,0
4660,195,63,2,queue,treatment_wait_begins,259.21978013724924,,1,28.0,,368,0
4661,197,64,2,queue,treatment_wait_begins,266.7588257904633,,1,29.0,,368,0
4662,211,65,2,queue,treatment_wait_begins,293.3082397692622,,1,30.0,,368,0
4663,213,66,2,queue,treatment_wait_begins,303.841540943146,,1,31.0,,368,0
4664,215,67,2,queue,treatment_wait_begins,312.06587014562393,,1,32.0,,368,0
4665,226,68,2,queue,treatment_wait_begins,317.28332755550696,,1,33.0,,368,0
4666,228,69,2,queue,treatment_wait_begins,320.2459485503109,,1,34.0,,368,0
4667,230,70,2,queue,treatment_wait_begins,320.46821633167013,,1,35.0,,368,0
4668,235,71,2,queue,treatment_wait_begins,325.25123026577114,,1,36.0,,368,0
4669,241,74,2,queue,treatment_wait_begins,346.037960484565,,1,37.0,,368,0
4670,243,75,2,queue,treatment_wait_begins,347.69830455805135,,1,38.0,,368,0
4671,245,76,2,queue,treatment_wait_begins,347.94705816407,,1,39.0,,368,0
4672,247,77,2,queue,treatment_wait_begins,352.5711693396838,,1,40.0,,368,0
4673,250,72,1,resource_use,treatment_begins,353.5967301978835,2.0,1,1.0,,368,0
4674,253,73,1,resource_use,treatment_begins,354.2286216557717,4.0,1,2.0,,368,0
4675,256,30,2,resource_use,treatment_begins,357.37027837937836,3.0,1,3.0,,368,0
4676,261,78,1,resource_use,treatment_begins,367.35193108649406,1.0,1,4.0,,368,0
4677,95,31,2,queue,treatment_wait_begins,139.96198057430644,,1,1.0,,370,0
4678,97,32,2,queue,treatment_wait_begins,141.90538175510554,,1,2.0,,370,0
4679,99,33,2,queue,treatment_wait_begins,148.22641604293108,,1,3.0,,370,0
4680,101,34,2,queue,treatment_wait_begins,151.7688691800117,,1,4.0,,370,0
4681,106,35,2,queue,treatment_wait_begins,152.9585189515018,,1,5.0,,370,0
4682,116,37,2,queue,treatment_wait_begins,158.4717443187417,,1,6.0,,370,0
4683,118,38,2,queue,treatment_wait_begins,160.19091112593068,,1,7.0,,370,0
4684,120,39,2,queue,treatment_wait_begins,161.80046723046223,,1,8.0,,370,0
4685,127,41,2,queue,treatment_wait_begins,167.67977668606895,,1,9.0,,370,0
4686,129,42,2,queue,treatment_wait_begins,174.34828881122837,,1,10.0,,370,0
4687,133,44,2,queue,treatment_wait_begins,186.72302338228388,,1,11.0,,370,0
4688,135,45,2,queue,treatment_wait_begins,187.08816512218607,,1,12.0,,370,0
4689,140,46,2,queue,treatment_wait_begins,192.75850263079985,,1,13.0,,370,0
4690,148,47,2,queue,treatment_wait_begins,199.5301925701257,,1,14.0,,370,0
4691,153,48,2,queue,treatment_wait_begins,205.14039082741283,,1,15.0,,370,0
4692,155,49,2,queue,treatment_wait_begins,206.54063642859495,,1,16.0,,370,0
4693,157,50,2,queue,treatment_wait_begins,208.1453173837751,,1,17.0,,370,0
4694,159,51,2,queue,treatment_wait_begins,208.9739969202831,,1,18.0,,370,0
4695,161,52,2,queue,treatment_wait_begins,210.74581448374042,,1,19.0,,370,0
4696,163,53,2,queue,treatment_wait_begins,210.85151326578935,,1,20.0,,370,0
4697,165,54,2,queue,treatment_wait_begins,211.68829524636791,,1,21.0,,370,0
4698,167,55,2,queue,treatment_wait_begins,218.2635794691037,,1,22.0,,370,0
4699,181,56,2,queue,treatment_wait_begins,238.24236082502787,,1,23.0,,370,0
4700,185,58,2,queue,treatment_wait_begins,242.4802497949752,,1,24.0,,370,0
4701,187,59,2,queue,treatment_wait_begins,244.4690310645114,,1,25.0,,370,0
4702,189,60,2,queue,treatment_wait_begins,246.27574217918595,,1,26.0,,370,0
4703,193,62,2,queue,treatment_wait_begins,252.340535869662,,1,27.0,,370,0
4704,195,63,2,queue,treatment_wait_begins,259.21978013724924,,1,28.0,,370,0
4705,197,64,2,queue,treatment_wait_begins,266.7588257904633,,1,29.0,,370,0
4706,211,65,2,queue,treatment_wait_begins,293.3082397692622,,1,30.0,,370,0
4707,213,66,2,queue,treatment_wait_begins,303.841540943146,,1,31.0,,370,0
4708,215,67,2,queue,treatment_wait_begins,312.06587014562393,,1,32.0,,370,0
4709,226,68,2,queue,treatment_wait_begins,317.28332755550696,,1,33.0,,370,0
4710,228,69,2,queue,treatment_wait_begins,320.2459485503109,,1,34.0,,370,0
4711,230,70,2,queue,treatment_wait_begins,320.46821633167013,,1,35.0,,370,0
4712,235,71,2,queue,treatment_wait_begins,325.25123026577114,,1,36.0,,370,0
4713,241,74,2,queue,treatment_wait_begins,346.037960484565,,1,37.0,,370,0
4714,243,75,2,queue,treatment_wait_begins,347.69830455805135,,1,38.0,,370,0
4715,245,76,2,queue,treatment_wait_begins,347.94705816407,,1,39.0,,370,0
4716,247,77,2,queue,treatment_wait_begins,352.5711693396838,,1,40.0,,370,0
4717,250,72,1,resource_use,treatment_begins,353.5967301978835,2.0,1,1.0,,370,0
4718,253,73,1,resource_use,treatment_begins,354.2286216557717,4.0,1,2.0,,370,0
4719,256,30,2,resource_use,treatment_begins,357.37027837937836,3.0,1,3.0,,370,0
4720,261,78,1,resource_use,treatment_begins,367.35193108649406,1.0,1,4.0,,370,0
4721,263,79,2,queue,treatment_wait_begins,369.44362432169635,,1,41.0,,370,0
4722,95,31,2,queue,treatment_wait_begins,139.96198057430644,,1,1.0,,372,0
4723,97,32,2,queue,treatment_wait_begins,141.90538175510554,,1,2.0,,372,0
4724,99,33,2,queue,treatment_wait_begins,148.22641604293108,,1,3.0,,372,0
4725,101,34,2,queue,treatment_wait_begins,151.7688691800117,,1,4.0,,372,0
4726,106,35,2,queue,treatment_wait_begins,152.9585189515018,,1,5.0,,372,0
4727,116,37,2,queue,treatment_wait_begins,158.4717443187417,,1,6.0,,372,0
4728,118,38,2,queue,treatment_wait_begins,160.19091112593068,,1,7.0,,372,0
4729,120,39,2,queue,treatment_wait_begins,161.80046723046223,,1,8.0,,372,0
4730,127,41,2,queue,treatment_wait_begins,167.67977668606895,,1,9.0,,372,0
4731,129,42,2,queue,treatment_wait_begins,174.34828881122837,,1,10.0,,372,0
4732,133,44,2,queue,treatment_wait_begins,186.72302338228388,,1,11.0,,372,0
4733,135,45,2,queue,treatment_wait_begins,187.08816512218607,,1,12.0,,372,0
4734,140,46,2,queue,treatment_wait_begins,192.75850263079985,,1,13.0,,372,0
4735,148,47,2,queue,treatment_wait_begins,199.5301925701257,,1,14.0,,372,0
4736,153,48,2,queue,treatment_wait_begins,205.14039082741283,,1,15.0,,372,0
4737,155,49,2,queue,treatment_wait_begins,206.54063642859495,,1,16.0,,372,0
4738,157,50,2,queue,treatment_wait_begins,208.1453173837751,,1,17.0,,372,0
4739,159,51,2,queue,treatment_wait_begins,208.9739969202831,,1,18.0,,372,0
4740,161,52,2,queue,treatment_wait_begins,210.74581448374042,,1,19.0,,372,0
4741,163,53,2,queue,treatment_wait_begins,210.85151326578935,,1,20.0,,372,0
4742,165,54,2,queue,treatment_wait_begins,211.68829524636791,,1,21.0,,372,0
4743,167,55,2,queue,treatment_wait_begins,218.2635794691037,,1,22.0,,372,0
4744,181,56,2,queue,treatment_wait_begins,238.24236082502787,,1,23.0,,372,0
4745,185,58,2,queue,treatment_wait_begins,242.4802497949752,,1,24.0,,372,0
4746,187,59,2,queue,treatment_wait_begins,244.4690310645114,,1,25.0,,372,0
4747,189,60,2,queue,treatment_wait_begins,246.27574217918595,,1,26.0,,372,0
4748,193,62,2,queue,treatment_wait_begins,252.340535869662,,1,27.0,,372,0
4749,195,63,2,queue,treatment_wait_begins,259.21978013724924,,1,28.0,,372,0
4750,197,64,2,queue,treatment_wait_begins,266.7588257904633,,1,29.0,,372,0
4751,211,65,2,queue,treatment_wait_begins,293.3082397692622,,1,30.0,,372,0
4752,213,66,2,queue,treatment_wait_begins,303.841540943146,,1,31.0,,372,0
4753,215,67,2,queue,treatment_wait_begins,312.06587014562393,,1,32.0,,372,0
4754,226,68,2,queue,treatment_wait_begins,317.28332755550696,,1,33.0,,372,0
4755,228,69,2,queue,treatment_wait_begins,320.2459485503109,,1,34.0,,372,0
4756,230,70,2,queue,treatment_wait_begins,320.46821633167013,,1,35.0,,372,0
4757,235,71,2,queue,treatment_wait_begins,325.25123026577114,,1,36.0,,372,0
4758,241,74,2,queue,treatment_wait_begins,346.037960484565,,1,37.0,,372,0
4759,243,75,2,queue,treatment_wait_begins,347.69830455805135,,1,38.0,,372,0
4760,245,76,2,queue,treatment_wait_begins,347.94705816407,,1,39.0,,372,0
4761,247,77,2,queue,treatment_wait_begins,352.5711693396838,,1,40.0,,372,0
4762,250,72,1,resource_use,treatment_begins,353.5967301978835,2.0,1,1.0,,372,0
4763,253,73,1,resource_use,treatment_begins,354.2286216557717,4.0,1,2.0,,372,0
4764,256,30,2,resource_use,treatment_begins,357.37027837937836,3.0,1,3.0,,372,0
4765,261,78,1,resource_use,treatment_begins,367.35193108649406,1.0,1,4.0,,372,0
4766,263,79,2,queue,treatment_wait_begins,369.44362432169635,,1,41.0,,372,0
4767,95,31,2,queue,treatment_wait_begins,139.96198057430644,,1,1.0,,374,0
4768,97,32,2,queue,treatment_wait_begins,141.90538175510554,,1,2.0,,374,0
4769,99,33,2,queue,treatment_wait_begins,148.22641604293108,,1,3.0,,374,0
4770,101,34,2,queue,treatment_wait_begins,151.7688691800117,,1,4.0,,374,0
4771,106,35,2,queue,treatment_wait_begins,152.9585189515018,,1,5.0,,374,0
4772,116,37,2,queue,treatment_wait_begins,158.4717443187417,,1,6.0,,374,0
4773,118,38,2,queue,treatment_wait_begins,160.19091112593068,,1,7.0,,374,0
4774,120,39,2,queue,treatment_wait_begins,161.80046723046223,,1,8.0,,374,0
4775,127,41,2,queue,treatment_wait_begins,167.67977668606895,,1,9.0,,374,0
4776,129,42,2,queue,treatment_wait_begins,174.34828881122837,,1,10.0,,374,0
4777,133,44,2,queue,treatment_wait_begins,186.72302338228388,,1,11.0,,374,0
4778,135,45,2,queue,treatment_wait_begins,187.08816512218607,,1,12.0,,374,0
4779,140,46,2,queue,treatment_wait_begins,192.75850263079985,,1,13.0,,374,0
4780,148,47,2,queue,treatment_wait_begins,199.5301925701257,,1,14.0,,374,0
4781,153,48,2,queue,treatment_wait_begins,205.14039082741283,,1,15.0,,374,0
4782,155,49,2,queue,treatment_wait_begins,206.54063642859495,,1,16.0,,374,0
4783,157,50,2,queue,treatment_wait_begins,208.1453173837751,,1,17.0,,374,0
4784,159,51,2,queue,treatment_wait_begins,208.9739969202831,,1,18.0,,374,0
4785,161,52,2,queue,treatment_wait_begins,210.74581448374042,,1,19.0,,374,0
4786,163,53,2,queue,treatment_wait_begins,210.85151326578935,,1,20.0,,374,0
4787,165,54,2,queue,treatment_wait_begins,211.68829524636791,,1,21.0,,374,0
4788,167,55,2,queue,treatment_wait_begins,218.2635794691037,,1,22.0,,374,0
4789,181,56,2,queue,treatment_wait_begins,238.24236082502787,,1,23.0,,374,0
4790,185,58,2,queue,treatment_wait_begins,242.4802497949752,,1,24.0,,374,0
4791,187,59,2,queue,treatment_wait_begins,244.4690310645114,,1,25.0,,374,0
4792,189,60,2,queue,treatment_wait_begins,246.27574217918595,,1,26.0,,374,0
4793,193,62,2,queue,treatment_wait_begins,252.340535869662,,1,27.0,,374,0
4794,195,63,2,queue,treatment_wait_begins,259.21978013724924,,1,28.0,,374,0
4795,197,64,2,queue,treatment_wait_begins,266.7588257904633,,1,29.0,,374,0
4796,211,65,2,queue,treatment_wait_begins,293.3082397692622,,1,30.0,,374,0
4797,213,66,2,queue,treatment_wait_begins,303.841540943146,,1,31.0,,374,0
4798,215,67,2,queue,treatment_wait_begins,312.06587014562393,,1,32.0,,374,0
4799,226,68,2,queue,treatment_wait_begins,317.28332755550696,,1,33.0,,374,0
4800,228,69,2,queue,treatment_wait_begins,320.2459485503109,,1,34.0,,374,0
4801,230,70,2,queue,treatment_wait_begins,320.46821633167013,,1,35.0,,374,0
4802,235,71,2,queue,treatment_wait_begins,325.25123026577114,,1,36.0,,374,0
4803,241,74,2,queue,treatment_wait_begins,346.037960484565,,1,37.0,,374,0
4804,243,75,2,queue,treatment_wait_begins,347.69830455805135,,1,38.0,,374,0
4805,245,76,2,queue,treatment_wait_begins,347.94705816407,,1,39.0,,374,0
4806,247,77,2,queue,treatment_wait_begins,352.5711693396838,,1,40.0,,374,0
4807,250,72,1,resource_use,treatment_begins,353.5967301978835,2.0,1,1.0,,374,0
4808,253,73,1,resource_use,treatment_begins,354.2286216557717,4.0,1,2.0,,374,0
4809,256,30,2,resource_use,treatment_begins,357.37027837937836,3.0,1,3.0,,374,0
4810,261,78,1,resource_use,treatment_begins,367.35193108649406,1.0,1,4.0,,374,0
4811,263,79,2,queue,treatment_wait_begins,369.44362432169635,,1,41.0,,374,0
4812,95,31,2,queue,treatment_wait_begins,139.96198057430644,,1,1.0,,376,0
4813,97,32,2,queue,treatment_wait_begins,141.90538175510554,,1,2.0,,376,0
4814,99,33,2,queue,treatment_wait_begins,148.22641604293108,,1,3.0,,376,0
4815,101,34,2,queue,treatment_wait_begins,151.7688691800117,,1,4.0,,376,0
4816,106,35,2,queue,treatment_wait_begins,152.9585189515018,,1,5.0,,376,0
4817,116,37,2,queue,treatment_wait_begins,158.4717443187417,,1,6.0,,376,0
4818,118,38,2,queue,treatment_wait_begins,160.19091112593068,,1,7.0,,376,0
4819,120,39,2,queue,treatment_wait_begins,161.80046723046223,,1,8.0,,376,0
4820,127,41,2,queue,treatment_wait_begins,167.67977668606895,,1,9.0,,376,0
4821,129,42,2,queue,treatment_wait_begins,174.34828881122837,,1,10.0,,376,0
4822,133,44,2,queue,treatment_wait_begins,186.72302338228388,,1,11.0,,376,0
4823,135,45,2,queue,treatment_wait_begins,187.08816512218607,,1,12.0,,376,0
4824,140,46,2,queue,treatment_wait_begins,192.75850263079985,,1,13.0,,376,0
4825,148,47,2,queue,treatment_wait_begins,199.5301925701257,,1,14.0,,376,0
4826,153,48,2,queue,treatment_wait_begins,205.14039082741283,,1,15.0,,376,0
4827,155,49,2,queue,treatment_wait_begins,206.54063642859495,,1,16.0,,376,0
4828,157,50,2,queue,treatment_wait_begins,208.1453173837751,,1,17.0,,376,0
4829,159,51,2,queue,treatment_wait_begins,208.9739969202831,,1,18.0,,376,0
4830,161,52,2,queue,treatment_wait_begins,210.74581448374042,,1,19.0,,376,0
4831,163,53,2,queue,treatment_wait_begins,210.85151326578935,,1,20.0,,376,0
4832,165,54,2,queue,treatment_wait_begins,211.68829524636791,,1,21.0,,376,0
4833,167,55,2,queue,treatment_wait_begins,218.2635794691037,,1,22.0,,376,0
4834,181,56,2,queue,treatment_wait_begins,238.24236082502787,,1,23.0,,376,0
4835,185,58,2,queue,treatment_wait_begins,242.4802497949752,,1,24.0,,376,0
4836,187,59,2,queue,treatment_wait_begins,244.4690310645114,,1,25.0,,376,0
4837,189,60,2,queue,treatment_wait_begins,246.27574217918595,,1,26.0,,376,0
4838,193,62,2,queue,treatment_wait_begins,252.340535869662,,1,27.0,,376,0
4839,195,63,2,queue,treatment_wait_begins,259.21978013724924,,1,28.0,,376,0
4840,197,64,2,queue,treatment_wait_begins,266.7588257904633,,1,29.0,,376,0
4841,211,65,2,queue,treatment_wait_begins,293.3082397692622,,1,30.0,,376,0
4842,213,66,2,queue,treatment_wait_begins,303.841540943146,,1,31.0,,376,0
4843,215,67,2,queue,treatment_wait_begins,312.06587014562393,,1,32.0,,376,0
4844,226,68,2,queue,treatment_wait_begins,317.28332755550696,,1,33.0,,376,0
4845,228,69,2,queue,treatment_wait_begins,320.2459485503109,,1,34.0,,376,0
4846,230,70,2,queue,treatment_wait_begins,320.46821633167013,,1,35.0,,376,0
4847,235,71,2,queue,treatment_wait_begins,325.25123026577114,,1,36.0,,376,0
4848,241,74,2,queue,treatment_wait_begins,346.037960484565,,1,37.0,,376,0
4849,243,75,2,queue,treatment_wait_begins,347.69830455805135,,1,38.0,,376,0
4850,245,76,2,queue,treatment_wait_begins,347.94705816407,,1,39.0,,376,0
4851,247,77,2,queue,treatment_wait_begins,352.5711693396838,,1,40.0,,376,0
4852,250,72,1,resource_use,treatment_begins,353.5967301978835,2.0,1,1.0,,376,0
4853,253,73,1,resource_use,treatment_begins,354.2286216557717,4.0,1,2.0,,376,0
4854,256,30,2,resource_use,treatment_begins,357.37027837937836,3.0,1,3.0,,376,0
4855,261,78,1,resource_use,treatment_begins,367.35193108649406,1.0,1,4.0,,376,0
4856,263,79,2,queue,treatment_wait_begins,369.44362432169635,,1,41.0,,376,0
4857,95,31,2,queue,treatment_wait_begins,139.96198057430644,,1,1.0,,378,0
4858,97,32,2,queue,treatment_wait_begins,141.90538175510554,,1,2.0,,378,0
4859,99,33,2,queue,treatment_wait_begins,148.22641604293108,,1,3.0,,378,0
4860,101,34,2,queue,treatment_wait_begins,151.7688691800117,,1,4.0,,378,0
4861,106,35,2,queue,treatment_wait_begins,152.9585189515018,,1,5.0,,378,0
4862,116,37,2,queue,treatment_wait_begins,158.4717443187417,,1,6.0,,378,0
4863,118,38,2,queue,treatment_wait_begins,160.19091112593068,,1,7.0,,378,0
4864,120,39,2,queue,treatment_wait_begins,161.80046723046223,,1,8.0,,378,0
4865,127,41,2,queue,treatment_wait_begins,167.67977668606895,,1,9.0,,378,0
4866,129,42,2,queue,treatment_wait_begins,174.34828881122837,,1,10.0,,378,0
4867,133,44,2,queue,treatment_wait_begins,186.72302338228388,,1,11.0,,378,0
4868,135,45,2,queue,treatment_wait_begins,187.08816512218607,,1,12.0,,378,0
4869,140,46,2,queue,treatment_wait_begins,192.75850263079985,,1,13.0,,378,0
4870,148,47,2,queue,treatment_wait_begins,199.5301925701257,,1,14.0,,378,0
4871,153,48,2,queue,treatment_wait_begins,205.14039082741283,,1,15.0,,378,0
4872,155,49,2,queue,treatment_wait_begins,206.54063642859495,,1,16.0,,378,0
4873,157,50,2,queue,treatment_wait_begins,208.1453173837751,,1,17.0,,378,0
4874,159,51,2,queue,treatment_wait_begins,208.9739969202831,,1,18.0,,378,0
4875,161,52,2,queue,treatment_wait_begins,210.74581448374042,,1,19.0,,378,0
4876,163,53,2,queue,treatment_wait_begins,210.85151326578935,,1,20.0,,378,0
4877,165,54,2,queue,treatment_wait_begins,211.68829524636791,,1,21.0,,378,0
4878,167,55,2,queue,treatment_wait_begins,218.2635794691037,,1,22.0,,378,0
4879,181,56,2,queue,treatment_wait_begins,238.24236082502787,,1,23.0,,378,0
4880,185,58,2,queue,treatment_wait_begins,242.4802497949752,,1,24.0,,378,0
4881,187,59,2,queue,treatment_wait_begins,244.4690310645114,,1,25.0,,378,0
4882,189,60,2,queue,treatment_wait_begins,246.27574217918595,,1,26.0,,378,0
4883,193,62,2,queue,treatment_wait_begins,252.340535869662,,1,27.0,,378,0
4884,195,63,2,queue,treatment_wait_begins,259.21978013724924,,1,28.0,,378,0
4885,197,64,2,queue,treatment_wait_begins,266.7588257904633,,1,29.0,,378,0
4886,211,65,2,queue,treatment_wait_begins,293.3082397692622,,1,30.0,,378,0
4887,213,66,2,queue,treatment_wait_begins,303.841540943146,,1,31.0,,378,0
4888,215,67,2,queue,treatment_wait_begins,312.06587014562393,,1,32.0,,378,0
4889,226,68,2,queue,treatment_wait_begins,317.28332755550696,,1,33.0,,378,0
4890,228,69,2,queue,treatment_wait_begins,320.2459485503109,,1,34.0,,378,0
4891,230,70,2,queue,treatment_wait_begins,320.46821633167013,,1,35.0,,378,0
4892,235,71,2,queue,treatment_wait_begins,325.25123026577114,,1,36.0,,378,0
4893,241,74,2,queue,treatment_wait_begins,346.037960484565,,1,37.0,,378,0
4894,243,75,2,queue,treatment_wait_begins,347.69830455805135,,1,38.0,,378,0
4895,245,76,2,queue,treatment_wait_begins,347.94705816407,,1,39.0,,378,0
4896,247,77,2,queue,treatment_wait_begins,352.5711693396838,,1,40.0,,378,0
4897,250,72,1,resource_use,treatment_begins,353.5967301978835,2.0,1,1.0,,378,0
4898,253,73,1,resource_use,treatment_begins,354.2286216557717,4.0,1,2.0,,378,0
4899,256,30,2,resource_use,treatment_begins,357.37027837937836,3.0,1,3.0,,378,0
4900,261,78,1,resource_use,treatment_begins,367.35193108649406,1.0,1,4.0,,378,0
4901,263,79,2,queue,treatment_wait_begins,369.44362432169635,,1,41.0,,378,0
4902,95,31,2,queue,treatment_wait_begins,139.96198057430644,,1,1.0,,380,0
4903,97,32,2,queue,treatment_wait_begins,141.90538175510554,,1,2.0,,380,0
4904,99,33,2,queue,treatment_wait_begins,148.22641604293108,,1,3.0,,380,0
4905,101,34,2,queue,treatment_wait_begins,151.7688691800117,,1,4.0,,380,0
4906,106,35,2,queue,treatment_wait_begins,152.9585189515018,,1,5.0,,380,0
4907,116,37,2,queue,treatment_wait_begins,158.4717443187417,,1,6.0,,380,0
4908,118,38,2,queue,treatment_wait_begins,160.19091112593068,,1,7.0,,380,0
4909,120,39,2,queue,treatment_wait_begins,161.80046723046223,,1,8.0,,380,0
4910,127,41,2,queue,treatment_wait_begins,167.67977668606895,,1,9.0,,380,0
4911,129,42,2,queue,treatment_wait_begins,174.34828881122837,,1,10.0,,380,0
4912,133,44,2,queue,treatment_wait_begins,186.72302338228388,,1,11.0,,380,0
4913,135,45,2,queue,treatment_wait_begins,187.08816512218607,,1,12.0,,380,0
4914,140,46,2,queue,treatment_wait_begins,192.75850263079985,,1,13.0,,380,0
4915,148,47,2,queue,treatment_wait_begins,199.5301925701257,,1,14.0,,380,0
4916,153,48,2,queue,treatment_wait_begins,205.14039082741283,,1,15.0,,380,0
4917,155,49,2,queue,treatment_wait_begins,206.54063642859495,,1,16.0,,380,0
4918,157,50,2,queue,treatment_wait_begins,208.1453173837751,,1,17.0,,380,0
4919,159,51,2,queue,treatment_wait_begins,208.9739969202831,,1,18.0,,380,0
4920,161,52,2,queue,treatment_wait_begins,210.74581448374042,,1,19.0,,380,0
4921,163,53,2,queue,treatment_wait_begins,210.85151326578935,,1,20.0,,380,0
4922,165,54,2,queue,treatment_wait_begins,211.68829524636791,,1,21.0,,380,0
4923,167,55,2,queue,treatment_wait_begins,218.2635794691037,,1,22.0,,380,0
4924,181,56,2,queue,treatment_wait_begins,238.24236082502787,,1,23.0,,380,0
4925,185,58,2,queue,treatment_wait_begins,242.4802497949752,,1,24.0,,380,0
4926,187,59,2,queue,treatment_wait_begins,244.4690310645114,,1,25.0,,380,0
4927,189,60,2,queue,treatment_wait_begins,246.27574217918595,,1,26.0,,380,0
4928,193,62,2,queue,treatment_wait_begins,252.340535869662,,1,27.0,,380,0
4929,195,63,2,queue,treatment_wait_begins,259.21978013724924,,1,28.0,,380,0
4930,197,64,2,queue,treatment_wait_begins,266.7588257904633,,1,29.0,,380,0
4931,211,65,2,queue,treatment_wait_begins,293.3082397692622,,1,30.0,,380,0
4932,213,66,2,queue,treatment_wait_begins,303.841540943146,,1,31.0,,380,0
4933,215,67,2,queue,treatment_wait_begins,312.06587014562393,,1,32.0,,380,0
4934,226,68,2,queue,treatment_wait_begins,317.28332755550696,,1,33.0,,380,0
4935,228,69,2,queue,treatment_wait_begins,320.2459485503109,,1,34.0,,380,0
4936,230,70,2,queue,treatment_wait_begins,320.46821633167013,,1,35.0,,380,0
4937,235,71,2,queue,treatment_wait_begins,325.25123026577114,,1,36.0,,380,0
4938,241,74,2,queue,treatment_wait_begins,346.037960484565,,1,37.0,,380,0
4939,243,75,2,queue,treatment_wait_begins,347.69830455805135,,1,38.0,,380,0
4940,245,76,2,queue,treatment_wait_begins,347.94705816407,,1,39.0,,380,0
4941,247,77,2,queue,treatment_wait_begins,352.5711693396838,,1,40.0,,380,0
4942,250,72,1,resource_use,treatment_begins,353.5967301978835,2.0,1,1.0,,380,0
4943,253,73,1,resource_use,treatment_begins,354.2286216557717,4.0,1,2.0,,380,0
4944,256,30,2,resource_use,treatment_begins,357.37027837937836,3.0,1,3.0,,380,0
4945,261,78,1,resource_use,treatment_begins,367.35193108649406,1.0,1,4.0,,380,0
4946,263,79,2,queue,treatment_wait_begins,369.44362432169635,,1,41.0,,380,0
4947,95,31,2,queue,treatment_wait_begins,139.96198057430644,,1,1.0,,382,0
4948,97,32,2,queue,treatment_wait_begins,141.90538175510554,,1,2.0,,382,0
4949,99,33,2,queue,treatment_wait_begins,148.22641604293108,,1,3.0,,382,0
4950,101,34,2,queue,treatment_wait_begins,151.7688691800117,,1,4.0,,382,0
4951,106,35,2,queue,treatment_wait_begins,152.9585189515018,,1,5.0,,382,0
4952,116,37,2,queue,treatment_wait_begins,158.4717443187417,,1,6.0,,382,0
4953,118,38,2,queue,treatment_wait_begins,160.19091112593068,,1,7.0,,382,0
4954,120,39,2,queue,treatment_wait_begins,161.80046723046223,,1,8.0,,382,0
4955,127,41,2,queue,treatment_wait_begins,167.67977668606895,,1,9.0,,382,0
4956,129,42,2,queue,treatment_wait_begins,174.34828881122837,,1,10.0,,382,0
4957,133,44,2,queue,treatment_wait_begins,186.72302338228388,,1,11.0,,382,0
4958,135,45,2,queue,treatment_wait_begins,187.08816512218607,,1,12.0,,382,0
4959,140,46,2,queue,treatment_wait_begins,192.75850263079985,,1,13.0,,382,0
4960,148,47,2,queue,treatment_wait_begins,199.5301925701257,,1,14.0,,382,0
4961,153,48,2,queue,treatment_wait_begins,205.14039082741283,,1,15.0,,382,0
4962,155,49,2,queue,treatment_wait_begins,206.54063642859495,,1,16.0,,382,0
4963,157,50,2,queue,treatment_wait_begins,208.1453173837751,,1,17.0,,382,0
4964,159,51,2,queue,treatment_wait_begins,208.9739969202831,,1,18.0,,382,0
4965,161,52,2,queue,treatment_wait_begins,210.74581448374042,,1,19.0,,382,0
4966,163,53,2,queue,treatment_wait_begins,210.85151326578935,,1,20.0,,382,0
4967,165,54,2,queue,treatment_wait_begins,211.68829524636791,,1,21.0,,382,0
4968,167,55,2,queue,treatment_wait_begins,218.2635794691037,,1,22.0,,382,0
4969,181,56,2,queue,treatment_wait_begins,238.24236082502787,,1,23.0,,382,0
4970,185,58,2,queue,treatment_wait_begins,242.4802497949752,,1,24.0,,382,0
4971,187,59,2,queue,treatment_wait_begins,244.4690310645114,,1,25.0,,382,0
4972,189,60,2,queue,treatment_wait_begins,246.27574217918595,,1,26.0,,382,0
4973,193,62,2,queue,treatment_wait_begins,252.340535869662,,1,27.0,,382,0
4974,195,63,2,queue,treatment_wait_begins,259.21978013724924,,1,28.0,,382,0
4975,197,64,2,queue,treatment_wait_begins,266.7588257904633,,1,29.0,,382,0
4976,211,65,2,queue,treatment_wait_begins,293.3082397692622,,1,30.0,,382,0
4977,213,66,2,queue,treatment_wait_begins,303.841540943146,,1,31.0,,382,0
4978,215,67,2,queue,treatment_wait_begins,312.06587014562393,,1,32.0,,382,0
4979,226,68,2,queue,treatment_wait_begins,317.28332755550696,,1,33.0,,382,0
4980,228,69,2,queue,treatment_wait_begins,320.2459485503109,,1,34.0,,382,0
4981,230,70,2,queue,treatment_wait_begins,320.46821633167013,,1,35.0,,382,0
4982,235,71,2,queue,treatment_wait_begins,325.25123026577114,,1,36.0,,382,0
4983,241,74,2,queue,treatment_wait_begins,346.037960484565,,1,37.0,,382,0
4984,243,75,2,queue,treatment_wait_begins,347.69830455805135,,1,38.0,,382,0
4985,245,76,2,queue,treatment_wait_begins,347.94705816407,,1,39.0,,382,0
4986,247,77,2,queue,treatment_wait_begins,352.5711693396838,,1,40.0,,382,0
4987,250,72,1,resource_use,treatment_begins,353.5967301978835,2.0,1,1.0,,382,0
4988,253,73,1,resource_use,treatment_begins,354.2286216557717,4.0,1,2.0,,382,0
4989,256,30,2,resource_use,treatment_begins,357.37027837937836,3.0,1,3.0,,382,0
4990,261,78,1,resource_use,treatment_begins,367.35193108649406,1.0,1,4.0,,382,0
4991,263,79,2,queue,treatment_wait_begins,369.44362432169635,,1,41.0,,382,0
4992,265,80,2,queue,treatment_wait_begins,380.09833875091823,,1,42.0,,382,0
4993,95,31,2,queue,treatment_wait_begins,139.96198057430644,,1,1.0,,384,0
4994,97,32,2,queue,treatment_wait_begins,141.90538175510554,,1,2.0,,384,0
4995,99,33,2,queue,treatment_wait_begins,148.22641604293108,,1,3.0,,384,0
4996,101,34,2,queue,treatment_wait_begins,151.7688691800117,,1,4.0,,384,0
4997,106,35,2,queue,treatment_wait_begins,152.9585189515018,,1,5.0,,384,0
4998,116,37,2,queue,treatment_wait_begins,158.4717443187417,,1,6.0,,384,0
4999,118,38,2,queue,treatment_wait_begins,160.19091112593068,,1,7.0,,384,0
5000,120,39,2,queue,treatment_wait_begins,161.80046723046223,,1,8.0,,384,0
5001,127,41,2,queue,treatment_wait_begins,167.67977668606895,,1,9.0,,384,0
5002,129,42,2,queue,treatment_wait_begins,174.34828881122837,,1,10.0,,384,0
5003,133,44,2,queue,treatment_wait_begins,186.72302338228388,,1,11.0,,384,0
5004,135,45,2,queue,treatment_wait_begins,187.08816512218607,,1,12.0,,384,0
5005,140,46,2,queue,treatment_wait_begins,192.75850263079985,,1,13.0,,384,0
5006,148,47,2,queue,treatment_wait_begins,199.5301925701257,,1,14.0,,384,0
5007,153,48,2,queue,treatment_wait_begins,205.14039082741283,,1,15.0,,384,0
5008,155,49,2,queue,treatment_wait_begins,206.54063642859495,,1,16.0,,384,0
5009,157,50,2,queue,treatment_wait_begins,208.1453173837751,,1,17.0,,384,0
5010,159,51,2,queue,treatment_wait_begins,208.9739969202831,,1,18.0,,384,0
5011,161,52,2,queue,treatment_wait_begins,210.74581448374042,,1,19.0,,384,0
5012,163,53,2,queue,treatment_wait_begins,210.85151326578935,,1,20.0,,384,0
5013,165,54,2,queue,treatment_wait_begins,211.68829524636791,,1,21.0,,384,0
5014,167,55,2,queue,treatment_wait_begins,218.2635794691037,,1,22.0,,384,0
5015,181,56,2,queue,treatment_wait_begins,238.24236082502787,,1,23.0,,384,0
5016,185,58,2,queue,treatment_wait_begins,242.4802497949752,,1,24.0,,384,0
5017,187,59,2,queue,treatment_wait_begins,244.4690310645114,,1,25.0,,384,0
5018,189,60,2,queue,treatment_wait_begins,246.27574217918595,,1,26.0,,384,0
5019,193,62,2,queue,treatment_wait_begins,252.340535869662,,1,27.0,,384,0
5020,195,63,2,queue,treatment_wait_begins,259.21978013724924,,1,28.0,,384,0
5021,197,64,2,queue,treatment_wait_begins,266.7588257904633,,1,29.0,,384,0
5022,211,65,2,queue,treatment_wait_begins,293.3082397692622,,1,30.0,,384,0
5023,213,66,2,queue,treatment_wait_begins,303.841540943146,,1,31.0,,384,0
5024,215,67,2,queue,treatment_wait_begins,312.06587014562393,,1,32.0,,384,0
5025,226,68,2,queue,treatment_wait_begins,317.28332755550696,,1,33.0,,384,0
5026,228,69,2,queue,treatment_wait_begins,320.2459485503109,,1,34.0,,384,0
5027,230,70,2,queue,treatment_wait_begins,320.46821633167013,,1,35.0,,384,0
5028,235,71,2,queue,treatment_wait_begins,325.25123026577114,,1,36.0,,384,0
5029,241,74,2,queue,treatment_wait_begins,346.037960484565,,1,37.0,,384,0
5030,243,75,2,queue,treatment_wait_begins,347.69830455805135,,1,38.0,,384,0
5031,245,76,2,queue,treatment_wait_begins,347.94705816407,,1,39.0,,384,0
5032,247,77,2,queue,treatment_wait_begins,352.5711693396838,,1,40.0,,384,0
5033,250,72,1,resource_use,treatment_begins,353.5967301978835,2.0,1,1.0,,384,0
5034,253,73,1,resource_use,treatment_begins,354.2286216557717,4.0,1,2.0,,384,0
5035,256,30,2,resource_use,treatment_begins,357.37027837937836,3.0,1,3.0,,384,0
5036,261,78,1,resource_use,treatment_begins,367.35193108649406,1.0,1,4.0,,384,0
5037,263,79,2,queue,treatment_wait_begins,369.44362432169635,,1,41.0,,384,0
5038,265,80,2,queue,treatment_wait_begins,380.09833875091823,,1,42.0,,384,0
5039,267,81,2,queue,treatment_wait_begins,383.8634124776174,,1,43.0,,384,0
5040,95,31,2,queue,treatment_wait_begins,139.96198057430644,,1,1.0,,386,0
5041,97,32,2,queue,treatment_wait_begins,141.90538175510554,,1,2.0,,386,0
5042,99,33,2,queue,treatment_wait_begins,148.22641604293108,,1,3.0,,386,0
5043,101,34,2,queue,treatment_wait_begins,151.7688691800117,,1,4.0,,386,0
5044,106,35,2,queue,treatment_wait_begins,152.9585189515018,,1,5.0,,386,0
5045,116,37,2,queue,treatment_wait_begins,158.4717443187417,,1,6.0,,386,0
5046,118,38,2,queue,treatment_wait_begins,160.19091112593068,,1,7.0,,386,0
5047,120,39,2,queue,treatment_wait_begins,161.80046723046223,,1,8.0,,386,0
5048,127,41,2,queue,treatment_wait_begins,167.67977668606895,,1,9.0,,386,0
5049,129,42,2,queue,treatment_wait_begins,174.34828881122837,,1,10.0,,386,0
5050,133,44,2,queue,treatment_wait_begins,186.72302338228388,,1,11.0,,386,0
5051,135,45,2,queue,treatment_wait_begins,187.08816512218607,,1,12.0,,386,0
5052,140,46,2,queue,treatment_wait_begins,192.75850263079985,,1,13.0,,386,0
5053,148,47,2,queue,treatment_wait_begins,199.5301925701257,,1,14.0,,386,0
5054,153,48,2,queue,treatment_wait_begins,205.14039082741283,,1,15.0,,386,0
5055,155,49,2,queue,treatment_wait_begins,206.54063642859495,,1,16.0,,386,0
5056,157,50,2,queue,treatment_wait_begins,208.1453173837751,,1,17.0,,386,0
5057,159,51,2,queue,treatment_wait_begins,208.9739969202831,,1,18.0,,386,0
5058,161,52,2,queue,treatment_wait_begins,210.74581448374042,,1,19.0,,386,0
5059,163,53,2,queue,treatment_wait_begins,210.85151326578935,,1,20.0,,386,0
5060,165,54,2,queue,treatment_wait_begins,211.68829524636791,,1,21.0,,386,0
5061,167,55,2,queue,treatment_wait_begins,218.2635794691037,,1,22.0,,386,0
5062,181,56,2,queue,treatment_wait_begins,238.24236082502787,,1,23.0,,386,0
5063,185,58,2,queue,treatment_wait_begins,242.4802497949752,,1,24.0,,386,0
5064,187,59,2,queue,treatment_wait_begins,244.4690310645114,,1,25.0,,386,0
5065,189,60,2,queue,treatment_wait_begins,246.27574217918595,,1,26.0,,386,0
5066,193,62,2,queue,treatment_wait_begins,252.340535869662,,1,27.0,,386,0
5067,195,63,2,queue,treatment_wait_begins,259.21978013724924,,1,28.0,,386,0
5068,197,64,2,queue,treatment_wait_begins,266.7588257904633,,1,29.0,,386,0
5069,211,65,2,queue,treatment_wait_begins,293.3082397692622,,1,30.0,,386,0
5070,213,66,2,queue,treatment_wait_begins,303.841540943146,,1,31.0,,386,0
5071,215,67,2,queue,treatment_wait_begins,312.06587014562393,,1,32.0,,386,0
5072,226,68,2,queue,treatment_wait_begins,317.28332755550696,,1,33.0,,386,0
5073,228,69,2,queue,treatment_wait_begins,320.2459485503109,,1,34.0,,386,0
5074,230,70,2,queue,treatment_wait_begins,320.46821633167013,,1,35.0,,386,0
5075,235,71,2,queue,treatment_wait_begins,325.25123026577114,,1,36.0,,386,0
5076,241,74,2,queue,treatment_wait_begins,346.037960484565,,1,37.0,,386,0
5077,243,75,2,queue,treatment_wait_begins,347.69830455805135,,1,38.0,,386,0
5078,245,76,2,queue,treatment_wait_begins,347.94705816407,,1,39.0,,386,0
5079,247,77,2,queue,treatment_wait_begins,352.5711693396838,,1,40.0,,386,0
5080,250,72,1,resource_use,treatment_begins,353.5967301978835,2.0,1,1.0,,386,0
5081,253,73,1,resource_use,treatment_begins,354.2286216557717,4.0,1,2.0,,386,0
5082,256,30,2,resource_use,treatment_begins,357.37027837937836,3.0,1,3.0,,386,0
5083,261,78,1,resource_use,treatment_begins,367.35193108649406,1.0,1,4.0,,386,0
5084,263,79,2,queue,treatment_wait_begins,369.44362432169635,,1,41.0,,386,0
5085,265,80,2,queue,treatment_wait_begins,380.09833875091823,,1,42.0,,386,0
5086,267,81,2,queue,treatment_wait_begins,383.8634124776174,,1,43.0,,386,0
5087,95,31,2,queue,treatment_wait_begins,139.96198057430644,,1,1.0,,388,0
5088,97,32,2,queue,treatment_wait_begins,141.90538175510554,,1,2.0,,388,0
5089,99,33,2,queue,treatment_wait_begins,148.22641604293108,,1,3.0,,388,0
5090,101,34,2,queue,treatment_wait_begins,151.7688691800117,,1,4.0,,388,0
5091,106,35,2,queue,treatment_wait_begins,152.9585189515018,,1,5.0,,388,0
5092,116,37,2,queue,treatment_wait_begins,158.4717443187417,,1,6.0,,388,0
5093,118,38,2,queue,treatment_wait_begins,160.19091112593068,,1,7.0,,388,0
5094,120,39,2,queue,treatment_wait_begins,161.80046723046223,,1,8.0,,388,0
5095,127,41,2,queue,treatment_wait_begins,167.67977668606895,,1,9.0,,388,0
5096,129,42,2,queue,treatment_wait_begins,174.34828881122837,,1,10.0,,388,0
5097,133,44,2,queue,treatment_wait_begins,186.72302338228388,,1,11.0,,388,0
5098,135,45,2,queue,treatment_wait_begins,187.08816512218607,,1,12.0,,388,0
5099,140,46,2,queue,treatment_wait_begins,192.75850263079985,,1,13.0,,388,0
5100,148,47,2,queue,treatment_wait_begins,199.5301925701257,,1,14.0,,388,0
5101,153,48,2,queue,treatment_wait_begins,205.14039082741283,,1,15.0,,388,0
5102,155,49,2,queue,treatment_wait_begins,206.54063642859495,,1,16.0,,388,0
5103,157,50,2,queue,treatment_wait_begins,208.1453173837751,,1,17.0,,388,0
5104,159,51,2,queue,treatment_wait_begins,208.9739969202831,,1,18.0,,388,0
5105,161,52,2,queue,treatment_wait_begins,210.74581448374042,,1,19.0,,388,0
5106,163,53,2,queue,treatment_wait_begins,210.85151326578935,,1,20.0,,388,0
5107,165,54,2,queue,treatment_wait_begins,211.68829524636791,,1,21.0,,388,0
5108,167,55,2,queue,treatment_wait_begins,218.2635794691037,,1,22.0,,388,0
5109,181,56,2,queue,treatment_wait_begins,238.24236082502787,,1,23.0,,388,0
5110,185,58,2,queue,treatment_wait_begins,242.4802497949752,,1,24.0,,388,0
5111,187,59,2,queue,treatment_wait_begins,244.4690310645114,,1,25.0,,388,0
5112,189,60,2,queue,treatment_wait_begins,246.27574217918595,,1,26.0,,388,0
5113,193,62,2,queue,treatment_wait_begins,252.340535869662,,1,27.0,,388,0
5114,195,63,2,queue,treatment_wait_begins,259.21978013724924,,1,28.0,,388,0
5115,197,64,2,queue,treatment_wait_begins,266.7588257904633,,1,29.0,,388,0
5116,211,65,2,queue,treatment_wait_begins,293.3082397692622,,1,30.0,,388,0
5117,213,66,2,queue,treatment_wait_begins,303.841540943146,,1,31.0,,388,0
5118,215,67,2,queue,treatment_wait_begins,312.06587014562393,,1,32.0,,388,0
5119,226,68,2,queue,treatment_wait_begins,317.28332755550696,,1,33.0,,388,0
5120,228,69,2,queue,treatment_wait_begins,320.2459485503109,,1,34.0,,388,0
5121,230,70,2,queue,treatment_wait_begins,320.46821633167013,,1,35.0,,388,0
5122,235,71,2,queue,treatment_wait_begins,325.25123026577114,,1,36.0,,388,0
5123,241,74,2,queue,treatment_wait_begins,346.037960484565,,1,37.0,,388,0
5124,243,75,2,queue,treatment_wait_begins,347.69830455805135,,1,38.0,,388,0
5125,245,76,2,queue,treatment_wait_begins,347.94705816407,,1,39.0,,388,0
5126,247,77,2,queue,treatment_wait_begins,352.5711693396838,,1,40.0,,388,0
5127,250,72,1,resource_use,treatment_begins,353.5967301978835,2.0,1,1.0,,388,0
5128,253,73,1,resource_use,treatment_begins,354.2286216557717,4.0,1,2.0,,388,0
5129,256,30,2,resource_use,treatment_begins,357.37027837937836,3.0,1,3.0,,388,0
5130,261,78,1,resource_use,treatment_begins,367.35193108649406,1.0,1,4.0,,388,0
5131,263,79,2,queue,treatment_wait_begins,369.44362432169635,,1,41.0,,388,0
5132,265,80,2,queue,treatment_wait_begins,380.09833875091823,,1,42.0,,388,0
5133,267,81,2,queue,treatment_wait_begins,383.8634124776174,,1,43.0,,388,0
5134,95,31,2,queue,treatment_wait_begins,139.96198057430644,,1,1.0,,390,0
5135,97,32,2,queue,treatment_wait_begins,141.90538175510554,,1,2.0,,390,0
5136,99,33,2,queue,treatment_wait_begins,148.22641604293108,,1,3.0,,390,0
5137,101,34,2,queue,treatment_wait_begins,151.7688691800117,,1,4.0,,390,0
5138,106,35,2,queue,treatment_wait_begins,152.9585189515018,,1,5.0,,390,0
5139,116,37,2,queue,treatment_wait_begins,158.4717443187417,,1,6.0,,390,0
5140,118,38,2,queue,treatment_wait_begins,160.19091112593068,,1,7.0,,390,0
5141,120,39,2,queue,treatment_wait_begins,161.80046723046223,,1,8.0,,390,0
5142,127,41,2,queue,treatment_wait_begins,167.67977668606895,,1,9.0,,390,0
5143,129,42,2,queue,treatment_wait_begins,174.34828881122837,,1,10.0,,390,0
5144,133,44,2,queue,treatment_wait_begins,186.72302338228388,,1,11.0,,390,0
5145,135,45,2,queue,treatment_wait_begins,187.08816512218607,,1,12.0,,390,0
5146,140,46,2,queue,treatment_wait_begins,192.75850263079985,,1,13.0,,390,0
5147,148,47,2,queue,treatment_wait_begins,199.5301925701257,,1,14.0,,390,0
5148,153,48,2,queue,treatment_wait_begins,205.14039082741283,,1,15.0,,390,0
5149,155,49,2,queue,treatment_wait_begins,206.54063642859495,,1,16.0,,390,0
5150,157,50,2,queue,treatment_wait_begins,208.1453173837751,,1,17.0,,390,0
5151,159,51,2,queue,treatment_wait_begins,208.9739969202831,,1,18.0,,390,0
5152,161,52,2,queue,treatment_wait_begins,210.74581448374042,,1,19.0,,390,0
5153,163,53,2,queue,treatment_wait_begins,210.85151326578935,,1,20.0,,390,0
5154,165,54,2,queue,treatment_wait_begins,211.68829524636791,,1,21.0,,390,0
5155,167,55,2,queue,treatment_wait_begins,218.2635794691037,,1,22.0,,390,0
5156,181,56,2,queue,treatment_wait_begins,238.24236082502787,,1,23.0,,390,0
5157,185,58,2,queue,treatment_wait_begins,242.4802497949752,,1,24.0,,390,0
5158,187,59,2,queue,treatment_wait_begins,244.4690310645114,,1,25.0,,390,0
5159,189,60,2,queue,treatment_wait_begins,246.27574217918595,,1,26.0,,390,0
5160,193,62,2,queue,treatment_wait_begins,252.340535869662,,1,27.0,,390,0
5161,195,63,2,queue,treatment_wait_begins,259.21978013724924,,1,28.0,,390,0
5162,197,64,2,queue,treatment_wait_begins,266.7588257904633,,1,29.0,,390,0
5163,211,65,2,queue,treatment_wait_begins,293.3082397692622,,1,30.0,,390,0
5164,213,66,2,queue,treatment_wait_begins,303.841540943146,,1,31.0,,390,0
5165,215,67,2,queue,treatment_wait_begins,312.06587014562393,,1,32.0,,390,0
5166,226,68,2,queue,treatment_wait_begins,317.28332755550696,,1,33.0,,390,0
5167,228,69,2,queue,treatment_wait_begins,320.2459485503109,,1,34.0,,390,0
5168,230,70,2,queue,treatment_wait_begins,320.46821633167013,,1,35.0,,390,0
5169,235,71,2,queue,treatment_wait_begins,325.25123026577114,,1,36.0,,390,0
5170,241,74,2,queue,treatment_wait_begins,346.037960484565,,1,37.0,,390,0
5171,243,75,2,queue,treatment_wait_begins,347.69830455805135,,1,38.0,,390,0
5172,245,76,2,queue,treatment_wait_begins,347.94705816407,,1,39.0,,390,0
5173,247,77,2,queue,treatment_wait_begins,352.5711693396838,,1,40.0,,390,0
5174,250,72,1,resource_use,treatment_begins,353.5967301978835,2.0,1,1.0,,390,0
5175,253,73,1,resource_use,treatment_begins,354.2286216557717,4.0,1,2.0,,390,0
5176,256,30,2,resource_use,treatment_begins,357.37027837937836,3.0,1,3.0,,390,0
5177,261,78,1,resource_use,treatment_begins,367.35193108649406,1.0,1,4.0,,390,0
5178,263,79,2,queue,treatment_wait_begins,369.44362432169635,,1,41.0,,390,0
5179,265,80,2,queue,treatment_wait_begins,380.09833875091823,,1,42.0,,390,0
5180,267,81,2,queue,treatment_wait_begins,383.8634124776174,,1,43.0,,390,0
5181,95,31,2,queue,treatment_wait_begins,139.96198057430644,,1,1.0,,392,0
5182,97,32,2,queue,treatment_wait_begins,141.90538175510554,,1,2.0,,392,0
5183,99,33,2,queue,treatment_wait_begins,148.22641604293108,,1,3.0,,392,0
5184,101,34,2,queue,treatment_wait_begins,151.7688691800117,,1,4.0,,392,0
5185,106,35,2,queue,treatment_wait_begins,152.9585189515018,,1,5.0,,392,0
5186,116,37,2,queue,treatment_wait_begins,158.4717443187417,,1,6.0,,392,0
5187,118,38,2,queue,treatment_wait_begins,160.19091112593068,,1,7.0,,392,0
5188,120,39,2,queue,treatment_wait_begins,161.80046723046223,,1,8.0,,392,0
5189,127,41,2,queue,treatment_wait_begins,167.67977668606895,,1,9.0,,392,0
5190,129,42,2,queue,treatment_wait_begins,174.34828881122837,,1,10.0,,392,0
5191,133,44,2,queue,treatment_wait_begins,186.72302338228388,,1,11.0,,392,0
5192,135,45,2,queue,treatment_wait_begins,187.08816512218607,,1,12.0,,392,0
5193,140,46,2,queue,treatment_wait_begins,192.75850263079985,,1,13.0,,392,0
5194,148,47,2,queue,treatment_wait_begins,199.5301925701257,,1,14.0,,392,0
5195,153,48,2,queue,treatment_wait_begins,205.14039082741283,,1,15.0,,392,0
5196,155,49,2,queue,treatment_wait_begins,206.54063642859495,,1,16.0,,392,0
5197,157,50,2,queue,treatment_wait_begins,208.1453173837751,,1,17.0,,392,0
5198,159,51,2,queue,treatment_wait_begins,208.9739969202831,,1,18.0,,392,0
5199,161,52,2,queue,treatment_wait_begins,210.74581448374042,,1,19.0,,392,0
5200,163,53,2,queue,treatment_wait_begins,210.85151326578935,,1,20.0,,392,0
5201,165,54,2,queue,treatment_wait_begins,211.68829524636791,,1,21.0,,392,0
5202,167,55,2,queue,treatment_wait_begins,218.2635794691037,,1,22.0,,392,0
5203,181,56,2,queue,treatment_wait_begins,238.24236082502787,,1,23.0,,392,0
5204,185,58,2,queue,treatment_wait_begins,242.4802497949752,,1,24.0,,392,0
5205,187,59,2,queue,treatment_wait_begins,244.4690310645114,,1,25.0,,392,0
5206,189,60,2,queue,treatment_wait_begins,246.27574217918595,,1,26.0,,392,0
5207,193,62,2,queue,treatment_wait_begins,252.340535869662,,1,27.0,,392,0
5208,195,63,2,queue,treatment_wait_begins,259.21978013724924,,1,28.0,,392,0
5209,197,64,2,queue,treatment_wait_begins,266.7588257904633,,1,29.0,,392,0
5210,211,65,2,queue,treatment_wait_begins,293.3082397692622,,1,30.0,,392,0
5211,213,66,2,queue,treatment_wait_begins,303.841540943146,,1,31.0,,392,0
5212,215,67,2,queue,treatment_wait_begins,312.06587014562393,,1,32.0,,392,0
5213,226,68,2,queue,treatment_wait_begins,317.28332755550696,,1,33.0,,392,0
5214,228,69,2,queue,treatment_wait_begins,320.2459485503109,,1,34.0,,392,0
5215,230,70,2,queue,treatment_wait_begins,320.46821633167013,,1,35.0,,392,0
5216,235,71,2,queue,treatment_wait_begins,325.25123026577114,,1,36.0,,392,0
5217,241,74,2,queue,treatment_wait_begins,346.037960484565,,1,37.0,,392,0
5218,243,75,2,queue,treatment_wait_begins,347.69830455805135,,1,38.0,,392,0
5219,245,76,2,queue,treatment_wait_begins,347.94705816407,,1,39.0,,392,0
5220,247,77,2,queue,treatment_wait_begins,352.5711693396838,,1,40.0,,392,0
5221,250,72,1,resource_use,treatment_begins,353.5967301978835,2.0,1,1.0,,392,0
5222,253,73,1,resource_use,treatment_begins,354.2286216557717,4.0,1,2.0,,392,0
5223,256,30,2,resource_use,treatment_begins,357.37027837937836,3.0,1,3.0,,392,0
5224,261,78,1,resource_use,treatment_begins,367.35193108649406,1.0,1,4.0,,392,0
5225,263,79,2,queue,treatment_wait_begins,369.44362432169635,,1,41.0,,392,0
5226,265,80,2,queue,treatment_wait_begins,380.09833875091823,,1,42.0,,392,0
5227,267,81,2,queue,treatment_wait_begins,383.8634124776174,,1,43.0,,392,0
5228,269,82,2,queue,treatment_wait_begins,390.4333827158369,,1,44.0,,392,0
5229,271,83,2,queue,treatment_wait_begins,391.8772976892559,,1,45.0,,392,0
5230,95,31,2,queue,treatment_wait_begins,139.96198057430644,,1,1.0,,394,0
5231,97,32,2,queue,treatment_wait_begins,141.90538175510554,,1,2.0,,394,0
5232,99,33,2,queue,treatment_wait_begins,148.22641604293108,,1,3.0,,394,0
5233,101,34,2,queue,treatment_wait_begins,151.7688691800117,,1,4.0,,394,0
5234,106,35,2,queue,treatment_wait_begins,152.9585189515018,,1,5.0,,394,0
5235,116,37,2,queue,treatment_wait_begins,158.4717443187417,,1,6.0,,394,0
5236,118,38,2,queue,treatment_wait_begins,160.19091112593068,,1,7.0,,394,0
5237,120,39,2,queue,treatment_wait_begins,161.80046723046223,,1,8.0,,394,0
5238,127,41,2,queue,treatment_wait_begins,167.67977668606895,,1,9.0,,394,0
5239,129,42,2,queue,treatment_wait_begins,174.34828881122837,,1,10.0,,394,0
5240,133,44,2,queue,treatment_wait_begins,186.72302338228388,,1,11.0,,394,0
5241,135,45,2,queue,treatment_wait_begins,187.08816512218607,,1,12.0,,394,0
5242,140,46,2,queue,treatment_wait_begins,192.75850263079985,,1,13.0,,394,0
5243,148,47,2,queue,treatment_wait_begins,199.5301925701257,,1,14.0,,394,0
5244,153,48,2,queue,treatment_wait_begins,205.14039082741283,,1,15.0,,394,0
5245,155,49,2,queue,treatment_wait_begins,206.54063642859495,,1,16.0,,394,0
5246,157,50,2,queue,treatment_wait_begins,208.1453173837751,,1,17.0,,394,0
5247,159,51,2,queue,treatment_wait_begins,208.9739969202831,,1,18.0,,394,0
5248,161,52,2,queue,treatment_wait_begins,210.74581448374042,,1,19.0,,394,0
5249,163,53,2,queue,treatment_wait_begins,210.85151326578935,,1,20.0,,394,0
5250,165,54,2,queue,treatment_wait_begins,211.68829524636791,,1,21.0,,394,0
5251,167,55,2,queue,treatment_wait_begins,218.2635794691037,,1,22.0,,394,0
5252,181,56,2,queue,treatment_wait_begins,238.24236082502787,,1,23.0,,394,0
5253,185,58,2,queue,treatment_wait_begins,242.4802497949752,,1,24.0,,394,0
5254,187,59,2,queue,treatment_wait_begins,244.4690310645114,,1,25.0,,394,0
5255,189,60,2,queue,treatment_wait_begins,246.27574217918595,,1,26.0,,394,0
5256,193,62,2,queue,treatment_wait_begins,252.340535869662,,1,27.0,,394,0
5257,195,63,2,queue,treatment_wait_begins,259.21978013724924,,1,28.0,,394,0
5258,197,64,2,queue,treatment_wait_begins,266.7588257904633,,1,29.0,,394,0
5259,211,65,2,queue,treatment_wait_begins,293.3082397692622,,1,30.0,,394,0
5260,213,66,2,queue,treatment_wait_begins,303.841540943146,,1,31.0,,394,0
5261,215,67,2,queue,treatment_wait_begins,312.06587014562393,,1,32.0,,394,0
5262,226,68,2,queue,treatment_wait_begins,317.28332755550696,,1,33.0,,394,0
5263,228,69,2,queue,treatment_wait_begins,320.2459485503109,,1,34.0,,394,0
5264,230,70,2,queue,treatment_wait_begins,320.46821633167013,,1,35.0,,394,0
5265,235,71,2,queue,treatment_wait_begins,325.25123026577114,,1,36.0,,394,0
5266,241,74,2,queue,treatment_wait_begins,346.037960484565,,1,37.0,,394,0
5267,243,75,2,queue,treatment_wait_begins,347.69830455805135,,1,38.0,,394,0
5268,245,76,2,queue,treatment_wait_begins,347.94705816407,,1,39.0,,394,0
5269,247,77,2,queue,treatment_wait_begins,352.5711693396838,,1,40.0,,394,0
5270,250,72,1,resource_use,treatment_begins,353.5967301978835,2.0,1,1.0,,394,0
5271,253,73,1,resource_use,treatment_begins,354.2286216557717,4.0,1,2.0,,394,0
5272,256,30,2,resource_use,treatment_begins,357.37027837937836,3.0,1,3.0,,394,0
5273,261,78,1,resource_use,treatment_begins,367.35193108649406,1.0,1,4.0,,394,0
5274,263,79,2,queue,treatment_wait_begins,369.44362432169635,,1,41.0,,394,0
5275,265,80,2,queue,treatment_wait_begins,380.09833875091823,,1,42.0,,394,0
5276,267,81,2,queue,treatment_wait_begins,383.8634124776174,,1,43.0,,394,0
5277,269,82,2,queue,treatment_wait_begins,390.4333827158369,,1,44.0,,394,0
5278,271,83,2,queue,treatment_wait_begins,391.8772976892559,,1,45.0,,394,0
5279,273,84,2,queue,treatment_wait_begins,392.54938394344936,,1,46.0,2.0,394,0
5280,95,31,2,queue,treatment_wait_begins,139.96198057430644,,1,1.0,,396,0
5281,97,32,2,queue,treatment_wait_begins,141.90538175510554,,1,2.0,,396,0
5282,99,33,2,queue,treatment_wait_begins,148.22641604293108,,1,3.0,,396,0
5283,101,34,2,queue,treatment_wait_begins,151.7688691800117,,1,4.0,,396,0
5284,106,35,2,queue,treatment_wait_begins,152.9585189515018,,1,5.0,,396,0
5285,116,37,2,queue,treatment_wait_begins,158.4717443187417,,1,6.0,,396,0
5286,118,38,2,queue,treatment_wait_begins,160.19091112593068,,1,7.0,,396,0
5287,120,39,2,queue,treatment_wait_begins,161.80046723046223,,1,8.0,,396,0
5288,127,41,2,queue,treatment_wait_begins,167.67977668606895,,1,9.0,,396,0
5289,129,42,2,queue,treatment_wait_begins,174.34828881122837,,1,10.0,,396,0
5290,133,44,2,queue,treatment_wait_begins,186.72302338228388,,1,11.0,,396,0
5291,135,45,2,queue,treatment_wait_begins,187.08816512218607,,1,12.0,,396,0
5292,140,46,2,queue,treatment_wait_begins,192.75850263079985,,1,13.0,,396,0
5293,148,47,2,queue,treatment_wait_begins,199.5301925701257,,1,14.0,,396,0
5294,153,48,2,queue,treatment_wait_begins,205.14039082741283,,1,15.0,,396,0
5295,155,49,2,queue,treatment_wait_begins,206.54063642859495,,1,16.0,,396,0
5296,157,50,2,queue,treatment_wait_begins,208.1453173837751,,1,17.0,,396,0
5297,159,51,2,queue,treatment_wait_begins,208.9739969202831,,1,18.0,,396,0
5298,161,52,2,queue,treatment_wait_begins,210.74581448374042,,1,19.0,,396,0
5299,163,53,2,queue,treatment_wait_begins,210.85151326578935,,1,20.0,,396,0
5300,165,54,2,queue,treatment_wait_begins,211.68829524636791,,1,21.0,,396,0
5301,167,55,2,queue,treatment_wait_begins,218.2635794691037,,1,22.0,,396,0
5302,181,56,2,queue,treatment_wait_begins,238.24236082502787,,1,23.0,,396,0
5303,185,58,2,queue,treatment_wait_begins,242.4802497949752,,1,24.0,,396,0
5304,187,59,2,queue,treatment_wait_begins,244.4690310645114,,1,25.0,,396,0
5305,189,60,2,queue,treatment_wait_begins,246.27574217918595,,1,26.0,,396,0
5306,193,62,2,queue,treatment_wait_begins,252.340535869662,,1,27.0,,396,0
5307,195,63,2,queue,treatment_wait_begins,259.21978013724924,,1,28.0,,396,0
5308,197,64,2,queue,treatment_wait_begins,266.7588257904633,,1,29.0,,396,0
5309,211,65,2,queue,treatment_wait_begins,293.3082397692622,,1,30.0,,396,0
5310,213,66,2,queue,treatment_wait_begins,303.841540943146,,1,31.0,,396,0
5311,215,67,2,queue,treatment_wait_begins,312.06587014562393,,1,32.0,,396,0
5312,226,68,2,queue,treatment_wait_begins,317.28332755550696,,1,33.0,,396,0
5313,228,69,2,queue,treatment_wait_begins,320.2459485503109,,1,34.0,,396,0
5314,230,70,2,queue,treatment_wait_begins,320.46821633167013,,1,35.0,,396,0
5315,235,71,2,queue,treatment_wait_begins,325.25123026577114,,1,36.0,,396,0
5316,241,74,2,queue,treatment_wait_begins,346.037960484565,,1,37.0,,396,0
5317,243,75,2,queue,treatment_wait_begins,347.69830455805135,,1,38.0,,396,0
5318,245,76,2,queue,treatment_wait_begins,347.94705816407,,1,39.0,,396,0
5319,247,77,2,queue,treatment_wait_begins,352.5711693396838,,1,40.0,,396,0
5320,250,72,1,resource_use,treatment_begins,353.5967301978835,2.0,1,1.0,,396,0
5321,253,73,1,resource_use,treatment_begins,354.2286216557717,4.0,1,2.0,,396,0
5322,256,30,2,resource_use,treatment_begins,357.37027837937836,3.0,1,3.0,,396,0
5323,261,78,1,resource_use,treatment_begins,367.35193108649406,1.0,1,4.0,,396,0
5324,263,79,2,queue,treatment_wait_begins,369.44362432169635,,1,41.0,,396,0
5325,265,80,2,queue,treatment_wait_begins,380.09833875091823,,1,42.0,,396,0
5326,267,81,2,queue,treatment_wait_begins,383.8634124776174,,1,43.0,,396,0
5327,269,82,2,queue,treatment_wait_begins,390.4333827158369,,1,44.0,,396,0
5328,271,83,2,queue,treatment_wait_begins,391.8772976892559,,1,45.0,,396,0
5329,273,84,2,queue,treatment_wait_begins,392.54938394344936,,1,46.0,3.0,396,0
5330,99,33,2,queue,treatment_wait_begins,148.22641604293108,,1,1.0,,398,0
5331,101,34,2,queue,treatment_wait_begins,151.7688691800117,,1,2.0,,398,0
5332,106,35,2,queue,treatment_wait_begins,152.9585189515018,,1,3.0,,398,0
5333,116,37,2,queue,treatment_wait_begins,158.4717443187417,,1,4.0,,398,0
5334,118,38,2,queue,treatment_wait_begins,160.19091112593068,,1,5.0,,398,0
5335,120,39,2,queue,treatment_wait_begins,161.80046723046223,,1,6.0,,398,0
5336,127,41,2,queue,treatment_wait_begins,167.67977668606895,,1,7.0,,398,0
5337,129,42,2,queue,treatment_wait_begins,174.34828881122837,,1,8.0,,398,0
5338,133,44,2,queue,treatment_wait_begins,186.72302338228388,,1,9.0,,398,0
5339,135,45,2,queue,treatment_wait_begins,187.08816512218607,,1,10.0,,398,0
5340,140,46,2,queue,treatment_wait_begins,192.75850263079985,,1,11.0,,398,0
5341,148,47,2,queue,treatment_wait_begins,199.5301925701257,,1,12.0,,398,0
5342,153,48,2,queue,treatment_wait_begins,205.14039082741283,,1,13.0,,398,0
5343,155,49,2,queue,treatment_wait_begins,206.54063642859495,,1,14.0,,398,0
5344,157,50,2,queue,treatment_wait_begins,208.1453173837751,,1,15.0,,398,0
5345,159,51,2,queue,treatment_wait_begins,208.9739969202831,,1,16.0,,398,0
5346,161,52,2,queue,treatment_wait_begins,210.74581448374042,,1,17.0,,398,0
5347,163,53,2,queue,treatment_wait_begins,210.85151326578935,,1,18.0,,398,0
5348,165,54,2,queue,treatment_wait_begins,211.68829524636791,,1,19.0,,398,0
5349,167,55,2,queue,treatment_wait_begins,218.2635794691037,,1,20.0,,398,0
5350,181,56,2,queue,treatment_wait_begins,238.24236082502787,,1,21.0,,398,0
5351,185,58,2,queue,treatment_wait_begins,242.4802497949752,,1,22.0,,398,0
5352,187,59,2,queue,treatment_wait_begins,244.4690310645114,,1,23.0,,398,0
5353,189,60,2,queue,treatment_wait_begins,246.27574217918595,,1,24.0,,398,0
5354,193,62,2,queue,treatment_wait_begins,252.340535869662,,1,25.0,,398,0
5355,195,63,2,queue,treatment_wait_begins,259.21978013724924,,1,26.0,,398,0
5356,197,64,2,queue,treatment_wait_begins,266.7588257904633,,1,27.0,,398,0
5357,211,65,2,queue,treatment_wait_begins,293.3082397692622,,1,28.0,,398,0
5358,213,66,2,queue,treatment_wait_begins,303.841540943146,,1,29.0,,398,0
5359,215,67,2,queue,treatment_wait_begins,312.06587014562393,,1,30.0,,398,0
5360,226,68,2,queue,treatment_wait_begins,317.28332755550696,,1,31.0,,398,0
5361,228,69,2,queue,treatment_wait_begins,320.2459485503109,,1,32.0,,398,0
5362,230,70,2,queue,treatment_wait_begins,320.46821633167013,,1,33.0,,398,0
5363,235,71,2,queue,treatment_wait_begins,325.25123026577114,,1,34.0,,398,0
5364,241,74,2,queue,treatment_wait_begins,346.037960484565,,1,35.0,,398,0
5365,243,75,2,queue,treatment_wait_begins,347.69830455805135,,1,36.0,,398,0
5366,245,76,2,queue,treatment_wait_begins,347.94705816407,,1,37.0,,398,0
5367,247,77,2,queue,treatment_wait_begins,352.5711693396838,,1,38.0,,398,0
5368,253,73,1,resource_use,treatment_begins,354.2286216557717,4.0,1,1.0,,398,0
5369,261,78,1,resource_use,treatment_begins,367.35193108649406,1.0,1,2.0,,398,0
5370,263,79,2,queue,treatment_wait_begins,369.44362432169635,,1,39.0,,398,0
5371,265,80,2,queue,treatment_wait_begins,380.09833875091823,,1,40.0,,398,0
5372,267,81,2,queue,treatment_wait_begins,383.8634124776174,,1,41.0,,398,0
5373,269,82,2,queue,treatment_wait_begins,390.4333827158369,,1,42.0,,398,0
5374,271,83,2,queue,treatment_wait_begins,391.8772976892559,,1,43.0,,398,0
5375,273,84,2,queue,treatment_wait_begins,392.54938394344936,,1,44.0,,398,2
5376,275,85,2,queue,treatment_wait_begins,393.26178810715084,,1,45.0,,398,2
5377,277,86,2,queue,treatment_wait_begins,393.85019969752625,,1,46.0,1.0,398,0
5378,282,31,2,resource_use,treatment_begins,396.45191071385847,2.0,1,3.0,,398,0
5379,285,32,2,resource_use,treatment_begins,396.50222181208954,3.0,1,4.0,,398,0
5380,101,34,2,queue,treatment_wait_begins,151.7688691800117,,1,1.0,,400,0
5381,106,35,2,queue,treatment_wait_begins,152.9585189515018,,1,2.0,,400,0
5382,116,37,2,queue,treatment_wait_begins,158.4717443187417,,1,3.0,,400,0
5383,118,38,2,queue,treatment_wait_begins,160.19091112593068,,1,4.0,,400,0
5384,120,39,2,queue,treatment_wait_begins,161.80046723046223,,1,5.0,,400,0
5385,127,41,2,queue,treatment_wait_begins,167.67977668606895,,1,6.0,,400,0
5386,129,42,2,queue,treatment_wait_begins,174.34828881122837,,1,7.0,,400,0
5387,133,44,2,queue,treatment_wait_begins,186.72302338228388,,1,8.0,,400,0
5388,135,45,2,queue,treatment_wait_begins,187.08816512218607,,1,9.0,,400,0
5389,140,46,2,queue,treatment_wait_begins,192.75850263079985,,1,10.0,,400,0
5390,148,47,2,queue,treatment_wait_begins,199.5301925701257,,1,11.0,,400,0
5391,153,48,2,queue,treatment_wait_begins,205.14039082741283,,1,12.0,,400,0
5392,155,49,2,queue,treatment_wait_begins,206.54063642859495,,1,13.0,,400,0
5393,157,50,2,queue,treatment_wait_begins,208.1453173837751,,1,14.0,,400,0
5394,159,51,2,queue,treatment_wait_begins,208.9739969202831,,1,15.0,,400,0
5395,161,52,2,queue,treatment_wait_begins,210.74581448374042,,1,16.0,,400,0
5396,163,53,2,queue,treatment_wait_begins,210.85151326578935,,1,17.0,,400,0
5397,165,54,2,queue,treatment_wait_begins,211.68829524636791,,1,18.0,,400,0
5398,167,55,2,queue,treatment_wait_begins,218.2635794691037,,1,19.0,,400,0
5399,181,56,2,queue,treatment_wait_begins,238.24236082502787,,1,20.0,,400,0
5400,185,58,2,queue,treatment_wait_begins,242.4802497949752,,1,21.0,,400,0
5401,187,59,2,queue,treatment_wait_begins,244.4690310645114,,1,22.0,,400,0
5402,189,60,2,queue,treatment_wait_begins,246.27574217918595,,1,23.0,,400,0
5403,193,62,2,queue,treatment_wait_begins,252.340535869662,,1,24.0,,400,0
5404,195,63,2,queue,treatment_wait_begins,259.21978013724924,,1,25.0,,400,0
5405,197,64,2,queue,treatment_wait_begins,266.7588257904633,,1,26.0,,400,0
5406,211,65,2,queue,treatment_wait_begins,293.3082397692622,,1,27.0,,400,0
5407,213,66,2,queue,treatment_wait_begins,303.841540943146,,1,28.0,,400,0
5408,215,67,2,queue,treatment_wait_begins,312.06587014562393,,1,29.0,,400,0
5409,226,68,2,queue,treatment_wait_begins,317.28332755550696,,1,30.0,,400,0
5410,228,69,2,queue,treatment_wait_begins,320.2459485503109,,1,31.0,,400,0
5411,230,70,2,queue,treatment_wait_begins,320.46821633167013,,1,32.0,,400,0
5412,235,71,2,queue,treatment_wait_begins,325.25123026577114,,1,33.0,,400,0
5413,241,74,2,queue,treatment_wait_begins,346.037960484565,,1,34.0,,400,0
5414,243,75,2,queue,treatment_wait_begins,347.69830455805135,,1,35.0,,400,0
5415,245,76,2,queue,treatment_wait_begins,347.94705816407,,1,36.0,,400,0
5416,247,77,2,queue,treatment_wait_begins,352.5711693396838,,1,37.0,,400,0
5417,261,78,1,resource_use,treatment_begins,367.35193108649406,1.0,1,1.0,,400,0
5418,263,79,2,queue,treatment_wait_begins,369.44362432169635,,1,38.0,,400,0
5419,265,80,2,queue,treatment_wait_begins,380.09833875091823,,1,39.0,,400,0
5420,267,81,2,queue,treatment_wait_begins,383.8634124776174,,1,40.0,,400,0
5421,269,82,2,queue,treatment_wait_begins,390.4333827158369,,1,41.0,,400,0
5422,271,83,2,queue,treatment_wait_begins,391.8772976892559,,1,42.0,,400,0
5423,273,84,2,queue,treatment_wait_begins,392.54938394344936,,1,43.0,,400,0
5424,275,85,2,queue,treatment_wait_begins,393.26178810715084,,1,44.0,,400,0
5425,277,86,2,queue,treatment_wait_begins,393.85019969752625,,1,45.0,,400,3
5426,279,87,2,queue,treatment_wait_begins,394.1235652920939,,1,46.0,0.0,400,0
5427,282,31,2,resource_use,treatment_begins,396.45191071385847,2.0,1,2.0,,400,0
5428,285,32,2,resource_use,treatment_begins,396.50222181208954,3.0,1,3.0,,400,0
5429,288,33,2,resource_use,treatment_begins,399.91052623913504,4.0,1,4.0,,400,0
5430,101,34,2,queue,treatment_wait_begins,151.7688691800117,,1,1.0,,402,0
5431,106,35,2,queue,treatment_wait_begins,152.9585189515018,,1,2.0,,402,0
5432,116,37,2,queue,treatment_wait_begins,158.4717443187417,,1,3.0,,402,0
5433,118,38,2,queue,treatment_wait_begins,160.19091112593068,,1,4.0,,402,0
5434,120,39,2,queue,treatment_wait_begins,161.80046723046223,,1,5.0,,402,0
5435,127,41,2,queue,treatment_wait_begins,167.67977668606895,,1,6.0,,402,0
5436,129,42,2,queue,treatment_wait_begins,174.34828881122837,,1,7.0,,402,0
5437,133,44,2,queue,treatment_wait_begins,186.72302338228388,,1,8.0,,402,0
5438,135,45,2,queue,treatment_wait_begins,187.08816512218607,,1,9.0,,402,0
5439,140,46,2,queue,treatment_wait_begins,192.75850263079985,,1,10.0,,402,0
5440,148,47,2,queue,treatment_wait_begins,199.5301925701257,,1,11.0,,402,0
5441,153,48,2,queue,treatment_wait_begins,205.14039082741283,,1,12.0,,402,0
5442,155,49,2,queue,treatment_wait_begins,206.54063642859495,,1,13.0,,402,0
5443,157,50,2,queue,treatment_wait_begins,208.1453173837751,,1,14.0,,402,0
5444,159,51,2,queue,treatment_wait_begins,208.9739969202831,,1,15.0,,402,0
5445,161,52,2,queue,treatment_wait_begins,210.74581448374042,,1,16.0,,402,0
5446,163,53,2,queue,treatment_wait_begins,210.85151326578935,,1,17.0,,402,0
5447,165,54,2,queue,treatment_wait_begins,211.68829524636791,,1,18.0,,402,0
5448,167,55,2,queue,treatment_wait_begins,218.2635794691037,,1,19.0,,402,0
5449,181,56,2,queue,treatment_wait_begins,238.24236082502787,,1,20.0,,402,0
5450,185,58,2,queue,treatment_wait_begins,242.4802497949752,,1,21.0,,402,0
5451,187,59,2,queue,treatment_wait_begins,244.4690310645114,,1,22.0,,402,0
5452,189,60,2,queue,treatment_wait_begins,246.27574217918595,,1,23.0,,402,0
5453,193,62,2,queue,treatment_wait_begins,252.340535869662,,1,24.0,,402,0
5454,195,63,2,queue,treatment_wait_begins,259.21978013724924,,1,25.0,,402,0
5455,197,64,2,queue,treatment_wait_begins,266.7588257904633,,1,26.0,,402,0
5456,211,65,2,queue,treatment_wait_begins,293.3082397692622,,1,27.0,,402,0
5457,213,66,2,queue,treatment_wait_begins,303.841540943146,,1,28.0,,402,0
5458,215,67,2,queue,treatment_wait_begins,312.06587014562393,,1,29.0,,402,0
5459,226,68,2,queue,treatment_wait_begins,317.28332755550696,,1,30.0,,402,0
5460,228,69,2,queue,treatment_wait_begins,320.2459485503109,,1,31.0,,402,0
5461,230,70,2,queue,treatment_wait_begins,320.46821633167013,,1,32.0,,402,0
5462,235,71,2,queue,treatment_wait_begins,325.25123026577114,,1,33.0,,402,0
5463,241,74,2,queue,treatment_wait_begins,346.037960484565,,1,34.0,,402,0
5464,243,75,2,queue,treatment_wait_begins,347.69830455805135,,1,35.0,,402,0
5465,245,76,2,queue,treatment_wait_begins,347.94705816407,,1,36.0,,402,0
5466,247,77,2,queue,treatment_wait_begins,352.5711693396838,,1,37.0,,402,0
5467,261,78,1,resource_use,treatment_begins,367.35193108649406,1.0,1,1.0,,402,0
5468,263,79,2,queue,treatment_wait_begins,369.44362432169635,,1,38.0,,402,0
5469,265,80,2,queue,treatment_wait_begins,380.09833875091823,,1,39.0,,402,0
5470,267,81,2,queue,treatment_wait_begins,383.8634124776174,,1,40.0,,402,0
5471,269,82,2,queue,treatment_wait_begins,390.4333827158369,,1,41.0,,402,0
5472,271,83,2,queue,treatment_wait_begins,391.8772976892559,,1,42.0,,402,0
5473,273,84,2,queue,treatment_wait_begins,392.54938394344936,,1,43.0,,402,0
5474,275,85,2,queue,treatment_wait_begins,393.26178810715084,,1,44.0,,402,0
5475,277,86,2,queue,treatment_wait_begins,393.85019969752625,,1,45.0,,402,0
5476,279,87,2,queue,treatment_wait_begins,394.1235652920939,,1,46.0,0.0,402,0
5477,282,31,2,resource_use,treatment_begins,396.45191071385847,2.0,1,2.0,,402,0
5478,285,32,2,resource_use,treatment_begins,396.50222181208954,3.0,1,3.0,,402,0
5479,288,33,2,resource_use,treatment_begins,399.91052623913504,4.0,1,4.0,,402,0
5480,106,35,2,queue,treatment_wait_begins,152.9585189515018,,1,1.0,,404,0
5481,116,37,2,queue,treatment_wait_begins,158.4717443187417,,1,2.0,,404,0
5482,118,38,2,queue,treatment_wait_begins,160.19091112593068,,1,3.0,,404,0
5483,120,39,2,queue,treatment_wait_begins,161.80046723046223,,1,4.0,,404,0
5484,127,41,2,queue,treatment_wait_begins,167.67977668606895,,1,5.0,,404,0
5485,129,42,2,queue,treatment_wait_begins,174.34828881122837,,1,6.0,,404,0
5486,133,44,2,queue,treatment_wait_begins,186.72302338228388,,1,7.0,,404,0
5487,135,45,2,queue,treatment_wait_begins,187.08816512218607,,1,8.0,,404,0
5488,140,46,2,queue,treatment_wait_begins,192.75850263079985,,1,9.0,,404,0
5489,148,47,2,queue,treatment_wait_begins,199.5301925701257,,1,10.0,,404,0
5490,153,48,2,queue,treatment_wait_begins,205.14039082741283,,1,11.0,,404,0
5491,155,49,2,queue,treatment_wait_begins,206.54063642859495,,1,12.0,,404,0
5492,157,50,2,queue,treatment_wait_begins,208.1453173837751,,1,13.0,,404,0
5493,159,51,2,queue,treatment_wait_begins,208.9739969202831,,1,14.0,,404,0
5494,161,52,2,queue,treatment_wait_begins,210.74581448374042,,1,15.0,,404,0
5495,163,53,2,queue,treatment_wait_begins,210.85151326578935,,1,16.0,,404,0
5496,165,54,2,queue,treatment_wait_begins,211.68829524636791,,1,17.0,,404,0
5497,167,55,2,queue,treatment_wait_begins,218.2635794691037,,1,18.0,,404,0
5498,181,56,2,queue,treatment_wait_begins,238.24236082502787,,1,19.0,,404,0
5499,185,58,2,queue,treatment_wait_begins,242.4802497949752,,1,20.0,,404,0
5500,187,59,2,queue,treatment_wait_begins,244.4690310645114,,1,21.0,,404,0
5501,189,60,2,queue,treatment_wait_begins,246.27574217918595,,1,22.0,,404,0
5502,193,62,2,queue,treatment_wait_begins,252.340535869662,,1,23.0,,404,0
5503,195,63,2,queue,treatment_wait_begins,259.21978013724924,,1,24.0,,404,0
5504,197,64,2,queue,treatment_wait_begins,266.7588257904633,,1,25.0,,404,0
5505,211,65,2,queue,treatment_wait_begins,293.3082397692622,,1,26.0,,404,0
5506,213,66,2,queue,treatment_wait_begins,303.841540943146,,1,27.0,,404,0
5507,215,67,2,queue,treatment_wait_begins,312.06587014562393,,1,28.0,,404,0
5508,226,68,2,queue,treatment_wait_begins,317.28332755550696,,1,29.0,,404,0
5509,228,69,2,queue,treatment_wait_begins,320.2459485503109,,1,30.0,,404,0
5510,230,70,2,queue,treatment_wait_begins,320.46821633167013,,1,31.0,,404,0
5511,235,71,2,queue,treatment_wait_begins,325.25123026577114,,1,32.0,,404,0
5512,241,74,2,queue,treatment_wait_begins,346.037960484565,,1,33.0,,404,0
5513,243,75,2,queue,treatment_wait_begins,347.69830455805135,,1,34.0,,404,0
5514,245,76,2,queue,treatment_wait_begins,347.94705816407,,1,35.0,,404,0
5515,247,77,2,queue,treatment_wait_begins,352.5711693396838,,1,36.0,,404,0
5516,263,79,2,queue,treatment_wait_begins,369.44362432169635,,1,37.0,,404,0
5517,265,80,2,queue,treatment_wait_begins,380.09833875091823,,1,38.0,,404,0
5518,267,81,2,queue,treatment_wait_begins,383.8634124776174,,1,39.0,,404,0
5519,269,82,2,queue,treatment_wait_begins,390.4333827158369,,1,40.0,,404,0
5520,271,83,2,queue,treatment_wait_begins,391.8772976892559,,1,41.0,,404,0
5521,273,84,2,queue,treatment_wait_begins,392.54938394344936,,1,42.0,,404,0
5522,275,85,2,queue,treatment_wait_begins,393.26178810715084,,1,43.0,,404,0
5523,277,86,2,queue,treatment_wait_begins,393.85019969752625,,1,44.0,,404,0
5524,279,87,2,queue,treatment_wait_begins,394.1235652920939,,1,45.0,,404,4
5525,282,31,2,resource_use,treatment_begins,396.45191071385847,2.0,1,1.0,,404,0
5526,285,32,2,resource_use,treatment_begins,396.50222181208954,3.0,1,2.0,,404,0
5527,288,33,2,resource_use,treatment_begins,399.91052623913504,4.0,1,3.0,,404,0
5528,290,88,2,queue,treatment_wait_begins,402.7065312495663,,1,46.0,0.0,404,0
5529,293,34,2,resource_use,treatment_begins,403.1006558643084,1.0,1,4.0,,404,0
5530,106,35,2,queue,treatment_wait_begins,152.9585189515018,,1,1.0,,406,0
5531,116,37,2,queue,treatment_wait_begins,158.4717443187417,,1,2.0,,406,0
5532,118,38,2,queue,treatment_wait_begins,160.19091112593068,,1,3.0,,406,0
5533,120,39,2,queue,treatment_wait_begins,161.80046723046223,,1,4.0,,406,0
5534,127,41,2,queue,treatment_wait_begins,167.67977668606895,,1,5.0,,406,0
5535,129,42,2,queue,treatment_wait_begins,174.34828881122837,,1,6.0,,406,0
5536,133,44,2,queue,treatment_wait_begins,186.72302338228388,,1,7.0,,406,0
5537,135,45,2,queue,treatment_wait_begins,187.08816512218607,,1,8.0,,406,0
5538,140,46,2,queue,treatment_wait_begins,192.75850263079985,,1,9.0,,406,0
5539,148,47,2,queue,treatment_wait_begins,199.5301925701257,,1,10.0,,406,0
5540,153,48,2,queue,treatment_wait_begins,205.14039082741283,,1,11.0,,406,0
5541,155,49,2,queue,treatment_wait_begins,206.54063642859495,,1,12.0,,406,0
5542,157,50,2,queue,treatment_wait_begins,208.1453173837751,,1,13.0,,406,0
5543,159,51,2,queue,treatment_wait_begins,208.9739969202831,,1,14.0,,406,0
5544,161,52,2,queue,treatment_wait_begins,210.74581448374042,,1,15.0,,406,0
5545,163,53,2,queue,treatment_wait_begins,210.85151326578935,,1,16.0,,406,0
5546,165,54,2,queue,treatment_wait_begins,211.68829524636791,,1,17.0,,406,0
5547,167,55,2,queue,treatment_wait_begins,218.2635794691037,,1,18.0,,406,0
5548,181,56,2,queue,treatment_wait_begins,238.24236082502787,,1,19.0,,406,0
5549,185,58,2,queue,treatment_wait_begins,242.4802497949752,,1,20.0,,406,0
5550,187,59,2,queue,treatment_wait_begins,244.4690310645114,,1,21.0,,406,0
5551,189,60,2,queue,treatment_wait_begins,246.27574217918595,,1,22.0,,406,0
5552,193,62,2,queue,treatment_wait_begins,252.340535869662,,1,23.0,,406,0
5553,195,63,2,queue,treatment_wait_begins,259.21978013724924,,1,24.0,,406,0
5554,197,64,2,queue,treatment_wait_begins,266.7588257904633,,1,25.0,,406,0
5555,211,65,2,queue,treatment_wait_begins,293.3082397692622,,1,26.0,,406,0
5556,213,66,2,queue,treatment_wait_begins,303.841540943146,,1,27.0,,406,0
5557,215,67,2,queue,treatment_wait_begins,312.06587014562393,,1,28.0,,406,0
5558,226,68,2,queue,treatment_wait_begins,317.28332755550696,,1,29.0,,406,0
5559,228,69,2,queue,treatment_wait_begins,320.2459485503109,,1,30.0,,406,0
5560,230,70,2,queue,treatment_wait_begins,320.46821633167013,,1,31.0,,406,0
5561,235,71,2,queue,treatment_wait_begins,325.25123026577114,,1,32.0,,406,0
5562,241,74,2,queue,treatment_wait_begins,346.037960484565,,1,33.0,,406,0
5563,243,75,2,queue,treatment_wait_begins,347.69830455805135,,1,34.0,,406,0
5564,245,76,2,queue,treatment_wait_begins,347.94705816407,,1,35.0,,406,0
5565,247,77,2,queue,treatment_wait_begins,352.5711693396838,,1,36.0,,406,0
5566,263,79,2,queue,treatment_wait_begins,369.44362432169635,,1,37.0,,406,0
5567,265,80,2,queue,treatment_wait_begins,380.09833875091823,,1,38.0,,406,0
5568,267,81,2,queue,treatment_wait_begins,383.8634124776174,,1,39.0,,406,0
5569,269,82,2,queue,treatment_wait_begins,390.4333827158369,,1,40.0,,406,0
5570,271,83,2,queue,treatment_wait_begins,391.8772976892559,,1,41.0,,406,0
5571,273,84,2,queue,treatment_wait_begins,392.54938394344936,,1,42.0,,406,0
5572,275,85,2,queue,treatment_wait_begins,393.26178810715084,,1,43.0,,406,0
5573,277,86,2,queue,treatment_wait_begins,393.85019969752625,,1,44.0,,406,0
5574,279,87,2,queue,treatment_wait_begins,394.1235652920939,,1,45.0,,406,0
5575,282,31,2,resource_use,treatment_begins,396.45191071385847,2.0,1,1.0,,406,0
5576,285,32,2,resource_use,treatment_begins,396.50222181208954,3.0,1,2.0,,406,0
5577,288,33,2,resource_use,treatment_begins,399.91052623913504,4.0,1,3.0,,406,0
5578,290,88,2,queue,treatment_wait_begins,402.7065312495663,,1,46.0,1.0,406,0
5579,293,34,2,resource_use,treatment_begins,403.1006558643084,1.0,1,4.0,,406,0
5580,106,35,2,queue,treatment_wait_begins,152.9585189515018,,1,1.0,,408,0
5581,116,37,2,queue,treatment_wait_begins,158.4717443187417,,1,2.0,,408,0
5582,118,38,2,queue,treatment_wait_begins,160.19091112593068,,1,3.0,,408,0
5583,120,39,2,queue,treatment_wait_begins,161.80046723046223,,1,4.0,,408,0
5584,127,41,2,queue,treatment_wait_begins,167.67977668606895,,1,5.0,,408,0
5585,129,42,2,queue,treatment_wait_begins,174.34828881122837,,1,6.0,,408,0
5586,133,44,2,queue,treatment_wait_begins,186.72302338228388,,1,7.0,,408,0
5587,135,45,2,queue,treatment_wait_begins,187.08816512218607,,1,8.0,,408,0
5588,140,46,2,queue,treatment_wait_begins,192.75850263079985,,1,9.0,,408,0
5589,148,47,2,queue,treatment_wait_begins,199.5301925701257,,1,10.0,,408,0
5590,153,48,2,queue,treatment_wait_begins,205.14039082741283,,1,11.0,,408,0
5591,155,49,2,queue,treatment_wait_begins,206.54063642859495,,1,12.0,,408,0
5592,157,50,2,queue,treatment_wait_begins,208.1453173837751,,1,13.0,,408,0
5593,159,51,2,queue,treatment_wait_begins,208.9739969202831,,1,14.0,,408,0
5594,161,52,2,queue,treatment_wait_begins,210.74581448374042,,1,15.0,,408,0
5595,163,53,2,queue,treatment_wait_begins,210.85151326578935,,1,16.0,,408,0
5596,165,54,2,queue,treatment_wait_begins,211.68829524636791,,1,17.0,,408,0
5597,167,55,2,queue,treatment_wait_begins,218.2635794691037,,1,18.0,,408,0
5598,181,56,2,queue,treatment_wait_begins,238.24236082502787,,1,19.0,,408,0
5599,185,58,2,queue,treatment_wait_begins,242.4802497949752,,1,20.0,,408,0
5600,187,59,2,queue,treatment_wait_begins,244.4690310645114,,1,21.0,,408,0
5601,189,60,2,queue,treatment_wait_begins,246.27574217918595,,1,22.0,,408,0
5602,193,62,2,queue,treatment_wait_begins,252.340535869662,,1,23.0,,408,0
5603,195,63,2,queue,treatment_wait_begins,259.21978013724924,,1,24.0,,408,0
5604,197,64,2,queue,treatment_wait_begins,266.7588257904633,,1,25.0,,408,0
5605,211,65,2,queue,treatment_wait_begins,293.3082397692622,,1,26.0,,408,0
5606,213,66,2,queue,treatment_wait_begins,303.841540943146,,1,27.0,,408,0
5607,215,67,2,queue,treatment_wait_begins,312.06587014562393,,1,28.0,,408,0
5608,226,68,2,queue,treatment_wait_begins,317.28332755550696,,1,29.0,,408,0
5609,228,69,2,queue,treatment_wait_begins,320.2459485503109,,1,30.0,,408,0
5610,230,70,2,queue,treatment_wait_begins,320.46821633167013,,1,31.0,,408,0
5611,235,71,2,queue,treatment_wait_begins,325.25123026577114,,1,32.0,,408,0
5612,241,74,2,queue,treatment_wait_begins,346.037960484565,,1,33.0,,408,0
5613,243,75,2,queue,treatment_wait_begins,347.69830455805135,,1,34.0,,408,0
5614,245,76,2,queue,treatment_wait_begins,347.94705816407,,1,35.0,,408,0
5615,247,77,2,queue,treatment_wait_begins,352.5711693396838,,1,36.0,,408,0
5616,263,79,2,queue,treatment_wait_begins,369.44362432169635,,1,37.0,,408,0
5617,265,80,2,queue,treatment_wait_begins,380.09833875091823,,1,38.0,,408,0
5618,267,81,2,queue,treatment_wait_begins,383.8634124776174,,1,39.0,,408,0
5619,269,82,2,queue,treatment_wait_begins,390.4333827158369,,1,40.0,,408,0
5620,271,83,2,queue,treatment_wait_begins,391.8772976892559,,1,41.0,,408,0
5621,273,84,2,queue,treatment_wait_begins,392.54938394344936,,1,42.0,,408,0
5622,275,85,2,queue,treatment_wait_begins,393.26178810715084,,1,43.0,,408,0
5623,277,86,2,queue,treatment_wait_begins,393.85019969752625,,1,44.0,,408,0
5624,279,87,2,queue,treatment_wait_begins,394.1235652920939,,1,45.0,,408,0
5625,282,31,2,resource_use,treatment_begins,396.45191071385847,2.0,1,1.0,,408,0
5626,285,32,2,resource_use,treatment_begins,396.50222181208954,3.0,1,2.0,,408,0
5627,288,33,2,resource_use,treatment_begins,399.91052623913504,4.0,1,3.0,,408,0
5628,290,88,2,queue,treatment_wait_begins,402.7065312495663,,1,46.0,2.0,408,0
5629,293,34,2,resource_use,treatment_begins,403.1006558643084,1.0,1,4.0,,408,0
5630,106,35,2,queue,treatment_wait_begins,152.9585189515018,,1,1.0,,410,0
5631,116,37,2,queue,treatment_wait_begins,158.4717443187417,,1,2.0,,410,0
5632,118,38,2,queue,treatment_wait_begins,160.19091112593068,,1,3.0,,410,0
5633,120,39,2,queue,treatment_wait_begins,161.80046723046223,,1,4.0,,410,0
5634,127,41,2,queue,treatment_wait_begins,167.67977668606895,,1,5.0,,410,0
5635,129,42,2,queue,treatment_wait_begins,174.34828881122837,,1,6.0,,410,0
5636,133,44,2,queue,treatment_wait_begins,186.72302338228388,,1,7.0,,410,0
5637,135,45,2,queue,treatment_wait_begins,187.08816512218607,,1,8.0,,410,0
5638,140,46,2,queue,treatment_wait_begins,192.75850263079985,,1,9.0,,410,0
5639,148,47,2,queue,treatment_wait_begins,199.5301925701257,,1,10.0,,410,0
5640,153,48,2,queue,treatment_wait_begins,205.14039082741283,,1,11.0,,410,0
5641,155,49,2,queue,treatment_wait_begins,206.54063642859495,,1,12.0,,410,0
5642,157,50,2,queue,treatment_wait_begins,208.1453173837751,,1,13.0,,410,0
5643,159,51,2,queue,treatment_wait_begins,208.9739969202831,,1,14.0,,410,0
5644,161,52,2,queue,treatment_wait_begins,210.74581448374042,,1,15.0,,410,0
5645,163,53,2,queue,treatment_wait_begins,210.85151326578935,,1,16.0,,410,0
5646,165,54,2,queue,treatment_wait_begins,211.68829524636791,,1,17.0,,410,0
5647,167,55,2,queue,treatment_wait_begins,218.2635794691037,,1,18.0,,410,0
5648,181,56,2,queue,treatment_wait_begins,238.24236082502787,,1,19.0,,410,0
5649,185,58,2,queue,treatment_wait_begins,242.4802497949752,,1,20.0,,410,0
5650,187,59,2,queue,treatment_wait_begins,244.4690310645114,,1,21.0,,410,0
5651,189,60,2,queue,treatment_wait_begins,246.27574217918595,,1,22.0,,410,0
5652,193,62,2,queue,treatment_wait_begins,252.340535869662,,1,23.0,,410,0
5653,195,63,2,queue,treatment_wait_begins,259.21978013724924,,1,24.0,,410,0
5654,197,64,2,queue,treatment_wait_begins,266.7588257904633,,1,25.0,,410,0
5655,211,65,2,queue,treatment_wait_begins,293.3082397692622,,1,26.0,,410,0
5656,213,66,2,queue,treatment_wait_begins,303.841540943146,,1,27.0,,410,0
5657,215,67,2,queue,treatment_wait_begins,312.06587014562393,,1,28.0,,410,0
5658,226,68,2,queue,treatment_wait_begins,317.28332755550696,,1,29.0,,410,0
5659,228,69,2,queue,treatment_wait_begins,320.2459485503109,,1,30.0,,410,0
5660,230,70,2,queue,treatment_wait_begins,320.46821633167013,,1,31.0,,410,0
5661,235,71,2,queue,treatment_wait_begins,325.25123026577114,,1,32.0,,410,0
5662,241,74,2,queue,treatment_wait_begins,346.037960484565,,1,33.0,,410,0
5663,243,75,2,queue,treatment_wait_begins,347.69830455805135,,1,34.0,,410,0
5664,245,76,2,queue,treatment_wait_begins,347.94705816407,,1,35.0,,410,0
5665,247,77,2,queue,treatment_wait_begins,352.5711693396838,,1,36.0,,410,0
5666,263,79,2,queue,treatment_wait_begins,369.44362432169635,,1,37.0,,410,0
5667,265,80,2,queue,treatment_wait_begins,380.09833875091823,,1,38.0,,410,0
5668,267,81,2,queue,treatment_wait_begins,383.8634124776174,,1,39.0,,410,0
5669,269,82,2,queue,treatment_wait_begins,390.4333827158369,,1,40.0,,410,0
5670,271,83,2,queue,treatment_wait_begins,391.8772976892559,,1,41.0,,410,0
5671,273,84,2,queue,treatment_wait_begins,392.54938394344936,,1,42.0,,410,0
5672,275,85,2,queue,treatment_wait_begins,393.26178810715084,,1,43.0,,410,0
5673,277,86,2,queue,treatment_wait_begins,393.85019969752625,,1,44.0,,410,0
5674,279,87,2,queue,treatment_wait_begins,394.1235652920939,,1,45.0,,410,0
5675,282,31,2,resource_use,treatment_begins,396.45191071385847,2.0,1,1.0,,410,0
5676,285,32,2,resource_use,treatment_begins,396.50222181208954,3.0,1,2.0,,410,0
5677,288,33,2,resource_use,treatment_begins,399.91052623913504,4.0,1,3.0,,410,0
5678,290,88,2,queue,treatment_wait_begins,402.7065312495663,,1,46.0,2.0,410,0
5679,293,34,2,resource_use,treatment_begins,403.1006558643084,1.0,1,4.0,,410,0
5680,106,35,2,queue,treatment_wait_begins,152.9585189515018,,1,1.0,,412,0
5681,116,37,2,queue,treatment_wait_begins,158.4717443187417,,1,2.0,,412,0
5682,118,38,2,queue,treatment_wait_begins,160.19091112593068,,1,3.0,,412,0
5683,120,39,2,queue,treatment_wait_begins,161.80046723046223,,1,4.0,,412,0
5684,127,41,2,queue,treatment_wait_begins,167.67977668606895,,1,5.0,,412,0
5685,129,42,2,queue,treatment_wait_begins,174.34828881122837,,1,6.0,,412,0
5686,133,44,2,queue,treatment_wait_begins,186.72302338228388,,1,7.0,,412,0
5687,135,45,2,queue,treatment_wait_begins,187.08816512218607,,1,8.0,,412,0
5688,140,46,2,queue,treatment_wait_begins,192.75850263079985,,1,9.0,,412,0
5689,148,47,2,queue,treatment_wait_begins,199.5301925701257,,1,10.0,,412,0
5690,153,48,2,queue,treatment_wait_begins,205.14039082741283,,1,11.0,,412,0
5691,155,49,2,queue,treatment_wait_begins,206.54063642859495,,1,12.0,,412,0
5692,157,50,2,queue,treatment_wait_begins,208.1453173837751,,1,13.0,,412,0
5693,159,51,2,queue,treatment_wait_begins,208.9739969202831,,1,14.0,,412,0
5694,161,52,2,queue,treatment_wait_begins,210.74581448374042,,1,15.0,,412,0
5695,163,53,2,queue,treatment_wait_begins,210.85151326578935,,1,16.0,,412,0
5696,165,54,2,queue,treatment_wait_begins,211.68829524636791,,1,17.0,,412,0
5697,167,55,2,queue,treatment_wait_begins,218.2635794691037,,1,18.0,,412,0
5698,181,56,2,queue,treatment_wait_begins,238.24236082502787,,1,19.0,,412,0
5699,185,58,2,queue,treatment_wait_begins,242.4802497949752,,1,20.0,,412,0
5700,187,59,2,queue,treatment_wait_begins,244.4690310645114,,1,21.0,,412,0
5701,189,60,2,queue,treatment_wait_begins,246.27574217918595,,1,22.0,,412,0
5702,193,62,2,queue,treatment_wait_begins,252.340535869662,,1,23.0,,412,0
5703,195,63,2,queue,treatment_wait_begins,259.21978013724924,,1,24.0,,412,0
5704,197,64,2,queue,treatment_wait_begins,266.7588257904633,,1,25.0,,412,0
5705,211,65,2,queue,treatment_wait_begins,293.3082397692622,,1,26.0,,412,0
5706,213,66,2,queue,treatment_wait_begins,303.841540943146,,1,27.0,,412,0
5707,215,67,2,queue,treatment_wait_begins,312.06587014562393,,1,28.0,,412,0
5708,226,68,2,queue,treatment_wait_begins,317.28332755550696,,1,29.0,,412,0
5709,228,69,2,queue,treatment_wait_begins,320.2459485503109,,1,30.0,,412,0
5710,230,70,2,queue,treatment_wait_begins,320.46821633167013,,1,31.0,,412,0
5711,235,71,2,queue,treatment_wait_begins,325.25123026577114,,1,32.0,,412,0
5712,241,74,2,queue,treatment_wait_begins,346.037960484565,,1,33.0,,412,0
5713,243,75,2,queue,treatment_wait_begins,347.69830455805135,,1,34.0,,412,0
5714,245,76,2,queue,treatment_wait_begins,347.94705816407,,1,35.0,,412,0
5715,247,77,2,queue,treatment_wait_begins,352.5711693396838,,1,36.0,,412,0
5716,263,79,2,queue,treatment_wait_begins,369.44362432169635,,1,37.0,,412,0
5717,265,80,2,queue,treatment_wait_begins,380.09833875091823,,1,38.0,,412,0
5718,267,81,2,queue,treatment_wait_begins,383.8634124776174,,1,39.0,,412,0
5719,269,82,2,queue,treatment_wait_begins,390.4333827158369,,1,40.0,,412,0
5720,271,83,2,queue,treatment_wait_begins,391.8772976892559,,1,41.0,,412,0
5721,273,84,2,queue,treatment_wait_begins,392.54938394344936,,1,42.0,,412,0
5722,275,85,2,queue,treatment_wait_begins,393.26178810715084,,1,43.0,,412,0
5723,277,86,2,queue,treatment_wait_begins,393.85019969752625,,1,44.0,,412,0
5724,279,87,2,queue,treatment_wait_begins,394.1235652920939,,1,45.0,,412,0
5725,282,31,2,resource_use,treatment_begins,396.45191071385847,2.0,1,1.0,,412,0
5726,285,32,2,resource_use,treatment_begins,396.50222181208954,3.0,1,2.0,,412,0
5727,288,33,2,resource_use,treatment_begins,399.91052623913504,4.0,1,3.0,,412,0
5728,290,88,2,queue,treatment_wait_begins,402.7065312495663,,1,46.0,3.0,412,0
5729,293,34,2,resource_use,treatment_begins,403.1006558643084,1.0,1,4.0,,412,0
5730,106,35,2,queue,treatment_wait_begins,152.9585189515018,,1,1.0,,414,0
5731,116,37,2,queue,treatment_wait_begins,158.4717443187417,,1,2.0,,414,0
5732,118,38,2,queue,treatment_wait_begins,160.19091112593068,,1,3.0,,414,0
5733,120,39,2,queue,treatment_wait_begins,161.80046723046223,,1,4.0,,414,0
5734,127,41,2,queue,treatment_wait_begins,167.67977668606895,,1,5.0,,414,0
5735,129,42,2,queue,treatment_wait_begins,174.34828881122837,,1,6.0,,414,0
5736,133,44,2,queue,treatment_wait_begins,186.72302338228388,,1,7.0,,414,0
5737,135,45,2,queue,treatment_wait_begins,187.08816512218607,,1,8.0,,414,0
5738,140,46,2,queue,treatment_wait_begins,192.75850263079985,,1,9.0,,414,0
5739,148,47,2,queue,treatment_wait_begins,199.5301925701257,,1,10.0,,414,0
5740,153,48,2,queue,treatment_wait_begins,205.14039082741283,,1,11.0,,414,0
5741,155,49,2,queue,treatment_wait_begins,206.54063642859495,,1,12.0,,414,0
5742,157,50,2,queue,treatment_wait_begins,208.1453173837751,,1,13.0,,414,0
5743,159,51,2,queue,treatment_wait_begins,208.9739969202831,,1,14.0,,414,0
5744,161,52,2,queue,treatment_wait_begins,210.74581448374042,,1,15.0,,414,0
5745,163,53,2,queue,treatment_wait_begins,210.85151326578935,,1,16.0,,414,0
5746,165,54,2,queue,treatment_wait_begins,211.68829524636791,,1,17.0,,414,0
5747,167,55,2,queue,treatment_wait_begins,218.2635794691037,,1,18.0,,414,0
5748,181,56,2,queue,treatment_wait_begins,238.24236082502787,,1,19.0,,414,0
5749,185,58,2,queue,treatment_wait_begins,242.4802497949752,,1,20.0,,414,0
5750,187,59,2,queue,treatment_wait_begins,244.4690310645114,,1,21.0,,414,0
5751,189,60,2,queue,treatment_wait_begins,246.27574217918595,,1,22.0,,414,0
5752,193,62,2,queue,treatment_wait_begins,252.340535869662,,1,23.0,,414,0
5753,195,63,2,queue,treatment_wait_begins,259.21978013724924,,1,24.0,,414,0
5754,197,64,2,queue,treatment_wait_begins,266.7588257904633,,1,25.0,,414,0
5755,211,65,2,queue,treatment_wait_begins,293.3082397692622,,1,26.0,,414,0
5756,213,66,2,queue,treatment_wait_begins,303.841540943146,,1,27.0,,414,0
5757,215,67,2,queue,treatment_wait_begins,312.06587014562393,,1,28.0,,414,0
5758,226,68,2,queue,treatment_wait_begins,317.28332755550696,,1,29.0,,414,0
5759,228,69,2,queue,treatment_wait_begins,320.2459485503109,,1,30.0,,414,0
5760,230,70,2,queue,treatment_wait_begins,320.46821633167013,,1,31.0,,414,0
5761,235,71,2,queue,treatment_wait_begins,325.25123026577114,,1,32.0,,414,0
5762,241,74,2,queue,treatment_wait_begins,346.037960484565,,1,33.0,,414,0
5763,243,75,2,queue,treatment_wait_begins,347.69830455805135,,1,34.0,,414,0
5764,245,76,2,queue,treatment_wait_begins,347.94705816407,,1,35.0,,414,0
5765,247,77,2,queue,treatment_wait_begins,352.5711693396838,,1,36.0,,414,0
5766,263,79,2,queue,treatment_wait_begins,369.44362432169635,,1,37.0,,414,0
5767,265,80,2,queue,treatment_wait_begins,380.09833875091823,,1,38.0,,414,0
5768,267,81,2,queue,treatment_wait_begins,383.8634124776174,,1,39.0,,414,0
5769,269,82,2,queue,treatment_wait_begins,390.4333827158369,,1,40.0,,414,0
5770,271,83,2,queue,treatment_wait_begins,391.8772976892559,,1,41.0,,414,0
5771,273,84,2,queue,treatment_wait_begins,392.54938394344936,,1,42.0,,414,0
5772,275,85,2,queue,treatment_wait_begins,393.26178810715084,,1,43.0,,414,0
5773,277,86,2,queue,treatment_wait_begins,393.85019969752625,,1,44.0,,414,0
5774,279,87,2,queue,treatment_wait_begins,394.1235652920939,,1,45.0,,414,0
5775,282,31,2,resource_use,treatment_begins,396.45191071385847,2.0,1,1.0,,414,0
5776,285,32,2,resource_use,treatment_begins,396.50222181208954,3.0,1,2.0,,414,0
5777,288,33,2,resource_use,treatment_begins,399.91052623913504,4.0,1,3.0,,414,0
5778,290,88,2,queue,treatment_wait_begins,402.7065312495663,,1,46.0,4.0,414,0
5779,293,34,2,resource_use,treatment_begins,403.1006558643084,1.0,1,4.0,,414,0
5780,106,35,2,queue,treatment_wait_begins,152.9585189515018,,1,1.0,,416,0
5781,116,37,2,queue,treatment_wait_begins,158.4717443187417,,1,2.0,,416,0
5782,118,38,2,queue,treatment_wait_begins,160.19091112593068,,1,3.0,,416,0
5783,120,39,2,queue,treatment_wait_begins,161.80046723046223,,1,4.0,,416,0
5784,127,41,2,queue,treatment_wait_begins,167.67977668606895,,1,5.0,,416,0
5785,129,42,2,queue,treatment_wait_begins,174.34828881122837,,1,6.0,,416,0
5786,133,44,2,queue,treatment_wait_begins,186.72302338228388,,1,7.0,,416,0
5787,135,45,2,queue,treatment_wait_begins,187.08816512218607,,1,8.0,,416,0
5788,140,46,2,queue,treatment_wait_begins,192.75850263079985,,1,9.0,,416,0
5789,148,47,2,queue,treatment_wait_begins,199.5301925701257,,1,10.0,,416,0
5790,153,48,2,queue,treatment_wait_begins,205.14039082741283,,1,11.0,,416,0
5791,155,49,2,queue,treatment_wait_begins,206.54063642859495,,1,12.0,,416,0
5792,157,50,2,queue,treatment_wait_begins,208.1453173837751,,1,13.0,,416,0
5793,159,51,2,queue,treatment_wait_begins,208.9739969202831,,1,14.0,,416,0
5794,161,52,2,queue,treatment_wait_begins,210.74581448374042,,1,15.0,,416,0
5795,163,53,2,queue,treatment_wait_begins,210.85151326578935,,1,16.0,,416,0
5796,165,54,2,queue,treatment_wait_begins,211.68829524636791,,1,17.0,,416,0
5797,167,55,2,queue,treatment_wait_begins,218.2635794691037,,1,18.0,,416,0
5798,181,56,2,queue,treatment_wait_begins,238.24236082502787,,1,19.0,,416,0
5799,185,58,2,queue,treatment_wait_begins,242.4802497949752,,1,20.0,,416,0
5800,187,59,2,queue,treatment_wait_begins,244.4690310645114,,1,21.0,,416,0
5801,189,60,2,queue,treatment_wait_begins,246.27574217918595,,1,22.0,,416,0
5802,193,62,2,queue,treatment_wait_begins,252.340535869662,,1,23.0,,416,0
5803,195,63,2,queue,treatment_wait_begins,259.21978013724924,,1,24.0,,416,0
5804,197,64,2,queue,treatment_wait_begins,266.7588257904633,,1,25.0,,416,0
5805,211,65,2,queue,treatment_wait_begins,293.3082397692622,,1,26.0,,416,0
5806,213,66,2,queue,treatment_wait_begins,303.841540943146,,1,27.0,,416,0
5807,215,67,2,queue,treatment_wait_begins,312.06587014562393,,1,28.0,,416,0
5808,226,68,2,queue,treatment_wait_begins,317.28332755550696,,1,29.0,,416,0
5809,228,69,2,queue,treatment_wait_begins,320.2459485503109,,1,30.0,,416,0
5810,230,70,2,queue,treatment_wait_begins,320.46821633167013,,1,31.0,,416,0
5811,235,71,2,queue,treatment_wait_begins,325.25123026577114,,1,32.0,,416,0
5812,241,74,2,queue,treatment_wait_begins,346.037960484565,,1,33.0,,416,0
5813,243,75,2,queue,treatment_wait_begins,347.69830455805135,,1,34.0,,416,0
5814,245,76,2,queue,treatment_wait_begins,347.94705816407,,1,35.0,,416,0
5815,247,77,2,queue,treatment_wait_begins,352.5711693396838,,1,36.0,,416,0
5816,263,79,2,queue,treatment_wait_begins,369.44362432169635,,1,37.0,,416,0
5817,265,80,2,queue,treatment_wait_begins,380.09833875091823,,1,38.0,,416,0
5818,267,81,2,queue,treatment_wait_begins,383.8634124776174,,1,39.0,,416,0
5819,269,82,2,queue,treatment_wait_begins,390.4333827158369,,1,40.0,,416,0
5820,271,83,2,queue,treatment_wait_begins,391.8772976892559,,1,41.0,,416,0
5821,273,84,2,queue,treatment_wait_begins,392.54938394344936,,1,42.0,,416,0
5822,275,85,2,queue,treatment_wait_begins,393.26178810715084,,1,43.0,,416,0
5823,277,86,2,queue,treatment_wait_begins,393.85019969752625,,1,44.0,,416,0
5824,279,87,2,queue,treatment_wait_begins,394.1235652920939,,1,45.0,,416,0
5825,282,31,2,resource_use,treatment_begins,396.45191071385847,2.0,1,1.0,,416,0
5826,285,32,2,resource_use,treatment_begins,396.50222181208954,3.0,1,2.0,,416,0
5827,288,33,2,resource_use,treatment_begins,399.91052623913504,4.0,1,3.0,,416,0
5828,290,88,2,queue,treatment_wait_begins,402.7065312495663,,1,46.0,4.0,416,0
5829,293,34,2,resource_use,treatment_begins,403.1006558643084,1.0,1,4.0,,416,0
5830,106,35,2,queue,treatment_wait_begins,152.9585189515018,,1,1.0,,418,0
5831,116,37,2,queue,treatment_wait_begins,158.4717443187417,,1,2.0,,418,0
5832,118,38,2,queue,treatment_wait_begins,160.19091112593068,,1,3.0,,418,0
5833,120,39,2,queue,treatment_wait_begins,161.80046723046223,,1,4.0,,418,0
5834,127,41,2,queue,treatment_wait_begins,167.67977668606895,,1,5.0,,418,0
5835,129,42,2,queue,treatment_wait_begins,174.34828881122837,,1,6.0,,418,0
5836,133,44,2,queue,treatment_wait_begins,186.72302338228388,,1,7.0,,418,0
5837,135,45,2,queue,treatment_wait_begins,187.08816512218607,,1,8.0,,418,0
5838,140,46,2,queue,treatment_wait_begins,192.75850263079985,,1,9.0,,418,0
5839,148,47,2,queue,treatment_wait_begins,199.5301925701257,,1,10.0,,418,0
5840,153,48,2,queue,treatment_wait_begins,205.14039082741283,,1,11.0,,418,0
5841,155,49,2,queue,treatment_wait_begins,206.54063642859495,,1,12.0,,418,0
5842,157,50,2,queue,treatment_wait_begins,208.1453173837751,,1,13.0,,418,0
5843,159,51,2,queue,treatment_wait_begins,208.9739969202831,,1,14.0,,418,0
5844,161,52,2,queue,treatment_wait_begins,210.74581448374042,,1,15.0,,418,0
5845,163,53,2,queue,treatment_wait_begins,210.85151326578935,,1,16.0,,418,0
5846,165,54,2,queue,treatment_wait_begins,211.68829524636791,,1,17.0,,418,0
5847,167,55,2,queue,treatment_wait_begins,218.2635794691037,,1,18.0,,418,0
5848,181,56,2,queue,treatment_wait_begins,238.24236082502787,,1,19.0,,418,0
5849,185,58,2,queue,treatment_wait_begins,242.4802497949752,,1,20.0,,418,0
5850,187,59,2,queue,treatment_wait_begins,244.4690310645114,,1,21.0,,418,0
5851,189,60,2,queue,treatment_wait_begins,246.27574217918595,,1,22.0,,418,0
5852,193,62,2,queue,treatment_wait_begins,252.340535869662,,1,23.0,,418,0
5853,195,63,2,queue,treatment_wait_begins,259.21978013724924,,1,24.0,,418,0
5854,197,64,2,queue,treatment_wait_begins,266.7588257904633,,1,25.0,,418,0
5855,211,65,2,queue,treatment_wait_begins,293.3082397692622,,1,26.0,,418,0
5856,213,66,2,queue,treatment_wait_begins,303.841540943146,,1,27.0,,418,0
5857,215,67,2,queue,treatment_wait_begins,312.06587014562393,,1,28.0,,418,0
5858,226,68,2,queue,treatment_wait_begins,317.28332755550696,,1,29.0,,418,0
5859,228,69,2,queue,treatment_wait_begins,320.2459485503109,,1,30.0,,418,0
5860,230,70,2,queue,treatment_wait_begins,320.46821633167013,,1,31.0,,418,0
5861,235,71,2,queue,treatment_wait_begins,325.25123026577114,,1,32.0,,418,0
5862,241,74,2,queue,treatment_wait_begins,346.037960484565,,1,33.0,,418,0
5863,243,75,2,queue,treatment_wait_begins,347.69830455805135,,1,34.0,,418,0
5864,245,76,2,queue,treatment_wait_begins,347.94705816407,,1,35.0,,418,0
5865,247,77,2,queue,treatment_wait_begins,352.5711693396838,,1,36.0,,418,0
5866,263,79,2,queue,treatment_wait_begins,369.44362432169635,,1,37.0,,418,0
5867,265,80,2,queue,treatment_wait_begins,380.09833875091823,,1,38.0,,418,0
5868,267,81,2,queue,treatment_wait_begins,383.8634124776174,,1,39.0,,418,0
5869,269,82,2,queue,treatment_wait_begins,390.4333827158369,,1,40.0,,418,0
5870,271,83,2,queue,treatment_wait_begins,391.8772976892559,,1,41.0,,418,0
5871,273,84,2,queue,treatment_wait_begins,392.54938394344936,,1,42.0,,418,0
5872,275,85,2,queue,treatment_wait_begins,393.26178810715084,,1,43.0,,418,0
5873,277,86,2,queue,treatment_wait_begins,393.85019969752625,,1,44.0,,418,0
5874,279,87,2,queue,treatment_wait_begins,394.1235652920939,,1,45.0,,418,0
5875,282,31,2,resource_use,treatment_begins,396.45191071385847,2.0,1,1.0,,418,0
5876,285,32,2,resource_use,treatment_begins,396.50222181208954,3.0,1,2.0,,418,0
5877,288,33,2,resource_use,treatment_begins,399.91052623913504,4.0,1,3.0,,418,0
5878,290,88,2,queue,treatment_wait_begins,402.7065312495663,,1,46.0,4.0,418,0
5879,293,34,2,resource_use,treatment_begins,403.1006558643084,1.0,1,4.0,,418,0
5880,106,35,2,queue,treatment_wait_begins,152.9585189515018,,1,1.0,,420,0
5881,116,37,2,queue,treatment_wait_begins,158.4717443187417,,1,2.0,,420,0
5882,118,38,2,queue,treatment_wait_begins,160.19091112593068,,1,3.0,,420,0
5883,120,39,2,queue,treatment_wait_begins,161.80046723046223,,1,4.0,,420,0
5884,127,41,2,queue,treatment_wait_begins,167.67977668606895,,1,5.0,,420,0
5885,129,42,2,queue,treatment_wait_begins,174.34828881122837,,1,6.0,,420,0
5886,133,44,2,queue,treatment_wait_begins,186.72302338228388,,1,7.0,,420,0
5887,135,45,2,queue,treatment_wait_begins,187.08816512218607,,1,8.0,,420,0
5888,140,46,2,queue,treatment_wait_begins,192.75850263079985,,1,9.0,,420,0
5889,148,47,2,queue,treatment_wait_begins,199.5301925701257,,1,10.0,,420,0
5890,153,48,2,queue,treatment_wait_begins,205.14039082741283,,1,11.0,,420,0
5891,155,49,2,queue,treatment_wait_begins,206.54063642859495,,1,12.0,,420,0
5892,157,50,2,queue,treatment_wait_begins,208.1453173837751,,1,13.0,,420,0
5893,159,51,2,queue,treatment_wait_begins,208.9739969202831,,1,14.0,,420,0
5894,161,52,2,queue,treatment_wait_begins,210.74581448374042,,1,15.0,,420,0
5895,163,53,2,queue,treatment_wait_begins,210.85151326578935,,1,16.0,,420,0
5896,165,54,2,queue,treatment_wait_begins,211.68829524636791,,1,17.0,,420,0
5897,167,55,2,queue,treatment_wait_begins,218.2635794691037,,1,18.0,,420,0
5898,181,56,2,queue,treatment_wait_begins,238.24236082502787,,1,19.0,,420,0
5899,185,58,2,queue,treatment_wait_begins,242.4802497949752,,1,20.0,,420,0
5900,187,59,2,queue,treatment_wait_begins,244.4690310645114,,1,21.0,,420,0
5901,189,60,2,queue,treatment_wait_begins,246.27574217918595,,1,22.0,,420,0
5902,193,62,2,queue,treatment_wait_begins,252.340535869662,,1,23.0,,420,0
5903,195,63,2,queue,treatment_wait_begins,259.21978013724924,,1,24.0,,420,0
5904,197,64,2,queue,treatment_wait_begins,266.7588257904633,,1,25.0,,420,0
5905,211,65,2,queue,treatment_wait_begins,293.3082397692622,,1,26.0,,420,0
5906,213,66,2,queue,treatment_wait_begins,303.841540943146,,1,27.0,,420,0
5907,215,67,2,queue,treatment_wait_begins,312.06587014562393,,1,28.0,,420,0
5908,226,68,2,queue,treatment_wait_begins,317.28332755550696,,1,29.0,,420,0
5909,228,69,2,queue,treatment_wait_begins,320.2459485503109,,1,30.0,,420,0
5910,230,70,2,queue,treatment_wait_begins,320.46821633167013,,1,31.0,,420,0
5911,235,71,2,queue,treatment_wait_begins,325.25123026577114,,1,32.0,,420,0
5912,241,74,2,queue,treatment_wait_begins,346.037960484565,,1,33.0,,420,0
5913,243,75,2,queue,treatment_wait_begins,347.69830455805135,,1,34.0,,420,0
5914,245,76,2,queue,treatment_wait_begins,347.94705816407,,1,35.0,,420,0
5915,247,77,2,queue,treatment_wait_begins,352.5711693396838,,1,36.0,,420,0
5916,263,79,2,queue,treatment_wait_begins,369.44362432169635,,1,37.0,,420,0
5917,265,80,2,queue,treatment_wait_begins,380.09833875091823,,1,38.0,,420,0
5918,267,81,2,queue,treatment_wait_begins,383.8634124776174,,1,39.0,,420,0
5919,269,82,2,queue,treatment_wait_begins,390.4333827158369,,1,40.0,,420,0
5920,271,83,2,queue,treatment_wait_begins,391.8772976892559,,1,41.0,,420,0
5921,273,84,2,queue,treatment_wait_begins,392.54938394344936,,1,42.0,,420,0
5922,275,85,2,queue,treatment_wait_begins,393.26178810715084,,1,43.0,,420,0
5923,277,86,2,queue,treatment_wait_begins,393.85019969752625,,1,44.0,,420,0
5924,279,87,2,queue,treatment_wait_begins,394.1235652920939,,1,45.0,,420,0
5925,282,31,2,resource_use,treatment_begins,396.45191071385847,2.0,1,1.0,,420,0
5926,285,32,2,resource_use,treatment_begins,396.50222181208954,3.0,1,2.0,,420,0
5927,288,33,2,resource_use,treatment_begins,399.91052623913504,4.0,1,3.0,,420,0
5928,290,88,2,queue,treatment_wait_begins,402.7065312495663,,1,46.0,4.0,420,0
5929,293,34,2,resource_use,treatment_begins,403.1006558643084,1.0,1,4.0,,420,0
5930,106,35,2,queue,treatment_wait_begins,152.9585189515018,,1,1.0,,422,0
5931,116,37,2,queue,treatment_wait_begins,158.4717443187417,,1,2.0,,422,0
5932,118,38,2,queue,treatment_wait_begins,160.19091112593068,,1,3.0,,422,0
5933,120,39,2,queue,treatment_wait_begins,161.80046723046223,,1,4.0,,422,0
5934,127,41,2,queue,treatment_wait_begins,167.67977668606895,,1,5.0,,422,0
5935,129,42,2,queue,treatment_wait_begins,174.34828881122837,,1,6.0,,422,0
5936,133,44,2,queue,treatment_wait_begins,186.72302338228388,,1,7.0,,422,0
5937,135,45,2,queue,treatment_wait_begins,187.08816512218607,,1,8.0,,422,0
5938,140,46,2,queue,treatment_wait_begins,192.75850263079985,,1,9.0,,422,0
5939,148,47,2,queue,treatment_wait_begins,199.5301925701257,,1,10.0,,422,0
5940,153,48,2,queue,treatment_wait_begins,205.14039082741283,,1,11.0,,422,0
5941,155,49,2,queue,treatment_wait_begins,206.54063642859495,,1,12.0,,422,0
5942,157,50,2,queue,treatment_wait_begins,208.1453173837751,,1,13.0,,422,0
5943,159,51,2,queue,treatment_wait_begins,208.9739969202831,,1,14.0,,422,0
5944,161,52,2,queue,treatment_wait_begins,210.74581448374042,,1,15.0,,422,0
5945,163,53,2,queue,treatment_wait_begins,210.85151326578935,,1,16.0,,422,0
5946,165,54,2,queue,treatment_wait_begins,211.68829524636791,,1,17.0,,422,0
5947,167,55,2,queue,treatment_wait_begins,218.2635794691037,,1,18.0,,422,0
5948,181,56,2,queue,treatment_wait_begins,238.24236082502787,,1,19.0,,422,0
5949,185,58,2,queue,treatment_wait_begins,242.4802497949752,,1,20.0,,422,0
5950,187,59,2,queue,treatment_wait_begins,244.4690310645114,,1,21.0,,422,0
5951,189,60,2,queue,treatment_wait_begins,246.27574217918595,,1,22.0,,422,0
5952,193,62,2,queue,treatment_wait_begins,252.340535869662,,1,23.0,,422,0
5953,195,63,2,queue,treatment_wait_begins,259.21978013724924,,1,24.0,,422,0
5954,197,64,2,queue,treatment_wait_begins,266.7588257904633,,1,25.0,,422,0
5955,211,65,2,queue,treatment_wait_begins,293.3082397692622,,1,26.0,,422,0
5956,213,66,2,queue,treatment_wait_begins,303.841540943146,,1,27.0,,422,0
5957,215,67,2,queue,treatment_wait_begins,312.06587014562393,,1,28.0,,422,0
5958,226,68,2,queue,treatment_wait_begins,317.28332755550696,,1,29.0,,422,0
5959,228,69,2,queue,treatment_wait_begins,320.2459485503109,,1,30.0,,422,0
5960,230,70,2,queue,treatment_wait_begins,320.46821633167013,,1,31.0,,422,0
5961,235,71,2,queue,treatment_wait_begins,325.25123026577114,,1,32.0,,422,0
5962,241,74,2,queue,treatment_wait_begins,346.037960484565,,1,33.0,,422,0
5963,243,75,2,queue,treatment_wait_begins,347.69830455805135,,1,34.0,,422,0
5964,245,76,2,queue,treatment_wait_begins,347.94705816407,,1,35.0,,422,0
5965,247,77,2,queue,treatment_wait_begins,352.5711693396838,,1,36.0,,422,0
5966,263,79,2,queue,treatment_wait_begins,369.44362432169635,,1,37.0,,422,0
5967,265,80,2,queue,treatment_wait_begins,380.09833875091823,,1,38.0,,422,0
5968,267,81,2,queue,treatment_wait_begins,383.8634124776174,,1,39.0,,422,0
5969,269,82,2,queue,treatment_wait_begins,390.4333827158369,,1,40.0,,422,0
5970,271,83,2,queue,treatment_wait_begins,391.8772976892559,,1,41.0,,422,0
5971,273,84,2,queue,treatment_wait_begins,392.54938394344936,,1,42.0,,422,0
5972,275,85,2,queue,treatment_wait_begins,393.26178810715084,,1,43.0,,422,0
5973,277,86,2,queue,treatment_wait_begins,393.85019969752625,,1,44.0,,422,0
5974,279,87,2,queue,treatment_wait_begins,394.1235652920939,,1,45.0,,422,0
5975,282,31,2,resource_use,treatment_begins,396.45191071385847,2.0,1,1.0,,422,0
5976,285,32,2,resource_use,treatment_begins,396.50222181208954,3.0,1,2.0,,422,0
5977,288,33,2,resource_use,treatment_begins,399.91052623913504,4.0,1,3.0,,422,0
5978,290,88,2,queue,treatment_wait_begins,402.7065312495663,,1,46.0,4.0,422,0
5979,293,34,2,resource_use,treatment_begins,403.1006558643084,1.0,1,4.0,,422,0
5980,106,35,2,queue,treatment_wait_begins,152.9585189515018,,1,1.0,,424,0
5981,116,37,2,queue,treatment_wait_begins,158.4717443187417,,1,2.0,,424,0
5982,118,38,2,queue,treatment_wait_begins,160.19091112593068,,1,3.0,,424,0
5983,120,39,2,queue,treatment_wait_begins,161.80046723046223,,1,4.0,,424,0
5984,127,41,2,queue,treatment_wait_begins,167.67977668606895,,1,5.0,,424,0
5985,129,42,2,queue,treatment_wait_begins,174.34828881122837,,1,6.0,,424,0
5986,133,44,2,queue,treatment_wait_begins,186.72302338228388,,1,7.0,,424,0
5987,135,45,2,queue,treatment_wait_begins,187.08816512218607,,1,8.0,,424,0
5988,140,46,2,queue,treatment_wait_begins,192.75850263079985,,1,9.0,,424,0
5989,148,47,2,queue,treatment_wait_begins,199.5301925701257,,1,10.0,,424,0
5990,153,48,2,queue,treatment_wait_begins,205.14039082741283,,1,11.0,,424,0
5991,155,49,2,queue,treatment_wait_begins,206.54063642859495,,1,12.0,,424,0
5992,157,50,2,queue,treatment_wait_begins,208.1453173837751,,1,13.0,,424,0
5993,159,51,2,queue,treatment_wait_begins,208.9739969202831,,1,14.0,,424,0
5994,161,52,2,queue,treatment_wait_begins,210.74581448374042,,1,15.0,,424,0
5995,163,53,2,queue,treatment_wait_begins,210.85151326578935,,1,16.0,,424,0
5996,165,54,2,queue,treatment_wait_begins,211.68829524636791,,1,17.0,,424,0
5997,167,55,2,queue,treatment_wait_begins,218.2635794691037,,1,18.0,,424,0
5998,181,56,2,queue,treatment_wait_begins,238.24236082502787,,1,19.0,,424,0
5999,185,58,2,queue,treatment_wait_begins,242.4802497949752,,1,20.0,,424,0
6000,187,59,2,queue,treatment_wait_begins,244.4690310645114,,1,21.0,,424,0
6001,189,60,2,queue,treatment_wait_begins,246.27574217918595,,1,22.0,,424,0
6002,193,62,2,queue,treatment_wait_begins,252.340535869662,,1,23.0,,424,0
6003,195,63,2,queue,treatment_wait_begins,259.21978013724924,,1,24.0,,424,0
6004,197,64,2,queue,treatment_wait_begins,266.7588257904633,,1,25.0,,424,0
6005,211,65,2,queue,treatment_wait_begins,293.3082397692622,,1,26.0,,424,0
6006,213,66,2,queue,treatment_wait_begins,303.841540943146,,1,27.0,,424,0
6007,215,67,2,queue,treatment_wait_begins,312.06587014562393,,1,28.0,,424,0
6008,226,68,2,queue,treatment_wait_begins,317.28332755550696,,1,29.0,,424,0
6009,228,69,2,queue,treatment_wait_begins,320.2459485503109,,1,30.0,,424,0
6010,230,70,2,queue,treatment_wait_begins,320.46821633167013,,1,31.0,,424,0
6011,235,71,2,queue,treatment_wait_begins,325.25123026577114,,1,32.0,,424,0
6012,241,74,2,queue,treatment_wait_begins,346.037960484565,,1,33.0,,424,0
6013,243,75,2,queue,treatment_wait_begins,347.69830455805135,,1,34.0,,424,0
6014,245,76,2,queue,treatment_wait_begins,347.94705816407,,1,35.0,,424,0
6015,247,77,2,queue,treatment_wait_begins,352.5711693396838,,1,36.0,,424,0
6016,263,79,2,queue,treatment_wait_begins,369.44362432169635,,1,37.0,,424,0
6017,265,80,2,queue,treatment_wait_begins,380.09833875091823,,1,38.0,,424,0
6018,267,81,2,queue,treatment_wait_begins,383.8634124776174,,1,39.0,,424,0
6019,269,82,2,queue,treatment_wait_begins,390.4333827158369,,1,40.0,,424,0
6020,271,83,2,queue,treatment_wait_begins,391.8772976892559,,1,41.0,,424,0
6021,273,84,2,queue,treatment_wait_begins,392.54938394344936,,1,42.0,,424,0
6022,275,85,2,queue,treatment_wait_begins,393.26178810715084,,1,43.0,,424,0
6023,277,86,2,queue,treatment_wait_begins,393.85019969752625,,1,44.0,,424,0
6024,279,87,2,queue,treatment_wait_begins,394.1235652920939,,1,45.0,,424,0
6025,282,31,2,resource_use,treatment_begins,396.45191071385847,2.0,1,1.0,,424,0
6026,285,32,2,resource_use,treatment_begins,396.50222181208954,3.0,1,2.0,,424,0
6027,288,33,2,resource_use,treatment_begins,399.91052623913504,4.0,1,3.0,,424,0
6028,290,88,2,queue,treatment_wait_begins,402.7065312495663,,1,46.0,5.0,424,0
6029,293,34,2,resource_use,treatment_begins,403.1006558643084,1.0,1,4.0,,424,0
6030,106,35,2,queue,treatment_wait_begins,152.9585189515018,,1,1.0,,426,0
6031,116,37,2,queue,treatment_wait_begins,158.4717443187417,,1,2.0,,426,0
6032,118,38,2,queue,treatment_wait_begins,160.19091112593068,,1,3.0,,426,0
6033,120,39,2,queue,treatment_wait_begins,161.80046723046223,,1,4.0,,426,0
6034,127,41,2,queue,treatment_wait_begins,167.67977668606895,,1,5.0,,426,0
6035,129,42,2,queue,treatment_wait_begins,174.34828881122837,,1,6.0,,426,0
6036,133,44,2,queue,treatment_wait_begins,186.72302338228388,,1,7.0,,426,0
6037,135,45,2,queue,treatment_wait_begins,187.08816512218607,,1,8.0,,426,0
6038,140,46,2,queue,treatment_wait_begins,192.75850263079985,,1,9.0,,426,0
6039,148,47,2,queue,treatment_wait_begins,199.5301925701257,,1,10.0,,426,0
6040,153,48,2,queue,treatment_wait_begins,205.14039082741283,,1,11.0,,426,0
6041,155,49,2,queue,treatment_wait_begins,206.54063642859495,,1,12.0,,426,0
6042,157,50,2,queue,treatment_wait_begins,208.1453173837751,,1,13.0,,426,0
6043,159,51,2,queue,treatment_wait_begins,208.9739969202831,,1,14.0,,426,0
6044,161,52,2,queue,treatment_wait_begins,210.74581448374042,,1,15.0,,426,0
6045,163,53,2,queue,treatment_wait_begins,210.85151326578935,,1,16.0,,426,0
6046,165,54,2,queue,treatment_wait_begins,211.68829524636791,,1,17.0,,426,0
6047,167,55,2,queue,treatment_wait_begins,218.2635794691037,,1,18.0,,426,0
6048,181,56,2,queue,treatment_wait_begins,238.24236082502787,,1,19.0,,426,0
6049,185,58,2,queue,treatment_wait_begins,242.4802497949752,,1,20.0,,426,0
6050,187,59,2,queue,treatment_wait_begins,244.4690310645114,,1,21.0,,426,0
6051,189,60,2,queue,treatment_wait_begins,246.27574217918595,,1,22.0,,426,0
6052,193,62,2,queue,treatment_wait_begins,252.340535869662,,1,23.0,,426,0
6053,195,63,2,queue,treatment_wait_begins,259.21978013724924,,1,24.0,,426,0
6054,197,64,2,queue,treatment_wait_begins,266.7588257904633,,1,25.0,,426,0
6055,211,65,2,queue,treatment_wait_begins,293.3082397692622,,1,26.0,,426,0
6056,213,66,2,queue,treatment_wait_begins,303.841540943146,,1,27.0,,426,0
6057,215,67,2,queue,treatment_wait_begins,312.06587014562393,,1,28.0,,426,0
6058,226,68,2,queue,treatment_wait_begins,317.28332755550696,,1,29.0,,426,0
6059,228,69,2,queue,treatment_wait_begins,320.2459485503109,,1,30.0,,426,0
6060,230,70,2,queue,treatment_wait_begins,320.46821633167013,,1,31.0,,426,0
6061,235,71,2,queue,treatment_wait_begins,325.25123026577114,,1,32.0,,426,0
6062,241,74,2,queue,treatment_wait_begins,346.037960484565,,1,33.0,,426,0
6063,243,75,2,queue,treatment_wait_begins,347.69830455805135,,1,34.0,,426,0
6064,245,76,2,queue,treatment_wait_begins,347.94705816407,,1,35.0,,426,0
6065,247,77,2,queue,treatment_wait_begins,352.5711693396838,,1,36.0,,426,0
6066,263,79,2,queue,treatment_wait_begins,369.44362432169635,,1,37.0,,426,0
6067,265,80,2,queue,treatment_wait_begins,380.09833875091823,,1,38.0,,426,0
6068,267,81,2,queue,treatment_wait_begins,383.8634124776174,,1,39.0,,426,0
6069,269,82,2,queue,treatment_wait_begins,390.4333827158369,,1,40.0,,426,0
6070,271,83,2,queue,treatment_wait_begins,391.8772976892559,,1,41.0,,426,0
6071,273,84,2,queue,treatment_wait_begins,392.54938394344936,,1,42.0,,426,0
6072,275,85,2,queue,treatment_wait_begins,393.26178810715084,,1,43.0,,426,0
6073,277,86,2,queue,treatment_wait_begins,393.85019969752625,,1,44.0,,426,0
6074,279,87,2,queue,treatment_wait_begins,394.1235652920939,,1,45.0,,426,0
6075,282,31,2,resource_use,treatment_begins,396.45191071385847,2.0,1,1.0,,426,0
6076,285,32,2,resource_use,treatment_begins,396.50222181208954,3.0,1,2.0,,426,0
6077,288,33,2,resource_use,treatment_begins,399.91052623913504,4.0,1,3.0,,426,0
6078,290,88,2,queue,treatment_wait_begins,402.7065312495663,,1,46.0,5.0,426,0
6079,293,34,2,resource_use,treatment_begins,403.1006558643084,1.0,1,4.0,,426,0
6080,106,35,2,queue,treatment_wait_begins,152.9585189515018,,1,1.0,,428,0
6081,116,37,2,queue,treatment_wait_begins,158.4717443187417,,1,2.0,,428,0
6082,118,38,2,queue,treatment_wait_begins,160.19091112593068,,1,3.0,,428,0
6083,120,39,2,queue,treatment_wait_begins,161.80046723046223,,1,4.0,,428,0
6084,127,41,2,queue,treatment_wait_begins,167.67977668606895,,1,5.0,,428,0
6085,129,42,2,queue,treatment_wait_begins,174.34828881122837,,1,6.0,,428,0
6086,133,44,2,queue,treatment_wait_begins,186.72302338228388,,1,7.0,,428,0
6087,135,45,2,queue,treatment_wait_begins,187.08816512218607,,1,8.0,,428,0
6088,140,46,2,queue,treatment_wait_begins,192.75850263079985,,1,9.0,,428,0
6089,148,47,2,queue,treatment_wait_begins,199.5301925701257,,1,10.0,,428,0
6090,153,48,2,queue,treatment_wait_begins,205.14039082741283,,1,11.0,,428,0
6091,155,49,2,queue,treatment_wait_begins,206.54063642859495,,1,12.0,,428,0
6092,157,50,2,queue,treatment_wait_begins,208.1453173837751,,1,13.0,,428,0
6093,159,51,2,queue,treatment_wait_begins,208.9739969202831,,1,14.0,,428,0
6094,161,52,2,queue,treatment_wait_begins,210.74581448374042,,1,15.0,,428,0
6095,163,53,2,queue,treatment_wait_begins,210.85151326578935,,1,16.0,,428,0
6096,165,54,2,queue,treatment_wait_begins,211.68829524636791,,1,17.0,,428,0
6097,167,55,2,queue,treatment_wait_begins,218.2635794691037,,1,18.0,,428,0
6098,181,56,2,queue,treatment_wait_begins,238.24236082502787,,1,19.0,,428,0
6099,185,58,2,queue,treatment_wait_begins,242.4802497949752,,1,20.0,,428,0
6100,187,59,2,queue,treatment_wait_begins,244.4690310645114,,1,21.0,,428,0
6101,189,60,2,queue,treatment_wait_begins,246.27574217918595,,1,22.0,,428,0
6102,193,62,2,queue,treatment_wait_begins,252.340535869662,,1,23.0,,428,0
6103,195,63,2,queue,treatment_wait_begins,259.21978013724924,,1,24.0,,428,0
6104,197,64,2,queue,treatment_wait_begins,266.7588257904633,,1,25.0,,428,0
6105,211,65,2,queue,treatment_wait_begins,293.3082397692622,,1,26.0,,428,0
6106,213,66,2,queue,treatment_wait_begins,303.841540943146,,1,27.0,,428,0
6107,215,67,2,queue,treatment_wait_begins,312.06587014562393,,1,28.0,,428,0
6108,226,68,2,queue,treatment_wait_begins,317.28332755550696,,1,29.0,,428,0
6109,228,69,2,queue,treatment_wait_begins,320.2459485503109,,1,30.0,,428,0
6110,230,70,2,queue,treatment_wait_begins,320.46821633167013,,1,31.0,,428,0
6111,235,71,2,queue,treatment_wait_begins,325.25123026577114,,1,32.0,,428,0
6112,241,74,2,queue,treatment_wait_begins,346.037960484565,,1,33.0,,428,0
6113,243,75,2,queue,treatment_wait_begins,347.69830455805135,,1,34.0,,428,0
6114,245,76,2,queue,treatment_wait_begins,347.94705816407,,1,35.0,,428,0
6115,247,77,2,queue,treatment_wait_begins,352.5711693396838,,1,36.0,,428,0
6116,263,79,2,queue,treatment_wait_begins,369.44362432169635,,1,37.0,,428,0
6117,265,80,2,queue,treatment_wait_begins,380.09833875091823,,1,38.0,,428,0
6118,267,81,2,queue,treatment_wait_begins,383.8634124776174,,1,39.0,,428,0
6119,269,82,2,queue,treatment_wait_begins,390.4333827158369,,1,40.0,,428,0
6120,271,83,2,queue,treatment_wait_begins,391.8772976892559,,1,41.0,,428,0
6121,273,84,2,queue,treatment_wait_begins,392.54938394344936,,1,42.0,,428,0
6122,275,85,2,queue,treatment_wait_begins,393.26178810715084,,1,43.0,,428,0
6123,277,86,2,queue,treatment_wait_begins,393.85019969752625,,1,44.0,,428,0
6124,279,87,2,queue,treatment_wait_begins,394.1235652920939,,1,45.0,,428,0
6125,282,31,2,resource_use,treatment_begins,396.45191071385847,2.0,1,1.0,,428,0
6126,285,32,2,resource_use,treatment_begins,396.50222181208954,3.0,1,2.0,,428,0
6127,288,33,2,resource_use,treatment_begins,399.91052623913504,4.0,1,3.0,,428,0
6128,290,88,2,queue,treatment_wait_begins,402.7065312495663,,1,46.0,5.0,428,0
6129,293,34,2,resource_use,treatment_begins,403.1006558643084,1.0,1,4.0,,428,0
6130,106,35,2,queue,treatment_wait_begins,152.9585189515018,,1,1.0,,430,0
6131,116,37,2,queue,treatment_wait_begins,158.4717443187417,,1,2.0,,430,0
6132,118,38,2,queue,treatment_wait_begins,160.19091112593068,,1,3.0,,430,0
6133,120,39,2,queue,treatment_wait_begins,161.80046723046223,,1,4.0,,430,0
6134,127,41,2,queue,treatment_wait_begins,167.67977668606895,,1,5.0,,430,0
6135,129,42,2,queue,treatment_wait_begins,174.34828881122837,,1,6.0,,430,0
6136,133,44,2,queue,treatment_wait_begins,186.72302338228388,,1,7.0,,430,0
6137,135,45,2,queue,treatment_wait_begins,187.08816512218607,,1,8.0,,430,0
6138,140,46,2,queue,treatment_wait_begins,192.75850263079985,,1,9.0,,430,0
6139,148,47,2,queue,treatment_wait_begins,199.5301925701257,,1,10.0,,430,0
6140,153,48,2,queue,treatment_wait_begins,205.14039082741283,,1,11.0,,430,0
6141,155,49,2,queue,treatment_wait_begins,206.54063642859495,,1,12.0,,430,0
6142,157,50,2,queue,treatment_wait_begins,208.1453173837751,,1,13.0,,430,0
6143,159,51,2,queue,treatment_wait_begins,208.9739969202831,,1,14.0,,430,0
6144,161,52,2,queue,treatment_wait_begins,210.74581448374042,,1,15.0,,430,0
6145,163,53,2,queue,treatment_wait_begins,210.85151326578935,,1,16.0,,430,0
6146,165,54,2,queue,treatment_wait_begins,211.68829524636791,,1,17.0,,430,0
6147,167,55,2,queue,treatment_wait_begins,218.2635794691037,,1,18.0,,430,0
6148,181,56,2,queue,treatment_wait_begins,238.24236082502787,,1,19.0,,430,0
6149,185,58,2,queue,treatment_wait_begins,242.4802497949752,,1,20.0,,430,0
6150,187,59,2,queue,treatment_wait_begins,244.4690310645114,,1,21.0,,430,0
6151,189,60,2,queue,treatment_wait_begins,246.27574217918595,,1,22.0,,430,0
6152,193,62,2,queue,treatment_wait_begins,252.340535869662,,1,23.0,,430,0
6153,195,63,2,queue,treatment_wait_begins,259.21978013724924,,1,24.0,,430,0
6154,197,64,2,queue,treatment_wait_begins,266.7588257904633,,1,25.0,,430,0
6155,211,65,2,queue,treatment_wait_begins,293.3082397692622,,1,26.0,,430,0
6156,213,66,2,queue,treatment_wait_begins,303.841540943146,,1,27.0,,430,0
6157,215,67,2,queue,treatment_wait_begins,312.06587014562393,,1,28.0,,430,0
6158,226,68,2,queue,treatment_wait_begins,317.28332755550696,,1,29.0,,430,0
6159,228,69,2,queue,treatment_wait_begins,320.2459485503109,,1,30.0,,430,0
6160,230,70,2,queue,treatment_wait_begins,320.46821633167013,,1,31.0,,430,0
6161,235,71,2,queue,treatment_wait_begins,325.25123026577114,,1,32.0,,430,0
6162,241,74,2,queue,treatment_wait_begins,346.037960484565,,1,33.0,,430,0
6163,243,75,2,queue,treatment_wait_begins,347.69830455805135,,1,34.0,,430,0
6164,245,76,2,queue,treatment_wait_begins,347.94705816407,,1,35.0,,430,0
6165,247,77,2,queue,treatment_wait_begins,352.5711693396838,,1,36.0,,430,0
6166,263,79,2,queue,treatment_wait_begins,369.44362432169635,,1,37.0,,430,0
6167,265,80,2,queue,treatment_wait_begins,380.09833875091823,,1,38.0,,430,0
6168,267,81,2,queue,treatment_wait_begins,383.8634124776174,,1,39.0,,430,0
6169,269,82,2,queue,treatment_wait_begins,390.4333827158369,,1,40.0,,430,0
6170,271,83,2,queue,treatment_wait_begins,391.8772976892559,,1,41.0,,430,0
6171,273,84,2,queue,treatment_wait_begins,392.54938394344936,,1,42.0,,430,0
6172,275,85,2,queue,treatment_wait_begins,393.26178810715084,,1,43.0,,430,0
6173,277,86,2,queue,treatment_wait_begins,393.85019969752625,,1,44.0,,430,0
6174,279,87,2,queue,treatment_wait_begins,394.1235652920939,,1,45.0,,430,0
6175,282,31,2,resource_use,treatment_begins,396.45191071385847,2.0,1,1.0,,430,0
6176,285,32,2,resource_use,treatment_begins,396.50222181208954,3.0,1,2.0,,430,0
6177,288,33,2,resource_use,treatment_begins,399.91052623913504,4.0,1,3.0,,430,0
6178,290,88,2,queue,treatment_wait_begins,402.7065312495663,,1,46.0,6.0,430,0
6179,293,34,2,resource_use,treatment_begins,403.1006558643084,1.0,1,4.0,,430,0
6180,106,35,2,queue,treatment_wait_begins,152.9585189515018,,1,1.0,,432,0
6181,116,37,2,queue,treatment_wait_begins,158.4717443187417,,1,2.0,,432,0
6182,118,38,2,queue,treatment_wait_begins,160.19091112593068,,1,3.0,,432,0
6183,120,39,2,queue,treatment_wait_begins,161.80046723046223,,1,4.0,,432,0
6184,127,41,2,queue,treatment_wait_begins,167.67977668606895,,1,5.0,,432,0
6185,129,42,2,queue,treatment_wait_begins,174.34828881122837,,1,6.0,,432,0
6186,133,44,2,queue,treatment_wait_begins,186.72302338228388,,1,7.0,,432,0
6187,135,45,2,queue,treatment_wait_begins,187.08816512218607,,1,8.0,,432,0
6188,140,46,2,queue,treatment_wait_begins,192.75850263079985,,1,9.0,,432,0
6189,148,47,2,queue,treatment_wait_begins,199.5301925701257,,1,10.0,,432,0
6190,153,48,2,queue,treatment_wait_begins,205.14039082741283,,1,11.0,,432,0
6191,155,49,2,queue,treatment_wait_begins,206.54063642859495,,1,12.0,,432,0
6192,157,50,2,queue,treatment_wait_begins,208.1453173837751,,1,13.0,,432,0
6193,159,51,2,queue,treatment_wait_begins,208.9739969202831,,1,14.0,,432,0
6194,161,52,2,queue,treatment_wait_begins,210.74581448374042,,1,15.0,,432,0
6195,163,53,2,queue,treatment_wait_begins,210.85151326578935,,1,16.0,,432,0
6196,165,54,2,queue,treatment_wait_begins,211.68829524636791,,1,17.0,,432,0
6197,167,55,2,queue,treatment_wait_begins,218.2635794691037,,1,18.0,,432,0
6198,181,56,2,queue,treatment_wait_begins,238.24236082502787,,1,19.0,,432,0
6199,185,58,2,queue,treatment_wait_begins,242.4802497949752,,1,20.0,,432,0
6200,187,59,2,queue,treatment_wait_begins,244.4690310645114,,1,21.0,,432,0
6201,189,60,2,queue,treatment_wait_begins,246.27574217918595,,1,22.0,,432,0
6202,193,62,2,queue,treatment_wait_begins,252.340535869662,,1,23.0,,432,0
6203,195,63,2,queue,treatment_wait_begins,259.21978013724924,,1,24.0,,432,0
6204,197,64,2,queue,treatment_wait_begins,266.7588257904633,,1,25.0,,432,0
6205,211,65,2,queue,treatment_wait_begins,293.3082397692622,,1,26.0,,432,0
6206,213,66,2,queue,treatment_wait_begins,303.841540943146,,1,27.0,,432,0
6207,215,67,2,queue,treatment_wait_begins,312.06587014562393,,1,28.0,,432,0
6208,226,68,2,queue,treatment_wait_begins,317.28332755550696,,1,29.0,,432,0
6209,228,69,2,queue,treatment_wait_begins,320.2459485503109,,1,30.0,,432,0
6210,230,70,2,queue,treatment_wait_begins,320.46821633167013,,1,31.0,,432,0
6211,235,71,2,queue,treatment_wait_begins,325.25123026577114,,1,32.0,,432,0
6212,241,74,2,queue,treatment_wait_begins,346.037960484565,,1,33.0,,432,0
6213,243,75,2,queue,treatment_wait_begins,347.69830455805135,,1,34.0,,432,0
6214,245,76,2,queue,treatment_wait_begins,347.94705816407,,1,35.0,,432,0
6215,247,77,2,queue,treatment_wait_begins,352.5711693396838,,1,36.0,,432,0
6216,263,79,2,queue,treatment_wait_begins,369.44362432169635,,1,37.0,,432,0
6217,265,80,2,queue,treatment_wait_begins,380.09833875091823,,1,38.0,,432,0
6218,267,81,2,queue,treatment_wait_begins,383.8634124776174,,1,39.0,,432,0
6219,269,82,2,queue,treatment_wait_begins,390.4333827158369,,1,40.0,,432,0
6220,271,83,2,queue,treatment_wait_begins,391.8772976892559,,1,41.0,,432,0
6221,273,84,2,queue,treatment_wait_begins,392.54938394344936,,1,42.0,,432,0
6222,275,85,2,queue,treatment_wait_begins,393.26178810715084,,1,43.0,,432,0
6223,277,86,2,queue,treatment_wait_begins,393.85019969752625,,1,44.0,,432,0
6224,279,87,2,queue,treatment_wait_begins,394.1235652920939,,1,45.0,,432,0
6225,282,31,2,resource_use,treatment_begins,396.45191071385847,2.0,1,1.0,,432,0
6226,285,32,2,resource_use,treatment_begins,396.50222181208954,3.0,1,2.0,,432,0
6227,288,33,2,resource_use,treatment_begins,399.91052623913504,4.0,1,3.0,,432,0
6228,290,88,2,queue,treatment_wait_begins,402.7065312495663,,1,46.0,8.0,432,0
6229,293,34,2,resource_use,treatment_begins,403.1006558643084,1.0,1,4.0,,432,0
6230,106,35,2,queue,treatment_wait_begins,152.9585189515018,,1,1.0,,434,0
6231,116,37,2,queue,treatment_wait_begins,158.4717443187417,,1,2.0,,434,0
6232,118,38,2,queue,treatment_wait_begins,160.19091112593068,,1,3.0,,434,0
6233,120,39,2,queue,treatment_wait_begins,161.80046723046223,,1,4.0,,434,0
6234,127,41,2,queue,treatment_wait_begins,167.67977668606895,,1,5.0,,434,0
6235,129,42,2,queue,treatment_wait_begins,174.34828881122837,,1,6.0,,434,0
6236,133,44,2,queue,treatment_wait_begins,186.72302338228388,,1,7.0,,434,0
6237,135,45,2,queue,treatment_wait_begins,187.08816512218607,,1,8.0,,434,0
6238,140,46,2,queue,treatment_wait_begins,192.75850263079985,,1,9.0,,434,0
6239,148,47,2,queue,treatment_wait_begins,199.5301925701257,,1,10.0,,434,0
6240,153,48,2,queue,treatment_wait_begins,205.14039082741283,,1,11.0,,434,0
6241,155,49,2,queue,treatment_wait_begins,206.54063642859495,,1,12.0,,434,0
6242,157,50,2,queue,treatment_wait_begins,208.1453173837751,,1,13.0,,434,0
6243,159,51,2,queue,treatment_wait_begins,208.9739969202831,,1,14.0,,434,0
6244,161,52,2,queue,treatment_wait_begins,210.74581448374042,,1,15.0,,434,0
6245,163,53,2,queue,treatment_wait_begins,210.85151326578935,,1,16.0,,434,0
6246,165,54,2,queue,treatment_wait_begins,211.68829524636791,,1,17.0,,434,0
6247,167,55,2,queue,treatment_wait_begins,218.2635794691037,,1,18.0,,434,0
6248,181,56,2,queue,treatment_wait_begins,238.24236082502787,,1,19.0,,434,0
6249,185,58,2,queue,treatment_wait_begins,242.4802497949752,,1,20.0,,434,0
6250,187,59,2,queue,treatment_wait_begins,244.4690310645114,,1,21.0,,434,0
6251,189,60,2,queue,treatment_wait_begins,246.27574217918595,,1,22.0,,434,0
6252,193,62,2,queue,treatment_wait_begins,252.340535869662,,1,23.0,,434,0
6253,195,63,2,queue,treatment_wait_begins,259.21978013724924,,1,24.0,,434,0
6254,197,64,2,queue,treatment_wait_begins,266.7588257904633,,1,25.0,,434,0
6255,211,65,2,queue,treatment_wait_begins,293.3082397692622,,1,26.0,,434,0
6256,213,66,2,queue,treatment_wait_begins,303.841540943146,,1,27.0,,434,0
6257,215,67,2,queue,treatment_wait_begins,312.06587014562393,,1,28.0,,434,0
6258,226,68,2,queue,treatment_wait_begins,317.28332755550696,,1,29.0,,434,0
6259,228,69,2,queue,treatment_wait_begins,320.2459485503109,,1,30.0,,434,0
6260,230,70,2,queue,treatment_wait_begins,320.46821633167013,,1,31.0,,434,0
6261,235,71,2,queue,treatment_wait_begins,325.25123026577114,,1,32.0,,434,0
6262,241,74,2,queue,treatment_wait_begins,346.037960484565,,1,33.0,,434,0
6263,243,75,2,queue,treatment_wait_begins,347.69830455805135,,1,34.0,,434,0
6264,245,76,2,queue,treatment_wait_begins,347.94705816407,,1,35.0,,434,0
6265,247,77,2,queue,treatment_wait_begins,352.5711693396838,,1,36.0,,434,0
6266,263,79,2,queue,treatment_wait_begins,369.44362432169635,,1,37.0,,434,0
6267,265,80,2,queue,treatment_wait_begins,380.09833875091823,,1,38.0,,434,0
6268,267,81,2,queue,treatment_wait_begins,383.8634124776174,,1,39.0,,434,0
6269,269,82,2,queue,treatment_wait_begins,390.4333827158369,,1,40.0,,434,0
6270,271,83,2,queue,treatment_wait_begins,391.8772976892559,,1,41.0,,434,0
6271,273,84,2,queue,treatment_wait_begins,392.54938394344936,,1,42.0,,434,0
6272,275,85,2,queue,treatment_wait_begins,393.26178810715084,,1,43.0,,434,0
6273,277,86,2,queue,treatment_wait_begins,393.85019969752625,,1,44.0,,434,0
6274,279,87,2,queue,treatment_wait_begins,394.1235652920939,,1,45.0,,434,0
6275,285,32,2,resource_use,treatment_begins,396.50222181208954,3.0,1,1.0,,434,0
6276,288,33,2,resource_use,treatment_begins,399.91052623913504,4.0,1,2.0,,434,0
6277,290,88,2,queue,treatment_wait_begins,402.7065312495663,,1,46.0,8.0,434,0
6278,293,34,2,resource_use,treatment_begins,403.1006558643084,1.0,1,3.0,,434,0
6279,312,92,1,resource_use,treatment_begins,432.27047862841533,2.0,1,4.0,,434,10
6280,106,35,2,queue,treatment_wait_begins,152.9585189515018,,1,1.0,,436,0
6281,116,37,2,queue,treatment_wait_begins,158.4717443187417,,1,2.0,,436,0
6282,118,38,2,queue,treatment_wait_begins,160.19091112593068,,1,3.0,,436,0
6283,120,39,2,queue,treatment_wait_begins,161.80046723046223,,1,4.0,,436,0
6284,127,41,2,queue,treatment_wait_begins,167.67977668606895,,1,5.0,,436,0
6285,129,42,2,queue,treatment_wait_begins,174.34828881122837,,1,6.0,,436,0
6286,133,44,2,queue,treatment_wait_begins,186.72302338228388,,1,7.0,,436,0
6287,135,45,2,queue,treatment_wait_begins,187.08816512218607,,1,8.0,,436,0
6288,140,46,2,queue,treatment_wait_begins,192.75850263079985,,1,9.0,,436,0
6289,148,47,2,queue,treatment_wait_begins,199.5301925701257,,1,10.0,,436,0
6290,153,48,2,queue,treatment_wait_begins,205.14039082741283,,1,11.0,,436,0
6291,155,49,2,queue,treatment_wait_begins,206.54063642859495,,1,12.0,,436,0
6292,157,50,2,queue,treatment_wait_begins,208.1453173837751,,1,13.0,,436,0
6293,159,51,2,queue,treatment_wait_begins,208.9739969202831,,1,14.0,,436,0
6294,161,52,2,queue,treatment_wait_begins,210.74581448374042,,1,15.0,,436,0
6295,163,53,2,queue,treatment_wait_begins,210.85151326578935,,1,16.0,,436,0
6296,165,54,2,queue,treatment_wait_begins,211.68829524636791,,1,17.0,,436,0
6297,167,55,2,queue,treatment_wait_begins,218.2635794691037,,1,18.0,,436,0
6298,181,56,2,queue,treatment_wait_begins,238.24236082502787,,1,19.0,,436,0
6299,185,58,2,queue,treatment_wait_begins,242.4802497949752,,1,20.0,,436,0
6300,187,59,2,queue,treatment_wait_begins,244.4690310645114,,1,21.0,,436,0
6301,189,60,2,queue,treatment_wait_begins,246.27574217918595,,1,22.0,,436,0
6302,193,62,2,queue,treatment_wait_begins,252.340535869662,,1,23.0,,436,0
6303,195,63,2,queue,treatment_wait_begins,259.21978013724924,,1,24.0,,436,0
6304,197,64,2,queue,treatment_wait_begins,266.7588257904633,,1,25.0,,436,0
6305,211,65,2,queue,treatment_wait_begins,293.3082397692622,,1,26.0,,436,0
6306,213,66,2,queue,treatment_wait_begins,303.841540943146,,1,27.0,,436,0
6307,215,67,2,queue,treatment_wait_begins,312.06587014562393,,1,28.0,,436,0
6308,226,68,2,queue,treatment_wait_begins,317.28332755550696,,1,29.0,,436,0
6309,228,69,2,queue,treatment_wait_begins,320.2459485503109,,1,30.0,,436,0
6310,230,70,2,queue,treatment_wait_begins,320.46821633167013,,1,31.0,,436,0
6311,235,71,2,queue,treatment_wait_begins,325.25123026577114,,1,32.0,,436,0
6312,241,74,2,queue,treatment_wait_begins,346.037960484565,,1,33.0,,436,0
6313,243,75,2,queue,treatment_wait_begins,347.69830455805135,,1,34.0,,436,0
6314,245,76,2,queue,treatment_wait_begins,347.94705816407,,1,35.0,,436,0
6315,247,77,2,queue,treatment_wait_begins,352.5711693396838,,1,36.0,,436,0
6316,263,79,2,queue,treatment_wait_begins,369.44362432169635,,1,37.0,,436,0
6317,265,80,2,queue,treatment_wait_begins,380.09833875091823,,1,38.0,,436,0
6318,267,81,2,queue,treatment_wait_begins,383.8634124776174,,1,39.0,,436,0
6319,269,82,2,queue,treatment_wait_begins,390.4333827158369,,1,40.0,,436,0
6320,271,83,2,queue,treatment_wait_begins,391.8772976892559,,1,41.0,,436,0
6321,273,84,2,queue,treatment_wait_begins,392.54938394344936,,1,42.0,,436,0
6322,275,85,2,queue,treatment_wait_begins,393.26178810715084,,1,43.0,,436,0
6323,277,86,2,queue,treatment_wait_begins,393.85019969752625,,1,44.0,,436,0
6324,279,87,2,queue,treatment_wait_begins,394.1235652920939,,1,45.0,,436,0
6325,285,32,2,resource_use,treatment_begins,396.50222181208954,3.0,1,1.0,,436,0
6326,288,33,2,resource_use,treatment_begins,399.91052623913504,4.0,1,2.0,,436,0
6327,290,88,2,queue,treatment_wait_begins,402.7065312495663,,1,46.0,10.0,436,0
6328,293,34,2,resource_use,treatment_begins,403.1006558643084,1.0,1,3.0,,436,0
6329,312,92,1,resource_use,treatment_begins,432.27047862841533,2.0,1,4.0,,436,0
6330,106,35,2,queue,treatment_wait_begins,152.9585189515018,,1,1.0,,438,0
6331,116,37,2,queue,treatment_wait_begins,158.4717443187417,,1,2.0,,438,0
6332,118,38,2,queue,treatment_wait_begins,160.19091112593068,,1,3.0,,438,0
6333,120,39,2,queue,treatment_wait_begins,161.80046723046223,,1,4.0,,438,0
6334,127,41,2,queue,treatment_wait_begins,167.67977668606895,,1,5.0,,438,0
6335,129,42,2,queue,treatment_wait_begins,174.34828881122837,,1,6.0,,438,0
6336,133,44,2,queue,treatment_wait_begins,186.72302338228388,,1,7.0,,438,0
6337,135,45,2,queue,treatment_wait_begins,187.08816512218607,,1,8.0,,438,0
6338,140,46,2,queue,treatment_wait_begins,192.75850263079985,,1,9.0,,438,0
6339,148,47,2,queue,treatment_wait_begins,199.5301925701257,,1,10.0,,438,0
6340,153,48,2,queue,treatment_wait_begins,205.14039082741283,,1,11.0,,438,0
6341,155,49,2,queue,treatment_wait_begins,206.54063642859495,,1,12.0,,438,0
6342,157,50,2,queue,treatment_wait_begins,208.1453173837751,,1,13.0,,438,0
6343,159,51,2,queue,treatment_wait_begins,208.9739969202831,,1,14.0,,438,0
6344,161,52,2,queue,treatment_wait_begins,210.74581448374042,,1,15.0,,438,0
6345,163,53,2,queue,treatment_wait_begins,210.85151326578935,,1,16.0,,438,0
6346,165,54,2,queue,treatment_wait_begins,211.68829524636791,,1,17.0,,438,0
6347,167,55,2,queue,treatment_wait_begins,218.2635794691037,,1,18.0,,438,0
6348,181,56,2,queue,treatment_wait_begins,238.24236082502787,,1,19.0,,438,0
6349,185,58,2,queue,treatment_wait_begins,242.4802497949752,,1,20.0,,438,0
6350,187,59,2,queue,treatment_wait_begins,244.4690310645114,,1,21.0,,438,0
6351,189,60,2,queue,treatment_wait_begins,246.27574217918595,,1,22.0,,438,0
6352,193,62,2,queue,treatment_wait_begins,252.340535869662,,1,23.0,,438,0
6353,195,63,2,queue,treatment_wait_begins,259.21978013724924,,1,24.0,,438,0
6354,197,64,2,queue,treatment_wait_begins,266.7588257904633,,1,25.0,,438,0
6355,211,65,2,queue,treatment_wait_begins,293.3082397692622,,1,26.0,,438,0
6356,213,66,2,queue,treatment_wait_begins,303.841540943146,,1,27.0,,438,0
6357,215,67,2,queue,treatment_wait_begins,312.06587014562393,,1,28.0,,438,0
6358,226,68,2,queue,treatment_wait_begins,317.28332755550696,,1,29.0,,438,0
6359,228,69,2,queue,treatment_wait_begins,320.2459485503109,,1,30.0,,438,0
6360,230,70,2,queue,treatment_wait_begins,320.46821633167013,,1,31.0,,438,0
6361,235,71,2,queue,treatment_wait_begins,325.25123026577114,,1,32.0,,438,0
6362,241,74,2,queue,treatment_wait_begins,346.037960484565,,1,33.0,,438,0
6363,243,75,2,queue,treatment_wait_begins,347.69830455805135,,1,34.0,,438,0
6364,245,76,2,queue,treatment_wait_begins,347.94705816407,,1,35.0,,438,0
6365,247,77,2,queue,treatment_wait_begins,352.5711693396838,,1,36.0,,438,0
6366,263,79,2,queue,treatment_wait_begins,369.44362432169635,,1,37.0,,438,0
6367,265,80,2,queue,treatment_wait_begins,380.09833875091823,,1,38.0,,438,0
6368,267,81,2,queue,treatment_wait_begins,383.8634124776174,,1,39.0,,438,0
6369,269,82,2,queue,treatment_wait_begins,390.4333827158369,,1,40.0,,438,0
6370,271,83,2,queue,treatment_wait_begins,391.8772976892559,,1,41.0,,438,0
6371,273,84,2,queue,treatment_wait_begins,392.54938394344936,,1,42.0,,438,0
6372,275,85,2,queue,treatment_wait_begins,393.26178810715084,,1,43.0,,438,0
6373,277,86,2,queue,treatment_wait_begins,393.85019969752625,,1,44.0,,438,0
6374,279,87,2,queue,treatment_wait_begins,394.1235652920939,,1,45.0,,438,0
6375,285,32,2,resource_use,treatment_begins,396.50222181208954,3.0,1,1.0,,438,0
6376,288,33,2,resource_use,treatment_begins,399.91052623913504,4.0,1,2.0,,438,0
6377,290,88,2,queue,treatment_wait_begins,402.7065312495663,,1,46.0,10.0,438,0
6378,293,34,2,resource_use,treatment_begins,403.1006558643084,1.0,1,3.0,,438,0
6379,312,92,1,resource_use,treatment_begins,432.27047862841533,2.0,1,4.0,,438,0
6380,116,37,2,queue,treatment_wait_begins,158.4717443187417,,1,1.0,,440,0
6381,118,38,2,queue,treatment_wait_begins,160.19091112593068,,1,2.0,,440,0
6382,120,39,2,queue,treatment_wait_begins,161.80046723046223,,1,3.0,,440,0
6383,127,41,2,queue,treatment_wait_begins,167.67977668606895,,1,4.0,,440,0
6384,129,42,2,queue,treatment_wait_begins,174.34828881122837,,1,5.0,,440,0
6385,133,44,2,queue,treatment_wait_begins,186.72302338228388,,1,6.0,,440,0
6386,135,45,2,queue,treatment_wait_begins,187.08816512218607,,1,7.0,,440,0
6387,140,46,2,queue,treatment_wait_begins,192.75850263079985,,1,8.0,,440,0
6388,148,47,2,queue,treatment_wait_begins,199.5301925701257,,1,9.0,,440,0
6389,153,48,2,queue,treatment_wait_begins,205.14039082741283,,1,10.0,,440,0
6390,155,49,2,queue,treatment_wait_begins,206.54063642859495,,1,11.0,,440,0
6391,157,50,2,queue,treatment_wait_begins,208.1453173837751,,1,12.0,,440,0
6392,159,51,2,queue,treatment_wait_begins,208.9739969202831,,1,13.0,,440,0
6393,161,52,2,queue,treatment_wait_begins,210.74581448374042,,1,14.0,,440,0
6394,163,53,2,queue,treatment_wait_begins,210.85151326578935,,1,15.0,,440,0
6395,165,54,2,queue,treatment_wait_begins,211.68829524636791,,1,16.0,,440,0
6396,167,55,2,queue,treatment_wait_begins,218.2635794691037,,1,17.0,,440,0
6397,181,56,2,queue,treatment_wait_begins,238.24236082502787,,1,18.0,,440,0
6398,185,58,2,queue,treatment_wait_begins,242.4802497949752,,1,19.0,,440,0
6399,187,59,2,queue,treatment_wait_begins,244.4690310645114,,1,20.0,,440,0
6400,189,60,2,queue,treatment_wait_begins,246.27574217918595,,1,21.0,,440,0
6401,193,62,2,queue,treatment_wait_begins,252.340535869662,,1,22.0,,440,0
6402,195,63,2,queue,treatment_wait_begins,259.21978013724924,,1,23.0,,440,0
6403,197,64,2,queue,treatment_wait_begins,266.7588257904633,,1,24.0,,440,0
6404,211,65,2,queue,treatment_wait_begins,293.3082397692622,,1,25.0,,440,0
6405,213,66,2,queue,treatment_wait_begins,303.841540943146,,1,26.0,,440,0
6406,215,67,2,queue,treatment_wait_begins,312.06587014562393,,1,27.0,,440,0
6407,226,68,2,queue,treatment_wait_begins,317.28332755550696,,1,28.0,,440,0
6408,228,69,2,queue,treatment_wait_begins,320.2459485503109,,1,29.0,,440,0
6409,230,70,2,queue,treatment_wait_begins,320.46821633167013,,1,30.0,,440,0
6410,235,71,2,queue,treatment_wait_begins,325.25123026577114,,1,31.0,,440,0
6411,241,74,2,queue,treatment_wait_begins,346.037960484565,,1,32.0,,440,0
6412,243,75,2,queue,treatment_wait_begins,347.69830455805135,,1,33.0,,440,0
6413,245,76,2,queue,treatment_wait_begins,347.94705816407,,1,34.0,,440,0
6414,247,77,2,queue,treatment_wait_begins,352.5711693396838,,1,35.0,,440,0
6415,263,79,2,queue,treatment_wait_begins,369.44362432169635,,1,36.0,,440,0
6416,265,80,2,queue,treatment_wait_begins,380.09833875091823,,1,37.0,,440,0
6417,267,81,2,queue,treatment_wait_begins,383.8634124776174,,1,38.0,,440,0
6418,269,82,2,queue,treatment_wait_begins,390.4333827158369,,1,39.0,,440,0
6419,271,83,2,queue,treatment_wait_begins,391.8772976892559,,1,40.0,,440,0
6420,273,84,2,queue,treatment_wait_begins,392.54938394344936,,1,41.0,,440,0
6421,275,85,2,queue,treatment_wait_begins,393.26178810715084,,1,42.0,,440,0
6422,277,86,2,queue,treatment_wait_begins,393.85019969752625,,1,43.0,,440,0
6423,279,87,2,queue,treatment_wait_begins,394.1235652920939,,1,44.0,,440,0
6424,288,33,2,resource_use,treatment_begins,399.91052623913504,4.0,1,1.0,,440,0
6425,290,88,2,queue,treatment_wait_begins,402.7065312495663,,1,45.0,,440,18
6426,293,34,2,resource_use,treatment_begins,403.1006558643084,1.0,1,2.0,,440,0
6427,295,89,2,queue,treatment_wait_begins,404.9496062434009,,1,46.0,10.0,440,0
6428,312,92,1,resource_use,treatment_begins,432.27047862841533,2.0,1,3.0,,440,0
6429,323,35,2,resource_use,treatment_begins,439.54250294568897,3.0,1,4.0,,440,0
6430,116,37,2,queue,treatment_wait_begins,158.4717443187417,,1,1.0,,442,0
6431,118,38,2,queue,treatment_wait_begins,160.19091112593068,,1,2.0,,442,0
6432,120,39,2,queue,treatment_wait_begins,161.80046723046223,,1,3.0,,442,0
6433,127,41,2,queue,treatment_wait_begins,167.67977668606895,,1,4.0,,442,0
6434,129,42,2,queue,treatment_wait_begins,174.34828881122837,,1,5.0,,442,0
6435,133,44,2,queue,treatment_wait_begins,186.72302338228388,,1,6.0,,442,0
6436,135,45,2,queue,treatment_wait_begins,187.08816512218607,,1,7.0,,442,0
6437,140,46,2,queue,treatment_wait_begins,192.75850263079985,,1,8.0,,442,0
6438,148,47,2,queue,treatment_wait_begins,199.5301925701257,,1,9.0,,442,0
6439,153,48,2,queue,treatment_wait_begins,205.14039082741283,,1,10.0,,442,0
6440,155,49,2,queue,treatment_wait_begins,206.54063642859495,,1,11.0,,442,0
6441,157,50,2,queue,treatment_wait_begins,208.1453173837751,,1,12.0,,442,0
6442,159,51,2,queue,treatment_wait_begins,208.9739969202831,,1,13.0,,442,0
6443,161,52,2,queue,treatment_wait_begins,210.74581448374042,,1,14.0,,442,0
6444,163,53,2,queue,treatment_wait_begins,210.85151326578935,,1,15.0,,442,0
6445,165,54,2,queue,treatment_wait_begins,211.68829524636791,,1,16.0,,442,0
6446,167,55,2,queue,treatment_wait_begins,218.2635794691037,,1,17.0,,442,0
6447,181,56,2,queue,treatment_wait_begins,238.24236082502787,,1,18.0,,442,0
6448,185,58,2,queue,treatment_wait_begins,242.4802497949752,,1,19.0,,442,0
6449,187,59,2,queue,treatment_wait_begins,244.4690310645114,,1,20.0,,442,0
6450,189,60,2,queue,treatment_wait_begins,246.27574217918595,,1,21.0,,442,0
6451,193,62,2,queue,treatment_wait_begins,252.340535869662,,1,22.0,,442,0
6452,195,63,2,queue,treatment_wait_begins,259.21978013724924,,1,23.0,,442,0
6453,197,64,2,queue,treatment_wait_begins,266.7588257904633,,1,24.0,,442,0
6454,211,65,2,queue,treatment_wait_begins,293.3082397692622,,1,25.0,,442,0
6455,213,66,2,queue,treatment_wait_begins,303.841540943146,,1,26.0,,442,0
6456,215,67,2,queue,treatment_wait_begins,312.06587014562393,,1,27.0,,442,0
6457,226,68,2,queue,treatment_wait_begins,317.28332755550696,,1,28.0,,442,0
6458,228,69,2,queue,treatment_wait_begins,320.2459485503109,,1,29.0,,442,0
6459,230,70,2,queue,treatment_wait_begins,320.46821633167013,,1,30.0,,442,0
6460,235,71,2,queue,treatment_wait_begins,325.25123026577114,,1,31.0,,442,0
6461,241,74,2,queue,treatment_wait_begins,346.037960484565,,1,32.0,,442,0
6462,243,75,2,queue,treatment_wait_begins,347.69830455805135,,1,33.0,,442,0
6463,245,76,2,queue,treatment_wait_begins,347.94705816407,,1,34.0,,442,0
6464,247,77,2,queue,treatment_wait_begins,352.5711693396838,,1,35.0,,442,0
6465,263,79,2,queue,treatment_wait_begins,369.44362432169635,,1,36.0,,442,0
6466,265,80,2,queue,treatment_wait_begins,380.09833875091823,,1,37.0,,442,0
6467,267,81,2,queue,treatment_wait_begins,383.8634124776174,,1,38.0,,442,0
6468,269,82,2,queue,treatment_wait_begins,390.4333827158369,,1,39.0,,442,0
6469,271,83,2,queue,treatment_wait_begins,391.8772976892559,,1,40.0,,442,0
6470,273,84,2,queue,treatment_wait_begins,392.54938394344936,,1,41.0,,442,0
6471,275,85,2,queue,treatment_wait_begins,393.26178810715084,,1,42.0,,442,0
6472,277,86,2,queue,treatment_wait_begins,393.85019969752625,,1,43.0,,442,0
6473,279,87,2,queue,treatment_wait_begins,394.1235652920939,,1,44.0,,442,0
6474,288,33,2,resource_use,treatment_begins,399.91052623913504,4.0,1,1.0,,442,0
6475,290,88,2,queue,treatment_wait_begins,402.7065312495663,,1,45.0,,442,0
6476,293,34,2,resource_use,treatment_begins,403.1006558643084,1.0,1,2.0,,442,0
6477,295,89,2,queue,treatment_wait_begins,404.9496062434009,,1,46.0,10.0,442,0
6478,312,92,1,resource_use,treatment_begins,432.27047862841533,2.0,1,3.0,,442,0
6479,323,35,2,resource_use,treatment_begins,439.54250294568897,3.0,1,4.0,,442,0
6480,118,38,2,queue,treatment_wait_begins,160.19091112593068,,1,1.0,,444,0
6481,120,39,2,queue,treatment_wait_begins,161.80046723046223,,1,2.0,,444,0
6482,127,41,2,queue,treatment_wait_begins,167.67977668606895,,1,3.0,,444,0
6483,129,42,2,queue,treatment_wait_begins,174.34828881122837,,1,4.0,,444,0
6484,133,44,2,queue,treatment_wait_begins,186.72302338228388,,1,5.0,,444,0
6485,135,45,2,queue,treatment_wait_begins,187.08816512218607,,1,6.0,,444,0
6486,140,46,2,queue,treatment_wait_begins,192.75850263079985,,1,7.0,,444,0
6487,148,47,2,queue,treatment_wait_begins,199.5301925701257,,1,8.0,,444,0
6488,153,48,2,queue,treatment_wait_begins,205.14039082741283,,1,9.0,,444,0
6489,155,49,2,queue,treatment_wait_begins,206.54063642859495,,1,10.0,,444,0
6490,157,50,2,queue,treatment_wait_begins,208.1453173837751,,1,11.0,,444,0
6491,159,51,2,queue,treatment_wait_begins,208.9739969202831,,1,12.0,,444,0
6492,161,52,2,queue,treatment_wait_begins,210.74581448374042,,1,13.0,,444,0
6493,163,53,2,queue,treatment_wait_begins,210.85151326578935,,1,14.0,,444,0
6494,165,54,2,queue,treatment_wait_begins,211.68829524636791,,1,15.0,,444,0
6495,167,55,2,queue,treatment_wait_begins,218.2635794691037,,1,16.0,,444,0
6496,181,56,2,queue,treatment_wait_begins,238.24236082502787,,1,17.0,,444,0
6497,185,58,2,queue,treatment_wait_begins,242.4802497949752,,1,18.0,,444,0
6498,187,59,2,queue,treatment_wait_begins,244.4690310645114,,1,19.0,,444,0
6499,189,60,2,queue,treatment_wait_begins,246.27574217918595,,1,20.0,,444,0
6500,193,62,2,queue,treatment_wait_begins,252.340535869662,,1,21.0,,444,0
6501,195,63,2,queue,treatment_wait_begins,259.21978013724924,,1,22.0,,444,0
6502,197,64,2,queue,treatment_wait_begins,266.7588257904633,,1,23.0,,444,0
6503,211,65,2,queue,treatment_wait_begins,293.3082397692622,,1,24.0,,444,0
6504,213,66,2,queue,treatment_wait_begins,303.841540943146,,1,25.0,,444,0
6505,215,67,2,queue,treatment_wait_begins,312.06587014562393,,1,26.0,,444,0
6506,226,68,2,queue,treatment_wait_begins,317.28332755550696,,1,27.0,,444,0
6507,228,69,2,queue,treatment_wait_begins,320.2459485503109,,1,28.0,,444,0
6508,230,70,2,queue,treatment_wait_begins,320.46821633167013,,1,29.0,,444,0
6509,235,71,2,queue,treatment_wait_begins,325.25123026577114,,1,30.0,,444,0
6510,241,74,2,queue,treatment_wait_begins,346.037960484565,,1,31.0,,444,0
6511,243,75,2,queue,treatment_wait_begins,347.69830455805135,,1,32.0,,444,0
6512,245,76,2,queue,treatment_wait_begins,347.94705816407,,1,33.0,,444,0
6513,247,77,2,queue,treatment_wait_begins,352.5711693396838,,1,34.0,,444,0
6514,263,79,2,queue,treatment_wait_begins,369.44362432169635,,1,35.0,,444,0
6515,265,80,2,queue,treatment_wait_begins,380.09833875091823,,1,36.0,,444,0
6516,267,81,2,queue,treatment_wait_begins,383.8634124776174,,1,37.0,,444,0
6517,269,82,2,queue,treatment_wait_begins,390.4333827158369,,1,38.0,,444,0
6518,271,83,2,queue,treatment_wait_begins,391.8772976892559,,1,39.0,,444,0
6519,273,84,2,queue,treatment_wait_begins,392.54938394344936,,1,40.0,,444,0
6520,275,85,2,queue,treatment_wait_begins,393.26178810715084,,1,41.0,,444,0
6521,277,86,2,queue,treatment_wait_begins,393.85019969752625,,1,42.0,,444,0
6522,279,87,2,queue,treatment_wait_begins,394.1235652920939,,1,43.0,,444,0
6523,290,88,2,queue,treatment_wait_begins,402.7065312495663,,1,44.0,,444,0
6524,293,34,2,resource_use,treatment_begins,403.1006558643084,1.0,1,1.0,,444,0
6525,295,89,2,queue,treatment_wait_begins,404.9496062434009,,1,45.0,,444,19
6526,297,90,2,queue,treatment_wait_begins,406.8802625567264,,1,46.0,9.0,444,0
6527,312,92,1,resource_use,treatment_begins,432.27047862841533,2.0,1,2.0,,444,0
6528,323,35,2,resource_use,treatment_begins,439.54250294568897,3.0,1,3.0,,444,0
6529,326,37,2,resource_use,treatment_begins,443.4502736642007,4.0,1,4.0,,444,0
6530,120,39,2,queue,treatment_wait_begins,161.80046723046223,,1,1.0,,446,0
6531,127,41,2,queue,treatment_wait_begins,167.67977668606895,,1,2.0,,446,0
6532,129,42,2,queue,treatment_wait_begins,174.34828881122837,,1,3.0,,446,0
6533,133,44,2,queue,treatment_wait_begins,186.72302338228388,,1,4.0,,446,0
6534,135,45,2,queue,treatment_wait_begins,187.08816512218607,,1,5.0,,446,0
6535,140,46,2,queue,treatment_wait_begins,192.75850263079985,,1,6.0,,446,0
6536,148,47,2,queue,treatment_wait_begins,199.5301925701257,,1,7.0,,446,0
6537,153,48,2,queue,treatment_wait_begins,205.14039082741283,,1,8.0,,446,0
6538,155,49,2,queue,treatment_wait_begins,206.54063642859495,,1,9.0,,446,0
6539,157,50,2,queue,treatment_wait_begins,208.1453173837751,,1,10.0,,446,0
6540,159,51,2,queue,treatment_wait_begins,208.9739969202831,,1,11.0,,446,0
6541,161,52,2,queue,treatment_wait_begins,210.74581448374042,,1,12.0,,446,0
6542,163,53,2,queue,treatment_wait_begins,210.85151326578935,,1,13.0,,446,0
6543,165,54,2,queue,treatment_wait_begins,211.68829524636791,,1,14.0,,446,0
6544,167,55,2,queue,treatment_wait_begins,218.2635794691037,,1,15.0,,446,0
6545,181,56,2,queue,treatment_wait_begins,238.24236082502787,,1,16.0,,446,0
6546,185,58,2,queue,treatment_wait_begins,242.4802497949752,,1,17.0,,446,0
6547,187,59,2,queue,treatment_wait_begins,244.4690310645114,,1,18.0,,446,0
6548,189,60,2,queue,treatment_wait_begins,246.27574217918595,,1,19.0,,446,0
6549,193,62,2,queue,treatment_wait_begins,252.340535869662,,1,20.0,,446,0
6550,195,63,2,queue,treatment_wait_begins,259.21978013724924,,1,21.0,,446,0
6551,197,64,2,queue,treatment_wait_begins,266.7588257904633,,1,22.0,,446,0
6552,211,65,2,queue,treatment_wait_begins,293.3082397692622,,1,23.0,,446,0
6553,213,66,2,queue,treatment_wait_begins,303.841540943146,,1,24.0,,446,0
6554,215,67,2,queue,treatment_wait_begins,312.06587014562393,,1,25.0,,446,0
6555,226,68,2,queue,treatment_wait_begins,317.28332755550696,,1,26.0,,446,0
6556,228,69,2,queue,treatment_wait_begins,320.2459485503109,,1,27.0,,446,0
6557,230,70,2,queue,treatment_wait_begins,320.46821633167013,,1,28.0,,446,0
6558,235,71,2,queue,treatment_wait_begins,325.25123026577114,,1,29.0,,446,0
6559,241,74,2,queue,treatment_wait_begins,346.037960484565,,1,30.0,,446,0
6560,243,75,2,queue,treatment_wait_begins,347.69830455805135,,1,31.0,,446,0
6561,245,76,2,queue,treatment_wait_begins,347.94705816407,,1,32.0,,446,0
6562,247,77,2,queue,treatment_wait_begins,352.5711693396838,,1,33.0,,446,0
6563,263,79,2,queue,treatment_wait_begins,369.44362432169635,,1,34.0,,446,0
6564,265,80,2,queue,treatment_wait_begins,380.09833875091823,,1,35.0,,446,0
6565,267,81,2,queue,treatment_wait_begins,383.8634124776174,,1,36.0,,446,0
6566,269,82,2,queue,treatment_wait_begins,390.4333827158369,,1,37.0,,446,0
6567,271,83,2,queue,treatment_wait_begins,391.8772976892559,,1,38.0,,446,0
6568,273,84,2,queue,treatment_wait_begins,392.54938394344936,,1,39.0,,446,0
6569,275,85,2,queue,treatment_wait_begins,393.26178810715084,,1,40.0,,446,0
6570,277,86,2,queue,treatment_wait_begins,393.85019969752625,,1,41.0,,446,0
6571,279,87,2,queue,treatment_wait_begins,394.1235652920939,,1,42.0,,446,0
6572,290,88,2,queue,treatment_wait_begins,402.7065312495663,,1,43.0,,446,0
6573,295,89,2,queue,treatment_wait_begins,404.9496062434009,,1,44.0,,446,0
6574,297,90,2,queue,treatment_wait_begins,406.8802625567264,,1,45.0,,446,19
6575,299,91,2,queue,treatment_wait_begins,411.5550592296831,,1,46.0,8.0,446,0
6576,312,92,1,resource_use,treatment_begins,432.27047862841533,2.0,1,1.0,,446,0
6577,323,35,2,resource_use,treatment_begins,439.54250294568897,3.0,1,2.0,,446,0
6578,326,37,2,resource_use,treatment_begins,443.4502736642007,4.0,1,3.0,,446,0
6579,329,38,2,resource_use,treatment_begins,445.56898722159673,1.0,1,4.0,,446,0
6580,120,39,2,queue,treatment_wait_begins,161.80046723046223,,1,1.0,,448,0
6581,127,41,2,queue,treatment_wait_begins,167.67977668606895,,1,2.0,,448,0
6582,129,42,2,queue,treatment_wait_begins,174.34828881122837,,1,3.0,,448,0
6583,133,44,2,queue,treatment_wait_begins,186.72302338228388,,1,4.0,,448,0
6584,135,45,2,queue,treatment_wait_begins,187.08816512218607,,1,5.0,,448,0
6585,140,46,2,queue,treatment_wait_begins,192.75850263079985,,1,6.0,,448,0
6586,148,47,2,queue,treatment_wait_begins,199.5301925701257,,1,7.0,,448,0
6587,153,48,2,queue,treatment_wait_begins,205.14039082741283,,1,8.0,,448,0
6588,155,49,2,queue,treatment_wait_begins,206.54063642859495,,1,9.0,,448,0
6589,157,50,2,queue,treatment_wait_begins,208.1453173837751,,1,10.0,,448,0
6590,159,51,2,queue,treatment_wait_begins,208.9739969202831,,1,11.0,,448,0
6591,161,52,2,queue,treatment_wait_begins,210.74581448374042,,1,12.0,,448,0
6592,163,53,2,queue,treatment_wait_begins,210.85151326578935,,1,13.0,,448,0
6593,165,54,2,queue,treatment_wait_begins,211.68829524636791,,1,14.0,,448,0
6594,167,55,2,queue,treatment_wait_begins,218.2635794691037,,1,15.0,,448,0
6595,181,56,2,queue,treatment_wait_begins,238.24236082502787,,1,16.0,,448,0
6596,185,58,2,queue,treatment_wait_begins,242.4802497949752,,1,17.0,,448,0
6597,187,59,2,queue,treatment_wait_begins,244.4690310645114,,1,18.0,,448,0
6598,189,60,2,queue,treatment_wait_begins,246.27574217918595,,1,19.0,,448,0
6599,193,62,2,queue,treatment_wait_begins,252.340535869662,,1,20.0,,448,0
6600,195,63,2,queue,treatment_wait_begins,259.21978013724924,,1,21.0,,448,0
6601,197,64,2,queue,treatment_wait_begins,266.7588257904633,,1,22.0,,448,0
6602,211,65,2,queue,treatment_wait_begins,293.3082397692622,,1,23.0,,448,0
6603,213,66,2,queue,treatment_wait_begins,303.841540943146,,1,24.0,,448,0
6604,215,67,2,queue,treatment_wait_begins,312.06587014562393,,1,25.0,,448,0
6605,226,68,2,queue,treatment_wait_begins,317.28332755550696,,1,26.0,,448,0
6606,228,69,2,queue,treatment_wait_begins,320.2459485503109,,1,27.0,,448,0
6607,230,70,2,queue,treatment_wait_begins,320.46821633167013,,1,28.0,,448,0
6608,235,71,2,queue,treatment_wait_begins,325.25123026577114,,1,29.0,,448,0
6609,241,74,2,queue,treatment_wait_begins,346.037960484565,,1,30.0,,448,0
6610,243,75,2,queue,treatment_wait_begins,347.69830455805135,,1,31.0,,448,0
6611,245,76,2,queue,treatment_wait_begins,347.94705816407,,1,32.0,,448,0
6612,247,77,2,queue,treatment_wait_begins,352.5711693396838,,1,33.0,,448,0
6613,263,79,2,queue,treatment_wait_begins,369.44362432169635,,1,34.0,,448,0
6614,265,80,2,queue,treatment_wait_begins,380.09833875091823,,1,35.0,,448,0
6615,267,81,2,queue,treatment_wait_begins,383.8634124776174,,1,36.0,,448,0
6616,269,82,2,queue,treatment_wait_begins,390.4333827158369,,1,37.0,,448,0
6617,271,83,2,queue,treatment_wait_begins,391.8772976892559,,1,38.0,,448,0
6618,273,84,2,queue,treatment_wait_begins,392.54938394344936,,1,39.0,,448,0
6619,275,85,2,queue,treatment_wait_begins,393.26178810715084,,1,40.0,,448,0
6620,277,86,2,queue,treatment_wait_begins,393.85019969752625,,1,41.0,,448,0
6621,279,87,2,queue,treatment_wait_begins,394.1235652920939,,1,42.0,,448,0
6622,290,88,2,queue,treatment_wait_begins,402.7065312495663,,1,43.0,,448,0
6623,295,89,2,queue,treatment_wait_begins,404.9496062434009,,1,44.0,,448,0
6624,297,90,2,queue,treatment_wait_begins,406.8802625567264,,1,45.0,,448,0
6625,299,91,2,queue,treatment_wait_begins,411.5550592296831,,1,46.0,8.0,448,0
6626,312,92,1,resource_use,treatment_begins,432.27047862841533,2.0,1,1.0,,448,0
6627,323,35,2,resource_use,treatment_begins,439.54250294568897,3.0,1,2.0,,448,0
6628,326,37,2,resource_use,treatment_begins,443.4502736642007,4.0,1,3.0,,448,0
6629,329,38,2,resource_use,treatment_begins,445.56898722159673,1.0,1,4.0,,448,0
6630,120,39,2,queue,treatment_wait_begins,161.80046723046223,,1,1.0,,450,0
6631,127,41,2,queue,treatment_wait_begins,167.67977668606895,,1,2.0,,450,0
6632,129,42,2,queue,treatment_wait_begins,174.34828881122837,,1,3.0,,450,0
6633,133,44,2,queue,treatment_wait_begins,186.72302338228388,,1,4.0,,450,0
6634,135,45,2,queue,treatment_wait_begins,187.08816512218607,,1,5.0,,450,0
6635,140,46,2,queue,treatment_wait_begins,192.75850263079985,,1,6.0,,450,0
6636,148,47,2,queue,treatment_wait_begins,199.5301925701257,,1,7.0,,450,0
6637,153,48,2,queue,treatment_wait_begins,205.14039082741283,,1,8.0,,450,0
6638,155,49,2,queue,treatment_wait_begins,206.54063642859495,,1,9.0,,450,0
6639,157,50,2,queue,treatment_wait_begins,208.1453173837751,,1,10.0,,450,0
6640,159,51,2,queue,treatment_wait_begins,208.9739969202831,,1,11.0,,450,0
6641,161,52,2,queue,treatment_wait_begins,210.74581448374042,,1,12.0,,450,0
6642,163,53,2,queue,treatment_wait_begins,210.85151326578935,,1,13.0,,450,0
6643,165,54,2,queue,treatment_wait_begins,211.68829524636791,,1,14.0,,450,0
6644,167,55,2,queue,treatment_wait_begins,218.2635794691037,,1,15.0,,450,0
6645,181,56,2,queue,treatment_wait_begins,238.24236082502787,,1,16.0,,450,0
6646,185,58,2,queue,treatment_wait_begins,242.4802497949752,,1,17.0,,450,0
6647,187,59,2,queue,treatment_wait_begins,244.4690310645114,,1,18.0,,450,0
6648,189,60,2,queue,treatment_wait_begins,246.27574217918595,,1,19.0,,450,0
6649,193,62,2,queue,treatment_wait_begins,252.340535869662,,1,20.0,,450,0
6650,195,63,2,queue,treatment_wait_begins,259.21978013724924,,1,21.0,,450,0
6651,197,64,2,queue,treatment_wait_begins,266.7588257904633,,1,22.0,,450,0
6652,211,65,2,queue,treatment_wait_begins,293.3082397692622,,1,23.0,,450,0
6653,213,66,2,queue,treatment_wait_begins,303.841540943146,,1,24.0,,450,0
6654,215,67,2,queue,treatment_wait_begins,312.06587014562393,,1,25.0,,450,0
6655,226,68,2,queue,treatment_wait_begins,317.28332755550696,,1,26.0,,450,0
6656,228,69,2,queue,treatment_wait_begins,320.2459485503109,,1,27.0,,450,0
6657,230,70,2,queue,treatment_wait_begins,320.46821633167013,,1,28.0,,450,0
6658,235,71,2,queue,treatment_wait_begins,325.25123026577114,,1,29.0,,450,0
6659,241,74,2,queue,treatment_wait_begins,346.037960484565,,1,30.0,,450,0
6660,243,75,2,queue,treatment_wait_begins,347.69830455805135,,1,31.0,,450,0
6661,245,76,2,queue,treatment_wait_begins,347.94705816407,,1,32.0,,450,0
6662,247,77,2,queue,treatment_wait_begins,352.5711693396838,,1,33.0,,450,0
6663,263,79,2,queue,treatment_wait_begins,369.44362432169635,,1,34.0,,450,0
6664,265,80,2,queue,treatment_wait_begins,380.09833875091823,,1,35.0,,450,0
6665,267,81,2,queue,treatment_wait_begins,383.8634124776174,,1,36.0,,450,0
6666,269,82,2,queue,treatment_wait_begins,390.4333827158369,,1,37.0,,450,0
6667,271,83,2,queue,treatment_wait_begins,391.8772976892559,,1,38.0,,450,0
6668,273,84,2,queue,treatment_wait_begins,392.54938394344936,,1,39.0,,450,0
6669,275,85,2,queue,treatment_wait_begins,393.26178810715084,,1,40.0,,450,0
6670,277,86,2,queue,treatment_wait_begins,393.85019969752625,,1,41.0,,450,0
6671,279,87,2,queue,treatment_wait_begins,394.1235652920939,,1,42.0,,450,0
6672,290,88,2,queue,treatment_wait_begins,402.7065312495663,,1,43.0,,450,0
6673,295,89,2,queue,treatment_wait_begins,404.9496062434009,,1,44.0,,450,0
6674,297,90,2,queue,treatment_wait_begins,406.8802625567264,,1,45.0,,450,0
6675,299,91,2,queue,treatment_wait_begins,411.5550592296831,,1,46.0,9.0,450,0
6676,312,92,1,resource_use,treatment_begins,432.27047862841533,2.0,1,1.0,,450,0
6677,323,35,2,resource_use,treatment_begins,439.54250294568897,3.0,1,2.0,,450,0
6678,326,37,2,resource_use,treatment_begins,443.4502736642007,4.0,1,3.0,,450,0
6679,329,38,2,resource_use,treatment_begins,445.56898722159673,1.0,1,4.0,,450,0
6680,120,39,2,queue,treatment_wait_begins,161.80046723046223,,1,1.0,,452,0
6681,127,41,2,queue,treatment_wait_begins,167.67977668606895,,1,2.0,,452,0
6682,129,42,2,queue,treatment_wait_begins,174.34828881122837,,1,3.0,,452,0
6683,133,44,2,queue,treatment_wait_begins,186.72302338228388,,1,4.0,,452,0
6684,135,45,2,queue,treatment_wait_begins,187.08816512218607,,1,5.0,,452,0
6685,140,46,2,queue,treatment_wait_begins,192.75850263079985,,1,6.0,,452,0
6686,148,47,2,queue,treatment_wait_begins,199.5301925701257,,1,7.0,,452,0
6687,153,48,2,queue,treatment_wait_begins,205.14039082741283,,1,8.0,,452,0
6688,155,49,2,queue,treatment_wait_begins,206.54063642859495,,1,9.0,,452,0
6689,157,50,2,queue,treatment_wait_begins,208.1453173837751,,1,10.0,,452,0
6690,159,51,2,queue,treatment_wait_begins,208.9739969202831,,1,11.0,,452,0
6691,161,52,2,queue,treatment_wait_begins,210.74581448374042,,1,12.0,,452,0
6692,163,53,2,queue,treatment_wait_begins,210.85151326578935,,1,13.0,,452,0
6693,165,54,2,queue,treatment_wait_begins,211.68829524636791,,1,14.0,,452,0
6694,167,55,2,queue,treatment_wait_begins,218.2635794691037,,1,15.0,,452,0
6695,181,56,2,queue,treatment_wait_begins,238.24236082502787,,1,16.0,,452,0
6696,185,58,2,queue,treatment_wait_begins,242.4802497949752,,1,17.0,,452,0
6697,187,59,2,queue,treatment_wait_begins,244.4690310645114,,1,18.0,,452,0
6698,189,60,2,queue,treatment_wait_begins,246.27574217918595,,1,19.0,,452,0
6699,193,62,2,queue,treatment_wait_begins,252.340535869662,,1,20.0,,452,0
6700,195,63,2,queue,treatment_wait_begins,259.21978013724924,,1,21.0,,452,0
6701,197,64,2,queue,treatment_wait_begins,266.7588257904633,,1,22.0,,452,0
6702,211,65,2,queue,treatment_wait_begins,293.3082397692622,,1,23.0,,452,0
6703,213,66,2,queue,treatment_wait_begins,303.841540943146,,1,24.0,,452,0
6704,215,67,2,queue,treatment_wait_begins,312.06587014562393,,1,25.0,,452,0
6705,226,68,2,queue,treatment_wait_begins,317.28332755550696,,1,26.0,,452,0
6706,228,69,2,queue,treatment_wait_begins,320.2459485503109,,1,27.0,,452,0
6707,230,70,2,queue,treatment_wait_begins,320.46821633167013,,1,28.0,,452,0
6708,235,71,2,queue,treatment_wait_begins,325.25123026577114,,1,29.0,,452,0
6709,241,74,2,queue,treatment_wait_begins,346.037960484565,,1,30.0,,452,0
6710,243,75,2,queue,treatment_wait_begins,347.69830455805135,,1,31.0,,452,0
6711,245,76,2,queue,treatment_wait_begins,347.94705816407,,1,32.0,,452,0
6712,247,77,2,queue,treatment_wait_begins,352.5711693396838,,1,33.0,,452,0
6713,263,79,2,queue,treatment_wait_begins,369.44362432169635,,1,34.0,,452,0
6714,265,80,2,queue,treatment_wait_begins,380.09833875091823,,1,35.0,,452,0
6715,267,81,2,queue,treatment_wait_begins,383.8634124776174,,1,36.0,,452,0
6716,269,82,2,queue,treatment_wait_begins,390.4333827158369,,1,37.0,,452,0
6717,271,83,2,queue,treatment_wait_begins,391.8772976892559,,1,38.0,,452,0
6718,273,84,2,queue,treatment_wait_begins,392.54938394344936,,1,39.0,,452,0
6719,275,85,2,queue,treatment_wait_begins,393.26178810715084,,1,40.0,,452,0
6720,277,86,2,queue,treatment_wait_begins,393.85019969752625,,1,41.0,,452,0
6721,279,87,2,queue,treatment_wait_begins,394.1235652920939,,1,42.0,,452,0
6722,290,88,2,queue,treatment_wait_begins,402.7065312495663,,1,43.0,,452,0
6723,295,89,2,queue,treatment_wait_begins,404.9496062434009,,1,44.0,,452,0
6724,297,90,2,queue,treatment_wait_begins,406.8802625567264,,1,45.0,,452,0
6725,299,91,2,queue,treatment_wait_begins,411.5550592296831,,1,46.0,9.0,452,0
6726,312,92,1,resource_use,treatment_begins,432.27047862841533,2.0,1,1.0,,452,0
6727,323,35,2,resource_use,treatment_begins,439.54250294568897,3.0,1,2.0,,452,0
6728,326,37,2,resource_use,treatment_begins,443.4502736642007,4.0,1,3.0,,452,0
6729,329,38,2,resource_use,treatment_begins,445.56898722159673,1.0,1,4.0,,452,0
6730,120,39,2,queue,treatment_wait_begins,161.80046723046223,,1,1.0,,454,0
6731,127,41,2,queue,treatment_wait_begins,167.67977668606895,,1,2.0,,454,0
6732,129,42,2,queue,treatment_wait_begins,174.34828881122837,,1,3.0,,454,0
6733,133,44,2,queue,treatment_wait_begins,186.72302338228388,,1,4.0,,454,0
6734,135,45,2,queue,treatment_wait_begins,187.08816512218607,,1,5.0,,454,0
6735,140,46,2,queue,treatment_wait_begins,192.75850263079985,,1,6.0,,454,0
6736,148,47,2,queue,treatment_wait_begins,199.5301925701257,,1,7.0,,454,0
6737,153,48,2,queue,treatment_wait_begins,205.14039082741283,,1,8.0,,454,0
6738,155,49,2,queue,treatment_wait_begins,206.54063642859495,,1,9.0,,454,0
6739,157,50,2,queue,treatment_wait_begins,208.1453173837751,,1,10.0,,454,0
6740,159,51,2,queue,treatment_wait_begins,208.9739969202831,,1,11.0,,454,0
6741,161,52,2,queue,treatment_wait_begins,210.74581448374042,,1,12.0,,454,0
6742,163,53,2,queue,treatment_wait_begins,210.85151326578935,,1,13.0,,454,0
6743,165,54,2,queue,treatment_wait_begins,211.68829524636791,,1,14.0,,454,0
6744,167,55,2,queue,treatment_wait_begins,218.2635794691037,,1,15.0,,454,0
6745,181,56,2,queue,treatment_wait_begins,238.24236082502787,,1,16.0,,454,0
6746,185,58,2,queue,treatment_wait_begins,242.4802497949752,,1,17.0,,454,0
6747,187,59,2,queue,treatment_wait_begins,244.4690310645114,,1,18.0,,454,0
6748,189,60,2,queue,treatment_wait_begins,246.27574217918595,,1,19.0,,454,0
6749,193,62,2,queue,treatment_wait_begins,252.340535869662,,1,20.0,,454,0
6750,195,63,2,queue,treatment_wait_begins,259.21978013724924,,1,21.0,,454,0
6751,197,64,2,queue,treatment_wait_begins,266.7588257904633,,1,22.0,,454,0
6752,211,65,2,queue,treatment_wait_begins,293.3082397692622,,1,23.0,,454,0
6753,213,66,2,queue,treatment_wait_begins,303.841540943146,,1,24.0,,454,0
6754,215,67,2,queue,treatment_wait_begins,312.06587014562393,,1,25.0,,454,0
6755,226,68,2,queue,treatment_wait_begins,317.28332755550696,,1,26.0,,454,0
6756,228,69,2,queue,treatment_wait_begins,320.2459485503109,,1,27.0,,454,0
6757,230,70,2,queue,treatment_wait_begins,320.46821633167013,,1,28.0,,454,0
6758,235,71,2,queue,treatment_wait_begins,325.25123026577114,,1,29.0,,454,0
6759,241,74,2,queue,treatment_wait_begins,346.037960484565,,1,30.0,,454,0
6760,243,75,2,queue,treatment_wait_begins,347.69830455805135,,1,31.0,,454,0
6761,245,76,2,queue,treatment_wait_begins,347.94705816407,,1,32.0,,454,0
6762,247,77,2,queue,treatment_wait_begins,352.5711693396838,,1,33.0,,454,0
6763,263,79,2,queue,treatment_wait_begins,369.44362432169635,,1,34.0,,454,0
6764,265,80,2,queue,treatment_wait_begins,380.09833875091823,,1,35.0,,454,0
6765,267,81,2,queue,treatment_wait_begins,383.8634124776174,,1,36.0,,454,0
6766,269,82,2,queue,treatment_wait_begins,390.4333827158369,,1,37.0,,454,0
6767,271,83,2,queue,treatment_wait_begins,391.8772976892559,,1,38.0,,454,0
6768,273,84,2,queue,treatment_wait_begins,392.54938394344936,,1,39.0,,454,0
6769,275,85,2,queue,treatment_wait_begins,393.26178810715084,,1,40.0,,454,0
6770,277,86,2,queue,treatment_wait_begins,393.85019969752625,,1,41.0,,454,0
6771,279,87,2,queue,treatment_wait_begins,394.1235652920939,,1,42.0,,454,0
6772,290,88,2,queue,treatment_wait_begins,402.7065312495663,,1,43.0,,454,0
6773,295,89,2,queue,treatment_wait_begins,404.9496062434009,,1,44.0,,454,0
6774,297,90,2,queue,treatment_wait_begins,406.8802625567264,,1,45.0,,454,0
6775,299,91,2,queue,treatment_wait_begins,411.5550592296831,,1,46.0,9.0,454,0
6776,312,92,1,resource_use,treatment_begins,432.27047862841533,2.0,1,1.0,,454,0
6777,323,35,2,resource_use,treatment_begins,439.54250294568897,3.0,1,2.0,,454,0
6778,326,37,2,resource_use,treatment_begins,443.4502736642007,4.0,1,3.0,,454,0
6779,329,38,2,resource_use,treatment_begins,445.56898722159673,1.0,1,4.0,,454,0
6780,120,39,2,queue,treatment_wait_begins,161.80046723046223,,1,1.0,,456,0
6781,127,41,2,queue,treatment_wait_begins,167.67977668606895,,1,2.0,,456,0
6782,129,42,2,queue,treatment_wait_begins,174.34828881122837,,1,3.0,,456,0
6783,133,44,2,queue,treatment_wait_begins,186.72302338228388,,1,4.0,,456,0
6784,135,45,2,queue,treatment_wait_begins,187.08816512218607,,1,5.0,,456,0
6785,140,46,2,queue,treatment_wait_begins,192.75850263079985,,1,6.0,,456,0
6786,148,47,2,queue,treatment_wait_begins,199.5301925701257,,1,7.0,,456,0
6787,153,48,2,queue,treatment_wait_begins,205.14039082741283,,1,8.0,,456,0
6788,155,49,2,queue,treatment_wait_begins,206.54063642859495,,1,9.0,,456,0
6789,157,50,2,queue,treatment_wait_begins,208.1453173837751,,1,10.0,,456,0
6790,159,51,2,queue,treatment_wait_begins,208.9739969202831,,1,11.0,,456,0
6791,161,52,2,queue,treatment_wait_begins,210.74581448374042,,1,12.0,,456,0
6792,163,53,2,queue,treatment_wait_begins,210.85151326578935,,1,13.0,,456,0
6793,165,54,2,queue,treatment_wait_begins,211.68829524636791,,1,14.0,,456,0
6794,167,55,2,queue,treatment_wait_begins,218.2635794691037,,1,15.0,,456,0
6795,181,56,2,queue,treatment_wait_begins,238.24236082502787,,1,16.0,,456,0
6796,185,58,2,queue,treatment_wait_begins,242.4802497949752,,1,17.0,,456,0
6797,187,59,2,queue,treatment_wait_begins,244.4690310645114,,1,18.0,,456,0
6798,189,60,2,queue,treatment_wait_begins,246.27574217918595,,1,19.0,,456,0
6799,193,62,2,queue,treatment_wait_begins,252.340535869662,,1,20.0,,456,0
6800,195,63,2,queue,treatment_wait_begins,259.21978013724924,,1,21.0,,456,0
6801,197,64,2,queue,treatment_wait_begins,266.7588257904633,,1,22.0,,456,0
6802,211,65,2,queue,treatment_wait_begins,293.3082397692622,,1,23.0,,456,0
6803,213,66,2,queue,treatment_wait_begins,303.841540943146,,1,24.0,,456,0
6804,215,67,2,queue,treatment_wait_begins,312.06587014562393,,1,25.0,,456,0
6805,226,68,2,queue,treatment_wait_begins,317.28332755550696,,1,26.0,,456,0
6806,228,69,2,queue,treatment_wait_begins,320.2459485503109,,1,27.0,,456,0
6807,230,70,2,queue,treatment_wait_begins,320.46821633167013,,1,28.0,,456,0
6808,235,71,2,queue,treatment_wait_begins,325.25123026577114,,1,29.0,,456,0
6809,241,74,2,queue,treatment_wait_begins,346.037960484565,,1,30.0,,456,0
6810,243,75,2,queue,treatment_wait_begins,347.69830455805135,,1,31.0,,456,0
6811,245,76,2,queue,treatment_wait_begins,347.94705816407,,1,32.0,,456,0
6812,247,77,2,queue,treatment_wait_begins,352.5711693396838,,1,33.0,,456,0
6813,263,79,2,queue,treatment_wait_begins,369.44362432169635,,1,34.0,,456,0
6814,265,80,2,queue,treatment_wait_begins,380.09833875091823,,1,35.0,,456,0
6815,267,81,2,queue,treatment_wait_begins,383.8634124776174,,1,36.0,,456,0
6816,269,82,2,queue,treatment_wait_begins,390.4333827158369,,1,37.0,,456,0
6817,271,83,2,queue,treatment_wait_begins,391.8772976892559,,1,38.0,,456,0
6818,273,84,2,queue,treatment_wait_begins,392.54938394344936,,1,39.0,,456,0
6819,275,85,2,queue,treatment_wait_begins,393.26178810715084,,1,40.0,,456,0
6820,277,86,2,queue,treatment_wait_begins,393.85019969752625,,1,41.0,,456,0
6821,279,87,2,queue,treatment_wait_begins,394.1235652920939,,1,42.0,,456,0
6822,290,88,2,queue,treatment_wait_begins,402.7065312495663,,1,43.0,,456,0
6823,295,89,2,queue,treatment_wait_begins,404.9496062434009,,1,44.0,,456,0
6824,297,90,2,queue,treatment_wait_begins,406.8802625567264,,1,45.0,,456,0
6825,299,91,2,queue,treatment_wait_begins,411.5550592296831,,1,46.0,10.0,456,0
6826,312,92,1,resource_use,treatment_begins,432.27047862841533,2.0,1,1.0,,456,0
6827,323,35,2,resource_use,treatment_begins,439.54250294568897,3.0,1,2.0,,456,0
6828,326,37,2,resource_use,treatment_begins,443.4502736642007,4.0,1,3.0,,456,0
6829,329,38,2,resource_use,treatment_begins,445.56898722159673,1.0,1,4.0,,456,0
6830,120,39,2,queue,treatment_wait_begins,161.80046723046223,,1,1.0,,458,0
6831,127,41,2,queue,treatment_wait_begins,167.67977668606895,,1,2.0,,458,0
6832,129,42,2,queue,treatment_wait_begins,174.34828881122837,,1,3.0,,458,0
6833,133,44,2,queue,treatment_wait_begins,186.72302338228388,,1,4.0,,458,0
6834,135,45,2,queue,treatment_wait_begins,187.08816512218607,,1,5.0,,458,0
6835,140,46,2,queue,treatment_wait_begins,192.75850263079985,,1,6.0,,458,0
6836,148,47,2,queue,treatment_wait_begins,199.5301925701257,,1,7.0,,458,0
6837,153,48,2,queue,treatment_wait_begins,205.14039082741283,,1,8.0,,458,0
6838,155,49,2,queue,treatment_wait_begins,206.54063642859495,,1,9.0,,458,0
6839,157,50,2,queue,treatment_wait_begins,208.1453173837751,,1,10.0,,458,0
6840,159,51,2,queue,treatment_wait_begins,208.9739969202831,,1,11.0,,458,0
6841,161,52,2,queue,treatment_wait_begins,210.74581448374042,,1,12.0,,458,0
6842,163,53,2,queue,treatment_wait_begins,210.85151326578935,,1,13.0,,458,0
6843,165,54,2,queue,treatment_wait_begins,211.68829524636791,,1,14.0,,458,0
6844,167,55,2,queue,treatment_wait_begins,218.2635794691037,,1,15.0,,458,0
6845,181,56,2,queue,treatment_wait_begins,238.24236082502787,,1,16.0,,458,0
6846,185,58,2,queue,treatment_wait_begins,242.4802497949752,,1,17.0,,458,0
6847,187,59,2,queue,treatment_wait_begins,244.4690310645114,,1,18.0,,458,0
6848,189,60,2,queue,treatment_wait_begins,246.27574217918595,,1,19.0,,458,0
6849,193,62,2,queue,treatment_wait_begins,252.340535869662,,1,20.0,,458,0
6850,195,63,2,queue,treatment_wait_begins,259.21978013724924,,1,21.0,,458,0
6851,197,64,2,queue,treatment_wait_begins,266.7588257904633,,1,22.0,,458,0
6852,211,65,2,queue,treatment_wait_begins,293.3082397692622,,1,23.0,,458,0
6853,213,66,2,queue,treatment_wait_begins,303.841540943146,,1,24.0,,458,0
6854,215,67,2,queue,treatment_wait_begins,312.06587014562393,,1,25.0,,458,0
6855,226,68,2,queue,treatment_wait_begins,317.28332755550696,,1,26.0,,458,0
6856,228,69,2,queue,treatment_wait_begins,320.2459485503109,,1,27.0,,458,0
6857,230,70,2,queue,treatment_wait_begins,320.46821633167013,,1,28.0,,458,0
6858,235,71,2,queue,treatment_wait_begins,325.25123026577114,,1,29.0,,458,0
6859,241,74,2,queue,treatment_wait_begins,346.037960484565,,1,30.0,,458,0
6860,243,75,2,queue,treatment_wait_begins,347.69830455805135,,1,31.0,,458,0
6861,245,76,2,queue,treatment_wait_begins,347.94705816407,,1,32.0,,458,0
6862,247,77,2,queue,treatment_wait_begins,352.5711693396838,,1,33.0,,458,0
6863,263,79,2,queue,treatment_wait_begins,369.44362432169635,,1,34.0,,458,0
6864,265,80,2,queue,treatment_wait_begins,380.09833875091823,,1,35.0,,458,0
6865,267,81,2,queue,treatment_wait_begins,383.8634124776174,,1,36.0,,458,0
6866,269,82,2,queue,treatment_wait_begins,390.4333827158369,,1,37.0,,458,0
6867,271,83,2,queue,treatment_wait_begins,391.8772976892559,,1,38.0,,458,0
6868,273,84,2,queue,treatment_wait_begins,392.54938394344936,,1,39.0,,458,0
6869,275,85,2,queue,treatment_wait_begins,393.26178810715084,,1,40.0,,458,0
6870,277,86,2,queue,treatment_wait_begins,393.85019969752625,,1,41.0,,458,0
6871,279,87,2,queue,treatment_wait_begins,394.1235652920939,,1,42.0,,458,0
6872,290,88,2,queue,treatment_wait_begins,402.7065312495663,,1,43.0,,458,0
6873,295,89,2,queue,treatment_wait_begins,404.9496062434009,,1,44.0,,458,0
6874,297,90,2,queue,treatment_wait_begins,406.8802625567264,,1,45.0,,458,0
6875,299,91,2,queue,treatment_wait_begins,411.5550592296831,,1,46.0,10.0,458,0
6876,312,92,1,resource_use,treatment_begins,432.27047862841533,2.0,1,1.0,,458,0
6877,323,35,2,resource_use,treatment_begins,439.54250294568897,3.0,1,2.0,,458,0
6878,326,37,2,resource_use,treatment_begins,443.4502736642007,4.0,1,3.0,,458,0
6879,329,38,2,resource_use,treatment_begins,445.56898722159673,1.0,1,4.0,,458,0
6880,120,39,2,queue,treatment_wait_begins,161.80046723046223,,1,1.0,,460,0
6881,127,41,2,queue,treatment_wait_begins,167.67977668606895,,1,2.0,,460,0
6882,129,42,2,queue,treatment_wait_begins,174.34828881122837,,1,3.0,,460,0
6883,133,44,2,queue,treatment_wait_begins,186.72302338228388,,1,4.0,,460,0
6884,135,45,2,queue,treatment_wait_begins,187.08816512218607,,1,5.0,,460,0
6885,140,46,2,queue,treatment_wait_begins,192.75850263079985,,1,6.0,,460,0
6886,148,47,2,queue,treatment_wait_begins,199.5301925701257,,1,7.0,,460,0
6887,153,48,2,queue,treatment_wait_begins,205.14039082741283,,1,8.0,,460,0
6888,155,49,2,queue,treatment_wait_begins,206.54063642859495,,1,9.0,,460,0
6889,157,50,2,queue,treatment_wait_begins,208.1453173837751,,1,10.0,,460,0
6890,159,51,2,queue,treatment_wait_begins,208.9739969202831,,1,11.0,,460,0
6891,161,52,2,queue,treatment_wait_begins,210.74581448374042,,1,12.0,,460,0
6892,163,53,2,queue,treatment_wait_begins,210.85151326578935,,1,13.0,,460,0
6893,165,54,2,queue,treatment_wait_begins,211.68829524636791,,1,14.0,,460,0
6894,167,55,2,queue,treatment_wait_begins,218.2635794691037,,1,15.0,,460,0
6895,181,56,2,queue,treatment_wait_begins,238.24236082502787,,1,16.0,,460,0
6896,185,58,2,queue,treatment_wait_begins,242.4802497949752,,1,17.0,,460,0
6897,187,59,2,queue,treatment_wait_begins,244.4690310645114,,1,18.0,,460,0
6898,189,60,2,queue,treatment_wait_begins,246.27574217918595,,1,19.0,,460,0
6899,193,62,2,queue,treatment_wait_begins,252.340535869662,,1,20.0,,460,0
6900,195,63,2,queue,treatment_wait_begins,259.21978013724924,,1,21.0,,460,0
6901,197,64,2,queue,treatment_wait_begins,266.7588257904633,,1,22.0,,460,0
6902,211,65,2,queue,treatment_wait_begins,293.3082397692622,,1,23.0,,460,0
6903,213,66,2,queue,treatment_wait_begins,303.841540943146,,1,24.0,,460,0
6904,215,67,2,queue,treatment_wait_begins,312.06587014562393,,1,25.0,,460,0
6905,226,68,2,queue,treatment_wait_begins,317.28332755550696,,1,26.0,,460,0
6906,228,69,2,queue,treatment_wait_begins,320.2459485503109,,1,27.0,,460,0
6907,230,70,2,queue,treatment_wait_begins,320.46821633167013,,1,28.0,,460,0
6908,235,71,2,queue,treatment_wait_begins,325.25123026577114,,1,29.0,,460,0
6909,241,74,2,queue,treatment_wait_begins,346.037960484565,,1,30.0,,460,0
6910,243,75,2,queue,treatment_wait_begins,347.69830455805135,,1,31.0,,460,0
6911,245,76,2,queue,treatment_wait_begins,347.94705816407,,1,32.0,,460,0
6912,247,77,2,queue,treatment_wait_begins,352.5711693396838,,1,33.0,,460,0
6913,263,79,2,queue,treatment_wait_begins,369.44362432169635,,1,34.0,,460,0
6914,265,80,2,queue,treatment_wait_begins,380.09833875091823,,1,35.0,,460,0
6915,267,81,2,queue,treatment_wait_begins,383.8634124776174,,1,36.0,,460,0
6916,269,82,2,queue,treatment_wait_begins,390.4333827158369,,1,37.0,,460,0
6917,271,83,2,queue,treatment_wait_begins,391.8772976892559,,1,38.0,,460,0
6918,273,84,2,queue,treatment_wait_begins,392.54938394344936,,1,39.0,,460,0
6919,275,85,2,queue,treatment_wait_begins,393.26178810715084,,1,40.0,,460,0
6920,277,86,2,queue,treatment_wait_begins,393.85019969752625,,1,41.0,,460,0
6921,279,87,2,queue,treatment_wait_begins,394.1235652920939,,1,42.0,,460,0
6922,290,88,2,queue,treatment_wait_begins,402.7065312495663,,1,43.0,,460,0
6923,295,89,2,queue,treatment_wait_begins,404.9496062434009,,1,44.0,,460,0
6924,297,90,2,queue,treatment_wait_begins,406.8802625567264,,1,45.0,,460,0
6925,299,91,2,queue,treatment_wait_begins,411.5550592296831,,1,46.0,10.0,460,0
6926,312,92,1,resource_use,treatment_begins,432.27047862841533,2.0,1,1.0,,460,0
6927,323,35,2,resource_use,treatment_begins,439.54250294568897,3.0,1,2.0,,460,0
6928,326,37,2,resource_use,treatment_begins,443.4502736642007,4.0,1,3.0,,460,0
6929,329,38,2,resource_use,treatment_begins,445.56898722159673,1.0,1,4.0,,460,0
6930,120,39,2,queue,treatment_wait_begins,161.80046723046223,,1,1.0,,462,0
6931,127,41,2,queue,treatment_wait_begins,167.67977668606895,,1,2.0,,462,0
6932,129,42,2,queue,treatment_wait_begins,174.34828881122837,,1,3.0,,462,0
6933,133,44,2,queue,treatment_wait_begins,186.72302338228388,,1,4.0,,462,0
6934,135,45,2,queue,treatment_wait_begins,187.08816512218607,,1,5.0,,462,0
6935,140,46,2,queue,treatment_wait_begins,192.75850263079985,,1,6.0,,462,0
6936,148,47,2,queue,treatment_wait_begins,199.5301925701257,,1,7.0,,462,0
6937,153,48,2,queue,treatment_wait_begins,205.14039082741283,,1,8.0,,462,0
6938,155,49,2,queue,treatment_wait_begins,206.54063642859495,,1,9.0,,462,0
6939,157,50,2,queue,treatment_wait_begins,208.1453173837751,,1,10.0,,462,0
6940,159,51,2,queue,treatment_wait_begins,208.9739969202831,,1,11.0,,462,0
6941,161,52,2,queue,treatment_wait_begins,210.74581448374042,,1,12.0,,462,0
6942,163,53,2,queue,treatment_wait_begins,210.85151326578935,,1,13.0,,462,0
6943,165,54,2,queue,treatment_wait_begins,211.68829524636791,,1,14.0,,462,0
6944,167,55,2,queue,treatment_wait_begins,218.2635794691037,,1,15.0,,462,0
6945,181,56,2,queue,treatment_wait_begins,238.24236082502787,,1,16.0,,462,0
6946,185,58,2,queue,treatment_wait_begins,242.4802497949752,,1,17.0,,462,0
6947,187,59,2,queue,treatment_wait_begins,244.4690310645114,,1,18.0,,462,0
6948,189,60,2,queue,treatment_wait_begins,246.27574217918595,,1,19.0,,462,0
6949,193,62,2,queue,treatment_wait_begins,252.340535869662,,1,20.0,,462,0
6950,195,63,2,queue,treatment_wait_begins,259.21978013724924,,1,21.0,,462,0
6951,197,64,2,queue,treatment_wait_begins,266.7588257904633,,1,22.0,,462,0
6952,211,65,2,queue,treatment_wait_begins,293.3082397692622,,1,23.0,,462,0
6953,213,66,2,queue,treatment_wait_begins,303.841540943146,,1,24.0,,462,0
6954,215,67,2,queue,treatment_wait_begins,312.06587014562393,,1,25.0,,462,0
6955,226,68,2,queue,treatment_wait_begins,317.28332755550696,,1,26.0,,462,0
6956,228,69,2,queue,treatment_wait_begins,320.2459485503109,,1,27.0,,462,0
6957,230,70,2,queue,treatment_wait_begins,320.46821633167013,,1,28.0,,462,0
6958,235,71,2,queue,treatment_wait_begins,325.25123026577114,,1,29.0,,462,0
6959,241,74,2,queue,treatment_wait_begins,346.037960484565,,1,30.0,,462,0
6960,243,75,2,queue,treatment_wait_begins,347.69830455805135,,1,31.0,,462,0
6961,245,76,2,queue,treatment_wait_begins,347.94705816407,,1,32.0,,462,0
6962,247,77,2,queue,treatment_wait_begins,352.5711693396838,,1,33.0,,462,0
6963,263,79,2,queue,treatment_wait_begins,369.44362432169635,,1,34.0,,462,0
6964,265,80,2,queue,treatment_wait_begins,380.09833875091823,,1,35.0,,462,0
6965,267,81,2,queue,treatment_wait_begins,383.8634124776174,,1,36.0,,462,0
6966,269,82,2,queue,treatment_wait_begins,390.4333827158369,,1,37.0,,462,0
6967,271,83,2,queue,treatment_wait_begins,391.8772976892559,,1,38.0,,462,0
6968,273,84,2,queue,treatment_wait_begins,392.54938394344936,,1,39.0,,462,0
6969,275,85,2,queue,treatment_wait_begins,393.26178810715084,,1,40.0,,462,0
6970,277,86,2,queue,treatment_wait_begins,393.85019969752625,,1,41.0,,462,0
6971,279,87,2,queue,treatment_wait_begins,394.1235652920939,,1,42.0,,462,0
6972,290,88,2,queue,treatment_wait_begins,402.7065312495663,,1,43.0,,462,0
6973,295,89,2,queue,treatment_wait_begins,404.9496062434009,,1,44.0,,462,0
6974,297,90,2,queue,treatment_wait_begins,406.8802625567264,,1,45.0,,462,0
6975,299,91,2,queue,treatment_wait_begins,411.5550592296831,,1,46.0,10.0,462,0
6976,312,92,1,resource_use,treatment_begins,432.27047862841533,2.0,1,1.0,,462,0
6977,323,35,2,resource_use,treatment_begins,439.54250294568897,3.0,1,2.0,,462,0
6978,326,37,2,resource_use,treatment_begins,443.4502736642007,4.0,1,3.0,,462,0
6979,329,38,2,resource_use,treatment_begins,445.56898722159673,1.0,1,4.0,,462,0
6980,120,39,2,queue,treatment_wait_begins,161.80046723046223,,1,1.0,,464,0
6981,127,41,2,queue,treatment_wait_begins,167.67977668606895,,1,2.0,,464,0
6982,129,42,2,queue,treatment_wait_begins,174.34828881122837,,1,3.0,,464,0
6983,133,44,2,queue,treatment_wait_begins,186.72302338228388,,1,4.0,,464,0
6984,135,45,2,queue,treatment_wait_begins,187.08816512218607,,1,5.0,,464,0
6985,140,46,2,queue,treatment_wait_begins,192.75850263079985,,1,6.0,,464,0
6986,148,47,2,queue,treatment_wait_begins,199.5301925701257,,1,7.0,,464,0
6987,153,48,2,queue,treatment_wait_begins,205.14039082741283,,1,8.0,,464,0
6988,155,49,2,queue,treatment_wait_begins,206.54063642859495,,1,9.0,,464,0
6989,157,50,2,queue,treatment_wait_begins,208.1453173837751,,1,10.0,,464,0
6990,159,51,2,queue,treatment_wait_begins,208.9739969202831,,1,11.0,,464,0
6991,161,52,2,queue,treatment_wait_begins,210.74581448374042,,1,12.0,,464,0
6992,163,53,2,queue,treatment_wait_begins,210.85151326578935,,1,13.0,,464,0
6993,165,54,2,queue,treatment_wait_begins,211.68829524636791,,1,14.0,,464,0
6994,167,55,2,queue,treatment_wait_begins,218.2635794691037,,1,15.0,,464,0
6995,181,56,2,queue,treatment_wait_begins,238.24236082502787,,1,16.0,,464,0
6996,185,58,2,queue,treatment_wait_begins,242.4802497949752,,1,17.0,,464,0
6997,187,59,2,queue,treatment_wait_begins,244.4690310645114,,1,18.0,,464,0
6998,189,60,2,queue,treatment_wait_begins,246.27574217918595,,1,19.0,,464,0
6999,193,62,2,queue,treatment_wait_begins,252.340535869662,,1,20.0,,464,0
7000,195,63,2,queue,treatment_wait_begins,259.21978013724924,,1,21.0,,464,0
7001,197,64,2,queue,treatment_wait_begins,266.7588257904633,,1,22.0,,464,0
7002,211,65,2,queue,treatment_wait_begins,293.3082397692622,,1,23.0,,464,0
7003,213,66,2,queue,treatment_wait_begins,303.841540943146,,1,24.0,,464,0
7004,215,67,2,queue,treatment_wait_begins,312.06587014562393,,1,25.0,,464,0
7005,226,68,2,queue,treatment_wait_begins,317.28332755550696,,1,26.0,,464,0
7006,228,69,2,queue,treatment_wait_begins,320.2459485503109,,1,27.0,,464,0
7007,230,70,2,queue,treatment_wait_begins,320.46821633167013,,1,28.0,,464,0
7008,235,71,2,queue,treatment_wait_begins,325.25123026577114,,1,29.0,,464,0
7009,241,74,2,queue,treatment_wait_begins,346.037960484565,,1,30.0,,464,0
7010,243,75,2,queue,treatment_wait_begins,347.69830455805135,,1,31.0,,464,0
7011,245,76,2,queue,treatment_wait_begins,347.94705816407,,1,32.0,,464,0
7012,247,77,2,queue,treatment_wait_begins,352.5711693396838,,1,33.0,,464,0
7013,263,79,2,queue,treatment_wait_begins,369.44362432169635,,1,34.0,,464,0
7014,265,80,2,queue,treatment_wait_begins,380.09833875091823,,1,35.0,,464,0
7015,267,81,2,queue,treatment_wait_begins,383.8634124776174,,1,36.0,,464,0
7016,269,82,2,queue,treatment_wait_begins,390.4333827158369,,1,37.0,,464,0
7017,271,83,2,queue,treatment_wait_begins,391.8772976892559,,1,38.0,,464,0
7018,273,84,2,queue,treatment_wait_begins,392.54938394344936,,1,39.0,,464,0
7019,275,85,2,queue,treatment_wait_begins,393.26178810715084,,1,40.0,,464,0
7020,277,86,2,queue,treatment_wait_begins,393.85019969752625,,1,41.0,,464,0
7021,279,87,2,queue,treatment_wait_begins,394.1235652920939,,1,42.0,,464,0
7022,290,88,2,queue,treatment_wait_begins,402.7065312495663,,1,43.0,,464,0
7023,295,89,2,queue,treatment_wait_begins,404.9496062434009,,1,44.0,,464,0
7024,297,90,2,queue,treatment_wait_begins,406.8802625567264,,1,45.0,,464,0
7025,299,91,2,queue,treatment_wait_begins,411.5550592296831,,1,46.0,10.0,464,0
7026,312,92,1,resource_use,treatment_begins,432.27047862841533,2.0,1,1.0,,464,0
7027,323,35,2,resource_use,treatment_begins,439.54250294568897,3.0,1,2.0,,464,0
7028,326,37,2,resource_use,treatment_begins,443.4502736642007,4.0,1,3.0,,464,0
7029,329,38,2,resource_use,treatment_begins,445.56898722159673,1.0,1,4.0,,464,0
7030,120,39,2,queue,treatment_wait_begins,161.80046723046223,,1,1.0,,466,0
7031,127,41,2,queue,treatment_wait_begins,167.67977668606895,,1,2.0,,466,0
7032,129,42,2,queue,treatment_wait_begins,174.34828881122837,,1,3.0,,466,0
7033,133,44,2,queue,treatment_wait_begins,186.72302338228388,,1,4.0,,466,0
7034,135,45,2,queue,treatment_wait_begins,187.08816512218607,,1,5.0,,466,0
7035,140,46,2,queue,treatment_wait_begins,192.75850263079985,,1,6.0,,466,0
7036,148,47,2,queue,treatment_wait_begins,199.5301925701257,,1,7.0,,466,0
7037,153,48,2,queue,treatment_wait_begins,205.14039082741283,,1,8.0,,466,0
7038,155,49,2,queue,treatment_wait_begins,206.54063642859495,,1,9.0,,466,0
7039,157,50,2,queue,treatment_wait_begins,208.1453173837751,,1,10.0,,466,0
7040,159,51,2,queue,treatment_wait_begins,208.9739969202831,,1,11.0,,466,0
7041,161,52,2,queue,treatment_wait_begins,210.74581448374042,,1,12.0,,466,0
7042,163,53,2,queue,treatment_wait_begins,210.85151326578935,,1,13.0,,466,0
7043,165,54,2,queue,treatment_wait_begins,211.68829524636791,,1,14.0,,466,0
7044,167,55,2,queue,treatment_wait_begins,218.2635794691037,,1,15.0,,466,0
7045,181,56,2,queue,treatment_wait_begins,238.24236082502787,,1,16.0,,466,0
7046,185,58,2,queue,treatment_wait_begins,242.4802497949752,,1,17.0,,466,0
7047,187,59,2,queue,treatment_wait_begins,244.4690310645114,,1,18.0,,466,0
7048,189,60,2,queue,treatment_wait_begins,246.27574217918595,,1,19.0,,466,0
7049,193,62,2,queue,treatment_wait_begins,252.340535869662,,1,20.0,,466,0
7050,195,63,2,queue,treatment_wait_begins,259.21978013724924,,1,21.0,,466,0
7051,197,64,2,queue,treatment_wait_begins,266.7588257904633,,1,22.0,,466,0
7052,211,65,2,queue,treatment_wait_begins,293.3082397692622,,1,23.0,,466,0
7053,213,66,2,queue,treatment_wait_begins,303.841540943146,,1,24.0,,466,0
7054,215,67,2,queue,treatment_wait_begins,312.06587014562393,,1,25.0,,466,0
7055,226,68,2,queue,treatment_wait_begins,317.28332755550696,,1,26.0,,466,0
7056,228,69,2,queue,treatment_wait_begins,320.2459485503109,,1,27.0,,466,0
7057,230,70,2,queue,treatment_wait_begins,320.46821633167013,,1,28.0,,466,0
7058,235,71,2,queue,treatment_wait_begins,325.25123026577114,,1,29.0,,466,0
7059,241,74,2,queue,treatment_wait_begins,346.037960484565,,1,30.0,,466,0
7060,243,75,2,queue,treatment_wait_begins,347.69830455805135,,1,31.0,,466,0
7061,245,76,2,queue,treatment_wait_begins,347.94705816407,,1,32.0,,466,0
7062,247,77,2,queue,treatment_wait_begins,352.5711693396838,,1,33.0,,466,0
7063,263,79,2,queue,treatment_wait_begins,369.44362432169635,,1,34.0,,466,0
7064,265,80,2,queue,treatment_wait_begins,380.09833875091823,,1,35.0,,466,0
7065,267,81,2,queue,treatment_wait_begins,383.8634124776174,,1,36.0,,466,0
7066,269,82,2,queue,treatment_wait_begins,390.4333827158369,,1,37.0,,466,0
7067,271,83,2,queue,treatment_wait_begins,391.8772976892559,,1,38.0,,466,0
7068,273,84,2,queue,treatment_wait_begins,392.54938394344936,,1,39.0,,466,0
7069,275,85,2,queue,treatment_wait_begins,393.26178810715084,,1,40.0,,466,0
7070,277,86,2,queue,treatment_wait_begins,393.85019969752625,,1,41.0,,466,0
7071,279,87,2,queue,treatment_wait_begins,394.1235652920939,,1,42.0,,466,0
7072,290,88,2,queue,treatment_wait_begins,402.7065312495663,,1,43.0,,466,0
7073,295,89,2,queue,treatment_wait_begins,404.9496062434009,,1,44.0,,466,0
7074,297,90,2,queue,treatment_wait_begins,406.8802625567264,,1,45.0,,466,0
7075,299,91,2,queue,treatment_wait_begins,411.5550592296831,,1,46.0,10.0,466,0
7076,312,92,1,resource_use,treatment_begins,432.27047862841533,2.0,1,1.0,,466,0
7077,323,35,2,resource_use,treatment_begins,439.54250294568897,3.0,1,2.0,,466,0
7078,326,37,2,resource_use,treatment_begins,443.4502736642007,4.0,1,3.0,,466,0
7079,329,38,2,resource_use,treatment_begins,445.56898722159673,1.0,1,4.0,,466,0
7080,120,39,2,queue,treatment_wait_begins,161.80046723046223,,1,1.0,,468,0
7081,127,41,2,queue,treatment_wait_begins,167.67977668606895,,1,2.0,,468,0
7082,129,42,2,queue,treatment_wait_begins,174.34828881122837,,1,3.0,,468,0
7083,133,44,2,queue,treatment_wait_begins,186.72302338228388,,1,4.0,,468,0
7084,135,45,2,queue,treatment_wait_begins,187.08816512218607,,1,5.0,,468,0
7085,140,46,2,queue,treatment_wait_begins,192.75850263079985,,1,6.0,,468,0
7086,148,47,2,queue,treatment_wait_begins,199.5301925701257,,1,7.0,,468,0
7087,153,48,2,queue,treatment_wait_begins,205.14039082741283,,1,8.0,,468,0
7088,155,49,2,queue,treatment_wait_begins,206.54063642859495,,1,9.0,,468,0
7089,157,50,2,queue,treatment_wait_begins,208.1453173837751,,1,10.0,,468,0
7090,159,51,2,queue,treatment_wait_begins,208.9739969202831,,1,11.0,,468,0
7091,161,52,2,queue,treatment_wait_begins,210.74581448374042,,1,12.0,,468,0
7092,163,53,2,queue,treatment_wait_begins,210.85151326578935,,1,13.0,,468,0
7093,165,54,2,queue,treatment_wait_begins,211.68829524636791,,1,14.0,,468,0
7094,167,55,2,queue,treatment_wait_begins,218.2635794691037,,1,15.0,,468,0
7095,181,56,2,queue,treatment_wait_begins,238.24236082502787,,1,16.0,,468,0
7096,185,58,2,queue,treatment_wait_begins,242.4802497949752,,1,17.0,,468,0
7097,187,59,2,queue,treatment_wait_begins,244.4690310645114,,1,18.0,,468,0
7098,189,60,2,queue,treatment_wait_begins,246.27574217918595,,1,19.0,,468,0
7099,193,62,2,queue,treatment_wait_begins,252.340535869662,,1,20.0,,468,0
7100,195,63,2,queue,treatment_wait_begins,259.21978013724924,,1,21.0,,468,0
7101,197,64,2,queue,treatment_wait_begins,266.7588257904633,,1,22.0,,468,0
7102,211,65,2,queue,treatment_wait_begins,293.3082397692622,,1,23.0,,468,0
7103,213,66,2,queue,treatment_wait_begins,303.841540943146,,1,24.0,,468,0
7104,215,67,2,queue,treatment_wait_begins,312.06587014562393,,1,25.0,,468,0
7105,226,68,2,queue,treatment_wait_begins,317.28332755550696,,1,26.0,,468,0
7106,228,69,2,queue,treatment_wait_begins,320.2459485503109,,1,27.0,,468,0
7107,230,70,2,queue,treatment_wait_begins,320.46821633167013,,1,28.0,,468,0
7108,235,71,2,queue,treatment_wait_begins,325.25123026577114,,1,29.0,,468,0
7109,241,74,2,queue,treatment_wait_begins,346.037960484565,,1,30.0,,468,0
7110,243,75,2,queue,treatment_wait_begins,347.69830455805135,,1,31.0,,468,0
7111,245,76,2,queue,treatment_wait_begins,347.94705816407,,1,32.0,,468,0
7112,247,77,2,queue,treatment_wait_begins,352.5711693396838,,1,33.0,,468,0
7113,263,79,2,queue,treatment_wait_begins,369.44362432169635,,1,34.0,,468,0
7114,265,80,2,queue,treatment_wait_begins,380.09833875091823,,1,35.0,,468,0
7115,267,81,2,queue,treatment_wait_begins,383.8634124776174,,1,36.0,,468,0
7116,269,82,2,queue,treatment_wait_begins,390.4333827158369,,1,37.0,,468,0
7117,271,83,2,queue,treatment_wait_begins,391.8772976892559,,1,38.0,,468,0
7118,273,84,2,queue,treatment_wait_begins,392.54938394344936,,1,39.0,,468,0
7119,275,85,2,queue,treatment_wait_begins,393.26178810715084,,1,40.0,,468,0
7120,277,86,2,queue,treatment_wait_begins,393.85019969752625,,1,41.0,,468,0
7121,279,87,2,queue,treatment_wait_begins,394.1235652920939,,1,42.0,,468,0
7122,290,88,2,queue,treatment_wait_begins,402.7065312495663,,1,43.0,,468,0
7123,295,89,2,queue,treatment_wait_begins,404.9496062434009,,1,44.0,,468,0
7124,297,90,2,queue,treatment_wait_begins,406.8802625567264,,1,45.0,,468,0
7125,299,91,2,queue,treatment_wait_begins,411.5550592296831,,1,46.0,10.0,468,0
7126,312,92,1,resource_use,treatment_begins,432.27047862841533,2.0,1,1.0,,468,0
7127,323,35,2,resource_use,treatment_begins,439.54250294568897,3.0,1,2.0,,468,0
7128,326,37,2,resource_use,treatment_begins,443.4502736642007,4.0,1,3.0,,468,0
7129,329,38,2,resource_use,treatment_begins,445.56898722159673,1.0,1,4.0,,468,0
7130,120,39,2,queue,treatment_wait_begins,161.80046723046223,,1,1.0,,470,0
7131,127,41,2,queue,treatment_wait_begins,167.67977668606895,,1,2.0,,470,0
7132,129,42,2,queue,treatment_wait_begins,174.34828881122837,,1,3.0,,470,0
7133,133,44,2,queue,treatment_wait_begins,186.72302338228388,,1,4.0,,470,0
7134,135,45,2,queue,treatment_wait_begins,187.08816512218607,,1,5.0,,470,0
7135,140,46,2,queue,treatment_wait_begins,192.75850263079985,,1,6.0,,470,0
7136,148,47,2,queue,treatment_wait_begins,199.5301925701257,,1,7.0,,470,0
7137,153,48,2,queue,treatment_wait_begins,205.14039082741283,,1,8.0,,470,0
7138,155,49,2,queue,treatment_wait_begins,206.54063642859495,,1,9.0,,470,0
7139,157,50,2,queue,treatment_wait_begins,208.1453173837751,,1,10.0,,470,0
7140,159,51,2,queue,treatment_wait_begins,208.9739969202831,,1,11.0,,470,0
7141,161,52,2,queue,treatment_wait_begins,210.74581448374042,,1,12.0,,470,0
7142,163,53,2,queue,treatment_wait_begins,210.85151326578935,,1,13.0,,470,0
7143,165,54,2,queue,treatment_wait_begins,211.68829524636791,,1,14.0,,470,0
7144,167,55,2,queue,treatment_wait_begins,218.2635794691037,,1,15.0,,470,0
7145,181,56,2,queue,treatment_wait_begins,238.24236082502787,,1,16.0,,470,0
7146,185,58,2,queue,treatment_wait_begins,242.4802497949752,,1,17.0,,470,0
7147,187,59,2,queue,treatment_wait_begins,244.4690310645114,,1,18.0,,470,0
7148,189,60,2,queue,treatment_wait_begins,246.27574217918595,,1,19.0,,470,0
7149,193,62,2,queue,treatment_wait_begins,252.340535869662,,1,20.0,,470,0
7150,195,63,2,queue,treatment_wait_begins,259.21978013724924,,1,21.0,,470,0
7151,197,64,2,queue,treatment_wait_begins,266.7588257904633,,1,22.0,,470,0
7152,211,65,2,queue,treatment_wait_begins,293.3082397692622,,1,23.0,,470,0
7153,213,66,2,queue,treatment_wait_begins,303.841540943146,,1,24.0,,470,0
7154,215,67,2,queue,treatment_wait_begins,312.06587014562393,,1,25.0,,470,0
7155,226,68,2,queue,treatment_wait_begins,317.28332755550696,,1,26.0,,470,0
7156,228,69,2,queue,treatment_wait_begins,320.2459485503109,,1,27.0,,470,0
7157,230,70,2,queue,treatment_wait_begins,320.46821633167013,,1,28.0,,470,0
7158,235,71,2,queue,treatment_wait_begins,325.25123026577114,,1,29.0,,470,0
7159,241,74,2,queue,treatment_wait_begins,346.037960484565,,1,30.0,,470,0
7160,243,75,2,queue,treatment_wait_begins,347.69830455805135,,1,31.0,,470,0
7161,245,76,2,queue,treatment_wait_begins,347.94705816407,,1,32.0,,470,0
7162,247,77,2,queue,treatment_wait_begins,352.5711693396838,,1,33.0,,470,0
7163,263,79,2,queue,treatment_wait_begins,369.44362432169635,,1,34.0,,470,0
7164,265,80,2,queue,treatment_wait_begins,380.09833875091823,,1,35.0,,470,0
7165,267,81,2,queue,treatment_wait_begins,383.8634124776174,,1,36.0,,470,0
7166,269,82,2,queue,treatment_wait_begins,390.4333827158369,,1,37.0,,470,0
7167,271,83,2,queue,treatment_wait_begins,391.8772976892559,,1,38.0,,470,0
7168,273,84,2,queue,treatment_wait_begins,392.54938394344936,,1,39.0,,470,0
7169,275,85,2,queue,treatment_wait_begins,393.26178810715084,,1,40.0,,470,0
7170,277,86,2,queue,treatment_wait_begins,393.85019969752625,,1,41.0,,470,0
7171,279,87,2,queue,treatment_wait_begins,394.1235652920939,,1,42.0,,470,0
7172,290,88,2,queue,treatment_wait_begins,402.7065312495663,,1,43.0,,470,0
7173,295,89,2,queue,treatment_wait_begins,404.9496062434009,,1,44.0,,470,0
7174,297,90,2,queue,treatment_wait_begins,406.8802625567264,,1,45.0,,470,0
7175,299,91,2,queue,treatment_wait_begins,411.5550592296831,,1,46.0,10.0,470,0
7176,323,35,2,resource_use,treatment_begins,439.54250294568897,3.0,1,1.0,,470,0
7177,326,37,2,resource_use,treatment_begins,443.4502736642007,4.0,1,2.0,,470,0
7178,329,38,2,resource_use,treatment_begins,445.56898722159673,1.0,1,3.0,,470,0
7179,336,101,1,resource_use,treatment_begins,468.8051197255543,2.0,1,4.0,,470,10
7180,120,39,2,queue,treatment_wait_begins,161.80046723046223,,1,1.0,,472,0
7181,127,41,2,queue,treatment_wait_begins,167.67977668606895,,1,2.0,,472,0
7182,129,42,2,queue,treatment_wait_begins,174.34828881122837,,1,3.0,,472,0
7183,133,44,2,queue,treatment_wait_begins,186.72302338228388,,1,4.0,,472,0
7184,135,45,2,queue,treatment_wait_begins,187.08816512218607,,1,5.0,,472,0
7185,140,46,2,queue,treatment_wait_begins,192.75850263079985,,1,6.0,,472,0
7186,148,47,2,queue,treatment_wait_begins,199.5301925701257,,1,7.0,,472,0
7187,153,48,2,queue,treatment_wait_begins,205.14039082741283,,1,8.0,,472,0
7188,155,49,2,queue,treatment_wait_begins,206.54063642859495,,1,9.0,,472,0
7189,157,50,2,queue,treatment_wait_begins,208.1453173837751,,1,10.0,,472,0
7190,159,51,2,queue,treatment_wait_begins,208.9739969202831,,1,11.0,,472,0
7191,161,52,2,queue,treatment_wait_begins,210.74581448374042,,1,12.0,,472,0
7192,163,53,2,queue,treatment_wait_begins,210.85151326578935,,1,13.0,,472,0
7193,165,54,2,queue,treatment_wait_begins,211.68829524636791,,1,14.0,,472,0
7194,167,55,2,queue,treatment_wait_begins,218.2635794691037,,1,15.0,,472,0
7195,181,56,2,queue,treatment_wait_begins,238.24236082502787,,1,16.0,,472,0
7196,185,58,2,queue,treatment_wait_begins,242.4802497949752,,1,17.0,,472,0
7197,187,59,2,queue,treatment_wait_begins,244.4690310645114,,1,18.0,,472,0
7198,189,60,2,queue,treatment_wait_begins,246.27574217918595,,1,19.0,,472,0
7199,193,62,2,queue,treatment_wait_begins,252.340535869662,,1,20.0,,472,0
7200,195,63,2,queue,treatment_wait_begins,259.21978013724924,,1,21.0,,472,0
7201,197,64,2,queue,treatment_wait_begins,266.7588257904633,,1,22.0,,472,0
7202,211,65,2,queue,treatment_wait_begins,293.3082397692622,,1,23.0,,472,0
7203,213,66,2,queue,treatment_wait_begins,303.841540943146,,1,24.0,,472,0
7204,215,67,2,queue,treatment_wait_begins,312.06587014562393,,1,25.0,,472,0
7205,226,68,2,queue,treatment_wait_begins,317.28332755550696,,1,26.0,,472,0
7206,228,69,2,queue,treatment_wait_begins,320.2459485503109,,1,27.0,,472,0
7207,230,70,2,queue,treatment_wait_begins,320.46821633167013,,1,28.0,,472,0
7208,235,71,2,queue,treatment_wait_begins,325.25123026577114,,1,29.0,,472,0
7209,241,74,2,queue,treatment_wait_begins,346.037960484565,,1,30.0,,472,0
7210,243,75,2,queue,treatment_wait_begins,347.69830455805135,,1,31.0,,472,0
7211,245,76,2,queue,treatment_wait_begins,347.94705816407,,1,32.0,,472,0
7212,247,77,2,queue,treatment_wait_begins,352.5711693396838,,1,33.0,,472,0
7213,263,79,2,queue,treatment_wait_begins,369.44362432169635,,1,34.0,,472,0
7214,265,80,2,queue,treatment_wait_begins,380.09833875091823,,1,35.0,,472,0
7215,267,81,2,queue,treatment_wait_begins,383.8634124776174,,1,36.0,,472,0
7216,269,82,2,queue,treatment_wait_begins,390.4333827158369,,1,37.0,,472,0
7217,271,83,2,queue,treatment_wait_begins,391.8772976892559,,1,38.0,,472,0
7218,273,84,2,queue,treatment_wait_begins,392.54938394344936,,1,39.0,,472,0
7219,275,85,2,queue,treatment_wait_begins,393.26178810715084,,1,40.0,,472,0
7220,277,86,2,queue,treatment_wait_begins,393.85019969752625,,1,41.0,,472,0
7221,279,87,2,queue,treatment_wait_begins,394.1235652920939,,1,42.0,,472,0
7222,290,88,2,queue,treatment_wait_begins,402.7065312495663,,1,43.0,,472,0
7223,295,89,2,queue,treatment_wait_begins,404.9496062434009,,1,44.0,,472,0
7224,297,90,2,queue,treatment_wait_begins,406.8802625567264,,1,45.0,,472,0
7225,299,91,2,queue,treatment_wait_begins,411.5550592296831,,1,46.0,10.0,472,0
7226,323,35,2,resource_use,treatment_begins,439.54250294568897,3.0,1,1.0,,472,0
7227,326,37,2,resource_use,treatment_begins,443.4502736642007,4.0,1,2.0,,472,0
7228,329,38,2,resource_use,treatment_begins,445.56898722159673,1.0,1,3.0,,472,0
7229,336,101,1,resource_use,treatment_begins,468.8051197255543,2.0,1,4.0,,472,0
7230,120,39,2,queue,treatment_wait_begins,161.80046723046223,,1,1.0,,474,0
7231,127,41,2,queue,treatment_wait_begins,167.67977668606895,,1,2.0,,474,0
7232,129,42,2,queue,treatment_wait_begins,174.34828881122837,,1,3.0,,474,0
7233,133,44,2,queue,treatment_wait_begins,186.72302338228388,,1,4.0,,474,0
7234,135,45,2,queue,treatment_wait_begins,187.08816512218607,,1,5.0,,474,0
7235,140,46,2,queue,treatment_wait_begins,192.75850263079985,,1,6.0,,474,0
7236,148,47,2,queue,treatment_wait_begins,199.5301925701257,,1,7.0,,474,0
7237,153,48,2,queue,treatment_wait_begins,205.14039082741283,,1,8.0,,474,0
7238,155,49,2,queue,treatment_wait_begins,206.54063642859495,,1,9.0,,474,0
7239,157,50,2,queue,treatment_wait_begins,208.1453173837751,,1,10.0,,474,0
7240,159,51,2,queue,treatment_wait_begins,208.9739969202831,,1,11.0,,474,0
7241,161,52,2,queue,treatment_wait_begins,210.74581448374042,,1,12.0,,474,0
7242,163,53,2,queue,treatment_wait_begins,210.85151326578935,,1,13.0,,474,0
7243,165,54,2,queue,treatment_wait_begins,211.68829524636791,,1,14.0,,474,0
7244,167,55,2,queue,treatment_wait_begins,218.2635794691037,,1,15.0,,474,0
7245,181,56,2,queue,treatment_wait_begins,238.24236082502787,,1,16.0,,474,0
7246,185,58,2,queue,treatment_wait_begins,242.4802497949752,,1,17.0,,474,0
7247,187,59,2,queue,treatment_wait_begins,244.4690310645114,,1,18.0,,474,0
7248,189,60,2,queue,treatment_wait_begins,246.27574217918595,,1,19.0,,474,0
7249,193,62,2,queue,treatment_wait_begins,252.340535869662,,1,20.0,,474,0
7250,195,63,2,queue,treatment_wait_begins,259.21978013724924,,1,21.0,,474,0
7251,197,64,2,queue,treatment_wait_begins,266.7588257904633,,1,22.0,,474,0
7252,211,65,2,queue,treatment_wait_begins,293.3082397692622,,1,23.0,,474,0
7253,213,66,2,queue,treatment_wait_begins,303.841540943146,,1,24.0,,474,0
7254,215,67,2,queue,treatment_wait_begins,312.06587014562393,,1,25.0,,474,0
7255,226,68,2,queue,treatment_wait_begins,317.28332755550696,,1,26.0,,474,0
7256,228,69,2,queue,treatment_wait_begins,320.2459485503109,,1,27.0,,474,0
7257,230,70,2,queue,treatment_wait_begins,320.46821633167013,,1,28.0,,474,0
7258,235,71,2,queue,treatment_wait_begins,325.25123026577114,,1,29.0,,474,0
7259,241,74,2,queue,treatment_wait_begins,346.037960484565,,1,30.0,,474,0
7260,243,75,2,queue,treatment_wait_begins,347.69830455805135,,1,31.0,,474,0
7261,245,76,2,queue,treatment_wait_begins,347.94705816407,,1,32.0,,474,0
7262,247,77,2,queue,treatment_wait_begins,352.5711693396838,,1,33.0,,474,0
7263,263,79,2,queue,treatment_wait_begins,369.44362432169635,,1,34.0,,474,0
7264,265,80,2,queue,treatment_wait_begins,380.09833875091823,,1,35.0,,474,0
7265,267,81,2,queue,treatment_wait_begins,383.8634124776174,,1,36.0,,474,0
7266,269,82,2,queue,treatment_wait_begins,390.4333827158369,,1,37.0,,474,0
7267,271,83,2,queue,treatment_wait_begins,391.8772976892559,,1,38.0,,474,0
7268,273,84,2,queue,treatment_wait_begins,392.54938394344936,,1,39.0,,474,0
7269,275,85,2,queue,treatment_wait_begins,393.26178810715084,,1,40.0,,474,0
7270,277,86,2,queue,treatment_wait_begins,393.85019969752625,,1,41.0,,474,0
7271,279,87,2,queue,treatment_wait_begins,394.1235652920939,,1,42.0,,474,0
7272,290,88,2,queue,treatment_wait_begins,402.7065312495663,,1,43.0,,474,0
7273,295,89,2,queue,treatment_wait_begins,404.9496062434009,,1,44.0,,474,0
7274,297,90,2,queue,treatment_wait_begins,406.8802625567264,,1,45.0,,474,0
7275,299,91,2,queue,treatment_wait_begins,411.5550592296831,,1,46.0,10.0,474,0
7276,323,35,2,resource_use,treatment_begins,439.54250294568897,3.0,1,1.0,,474,0
7277,326,37,2,resource_use,treatment_begins,443.4502736642007,4.0,1,2.0,,474,0
7278,329,38,2,resource_use,treatment_begins,445.56898722159673,1.0,1,3.0,,474,0
7279,336,101,1,resource_use,treatment_begins,468.8051197255543,2.0,1,4.0,,474,0
7280,120,39,2,queue,treatment_wait_begins,161.80046723046223,,1,1.0,,476,0
7281,127,41,2,queue,treatment_wait_begins,167.67977668606895,,1,2.0,,476,0
7282,129,42,2,queue,treatment_wait_begins,174.34828881122837,,1,3.0,,476,0
7283,133,44,2,queue,treatment_wait_begins,186.72302338228388,,1,4.0,,476,0
7284,135,45,2,queue,treatment_wait_begins,187.08816512218607,,1,5.0,,476,0
7285,140,46,2,queue,treatment_wait_begins,192.75850263079985,,1,6.0,,476,0
7286,148,47,2,queue,treatment_wait_begins,199.5301925701257,,1,7.0,,476,0
7287,153,48,2,queue,treatment_wait_begins,205.14039082741283,,1,8.0,,476,0
7288,155,49,2,queue,treatment_wait_begins,206.54063642859495,,1,9.0,,476,0
7289,157,50,2,queue,treatment_wait_begins,208.1453173837751,,1,10.0,,476,0
7290,159,51,2,queue,treatment_wait_begins,208.9739969202831,,1,11.0,,476,0
7291,161,52,2,queue,treatment_wait_begins,210.74581448374042,,1,12.0,,476,0
7292,163,53,2,queue,treatment_wait_begins,210.85151326578935,,1,13.0,,476,0
7293,165,54,2,queue,treatment_wait_begins,211.68829524636791,,1,14.0,,476,0
7294,167,55,2,queue,treatment_wait_begins,218.2635794691037,,1,15.0,,476,0
7295,181,56,2,queue,treatment_wait_begins,238.24236082502787,,1,16.0,,476,0
7296,185,58,2,queue,treatment_wait_begins,242.4802497949752,,1,17.0,,476,0
7297,187,59,2,queue,treatment_wait_begins,244.4690310645114,,1,18.0,,476,0
7298,189,60,2,queue,treatment_wait_begins,246.27574217918595,,1,19.0,,476,0
7299,193,62,2,queue,treatment_wait_begins,252.340535869662,,1,20.0,,476,0
7300,195,63,2,queue,treatment_wait_begins,259.21978013724924,,1,21.0,,476,0
7301,197,64,2,queue,treatment_wait_begins,266.7588257904633,,1,22.0,,476,0
7302,211,65,2,queue,treatment_wait_begins,293.3082397692622,,1,23.0,,476,0
7303,213,66,2,queue,treatment_wait_begins,303.841540943146,,1,24.0,,476,0
7304,215,67,2,queue,treatment_wait_begins,312.06587014562393,,1,25.0,,476,0
7305,226,68,2,queue,treatment_wait_begins,317.28332755550696,,1,26.0,,476,0
7306,228,69,2,queue,treatment_wait_begins,320.2459485503109,,1,27.0,,476,0
7307,230,70,2,queue,treatment_wait_begins,320.46821633167013,,1,28.0,,476,0
7308,235,71,2,queue,treatment_wait_begins,325.25123026577114,,1,29.0,,476,0
7309,241,74,2,queue,treatment_wait_begins,346.037960484565,,1,30.0,,476,0
7310,243,75,2,queue,treatment_wait_begins,347.69830455805135,,1,31.0,,476,0
7311,245,76,2,queue,treatment_wait_begins,347.94705816407,,1,32.0,,476,0
7312,247,77,2,queue,treatment_wait_begins,352.5711693396838,,1,33.0,,476,0
7313,263,79,2,queue,treatment_wait_begins,369.44362432169635,,1,34.0,,476,0
7314,265,80,2,queue,treatment_wait_begins,380.09833875091823,,1,35.0,,476,0
7315,267,81,2,queue,treatment_wait_begins,383.8634124776174,,1,36.0,,476,0
7316,269,82,2,queue,treatment_wait_begins,390.4333827158369,,1,37.0,,476,0
7317,271,83,2,queue,treatment_wait_begins,391.8772976892559,,1,38.0,,476,0
7318,273,84,2,queue,treatment_wait_begins,392.54938394344936,,1,39.0,,476,0
7319,275,85,2,queue,treatment_wait_begins,393.26178810715084,,1,40.0,,476,0
7320,277,86,2,queue,treatment_wait_begins,393.85019969752625,,1,41.0,,476,0
7321,279,87,2,queue,treatment_wait_begins,394.1235652920939,,1,42.0,,476,0
7322,290,88,2,queue,treatment_wait_begins,402.7065312495663,,1,43.0,,476,0
7323,295,89,2,queue,treatment_wait_begins,404.9496062434009,,1,44.0,,476,0
7324,297,90,2,queue,treatment_wait_begins,406.8802625567264,,1,45.0,,476,0
7325,299,91,2,queue,treatment_wait_begins,411.5550592296831,,1,46.0,10.0,476,0
7326,323,35,2,resource_use,treatment_begins,439.54250294568897,3.0,1,1.0,,476,0
7327,326,37,2,resource_use,treatment_begins,443.4502736642007,4.0,1,2.0,,476,0
7328,329,38,2,resource_use,treatment_begins,445.56898722159673,1.0,1,3.0,,476,0
7329,336,101,1,resource_use,treatment_begins,468.8051197255543,2.0,1,4.0,,476,0
7330,120,39,2,queue,treatment_wait_begins,161.80046723046223,,1,1.0,,478,0
7331,127,41,2,queue,treatment_wait_begins,167.67977668606895,,1,2.0,,478,0
7332,129,42,2,queue,treatment_wait_begins,174.34828881122837,,1,3.0,,478,0
7333,133,44,2,queue,treatment_wait_begins,186.72302338228388,,1,4.0,,478,0
7334,135,45,2,queue,treatment_wait_begins,187.08816512218607,,1,5.0,,478,0
7335,140,46,2,queue,treatment_wait_begins,192.75850263079985,,1,6.0,,478,0
7336,148,47,2,queue,treatment_wait_begins,199.5301925701257,,1,7.0,,478,0
7337,153,48,2,queue,treatment_wait_begins,205.14039082741283,,1,8.0,,478,0
7338,155,49,2,queue,treatment_wait_begins,206.54063642859495,,1,9.0,,478,0
7339,157,50,2,queue,treatment_wait_begins,208.1453173837751,,1,10.0,,478,0
7340,159,51,2,queue,treatment_wait_begins,208.9739969202831,,1,11.0,,478,0
7341,161,52,2,queue,treatment_wait_begins,210.74581448374042,,1,12.0,,478,0
7342,163,53,2,queue,treatment_wait_begins,210.85151326578935,,1,13.0,,478,0
7343,165,54,2,queue,treatment_wait_begins,211.68829524636791,,1,14.0,,478,0
7344,167,55,2,queue,treatment_wait_begins,218.2635794691037,,1,15.0,,478,0
7345,181,56,2,queue,treatment_wait_begins,238.24236082502787,,1,16.0,,478,0
7346,185,58,2,queue,treatment_wait_begins,242.4802497949752,,1,17.0,,478,0
7347,187,59,2,queue,treatment_wait_begins,244.4690310645114,,1,18.0,,478,0
7348,189,60,2,queue,treatment_wait_begins,246.27574217918595,,1,19.0,,478,0
7349,193,62,2,queue,treatment_wait_begins,252.340535869662,,1,20.0,,478,0
7350,195,63,2,queue,treatment_wait_begins,259.21978013724924,,1,21.0,,478,0
7351,197,64,2,queue,treatment_wait_begins,266.7588257904633,,1,22.0,,478,0
7352,211,65,2,queue,treatment_wait_begins,293.3082397692622,,1,23.0,,478,0
7353,213,66,2,queue,treatment_wait_begins,303.841540943146,,1,24.0,,478,0
7354,215,67,2,queue,treatment_wait_begins,312.06587014562393,,1,25.0,,478,0
7355,226,68,2,queue,treatment_wait_begins,317.28332755550696,,1,26.0,,478,0
7356,228,69,2,queue,treatment_wait_begins,320.2459485503109,,1,27.0,,478,0
7357,230,70,2,queue,treatment_wait_begins,320.46821633167013,,1,28.0,,478,0
7358,235,71,2,queue,treatment_wait_begins,325.25123026577114,,1,29.0,,478,0
7359,241,74,2,queue,treatment_wait_begins,346.037960484565,,1,30.0,,478,0
7360,243,75,2,queue,treatment_wait_begins,347.69830455805135,,1,31.0,,478,0
7361,245,76,2,queue,treatment_wait_begins,347.94705816407,,1,32.0,,478,0
7362,247,77,2,queue,treatment_wait_begins,352.5711693396838,,1,33.0,,478,0
7363,263,79,2,queue,treatment_wait_begins,369.44362432169635,,1,34.0,,478,0
7364,265,80,2,queue,treatment_wait_begins,380.09833875091823,,1,35.0,,478,0
7365,267,81,2,queue,treatment_wait_begins,383.8634124776174,,1,36.0,,478,0
7366,269,82,2,queue,treatment_wait_begins,390.4333827158369,,1,37.0,,478,0
7367,271,83,2,queue,treatment_wait_begins,391.8772976892559,,1,38.0,,478,0
7368,273,84,2,queue,treatment_wait_begins,392.54938394344936,,1,39.0,,478,0
7369,275,85,2,queue,treatment_wait_begins,393.26178810715084,,1,40.0,,478,0
7370,277,86,2,queue,treatment_wait_begins,393.85019969752625,,1,41.0,,478,0
7371,279,87,2,queue,treatment_wait_begins,394.1235652920939,,1,42.0,,478,0
7372,290,88,2,queue,treatment_wait_begins,402.7065312495663,,1,43.0,,478,0
7373,295,89,2,queue,treatment_wait_begins,404.9496062434009,,1,44.0,,478,0
7374,297,90,2,queue,treatment_wait_begins,406.8802625567264,,1,45.0,,478,0
7375,299,91,2,queue,treatment_wait_begins,411.5550592296831,,1,46.0,10.0,478,0
7376,323,35,2,resource_use,treatment_begins,439.54250294568897,3.0,1,1.0,,478,0
7377,326,37,2,resource_use,treatment_begins,443.4502736642007,4.0,1,2.0,,478,0
7378,329,38,2,resource_use,treatment_begins,445.56898722159673,1.0,1,3.0,,478,0
7379,336,101,1,resource_use,treatment_begins,468.8051197255543,2.0,1,4.0,,478,0
7380,120,39,2,queue,treatment_wait_begins,161.80046723046223,,1,1.0,,480,0
7381,127,41,2,queue,treatment_wait_begins,167.67977668606895,,1,2.0,,480,0
7382,129,42,2,queue,treatment_wait_begins,174.34828881122837,,1,3.0,,480,0
7383,133,44,2,queue,treatment_wait_begins,186.72302338228388,,1,4.0,,480,0
7384,135,45,2,queue,treatment_wait_begins,187.08816512218607,,1,5.0,,480,0
7385,140,46,2,queue,treatment_wait_begins,192.75850263079985,,1,6.0,,480,0
7386,148,47,2,queue,treatment_wait_begins,199.5301925701257,,1,7.0,,480,0
7387,153,48,2,queue,treatment_wait_begins,205.14039082741283,,1,8.0,,480,0
7388,155,49,2,queue,treatment_wait_begins,206.54063642859495,,1,9.0,,480,0
7389,157,50,2,queue,treatment_wait_begins,208.1453173837751,,1,10.0,,480,0
7390,159,51,2,queue,treatment_wait_begins,208.9739969202831,,1,11.0,,480,0
7391,161,52,2,queue,treatment_wait_begins,210.74581448374042,,1,12.0,,480,0
7392,163,53,2,queue,treatment_wait_begins,210.85151326578935,,1,13.0,,480,0
7393,165,54,2,queue,treatment_wait_begins,211.68829524636791,,1,14.0,,480,0
7394,167,55,2,queue,treatment_wait_begins,218.2635794691037,,1,15.0,,480,0
7395,181,56,2,queue,treatment_wait_begins,238.24236082502787,,1,16.0,,480,0
7396,185,58,2,queue,treatment_wait_begins,242.4802497949752,,1,17.0,,480,0
7397,187,59,2,queue,treatment_wait_begins,244.4690310645114,,1,18.0,,480,0
7398,189,60,2,queue,treatment_wait_begins,246.27574217918595,,1,19.0,,480,0
7399,193,62,2,queue,treatment_wait_begins,252.340535869662,,1,20.0,,480,0
7400,195,63,2,queue,treatment_wait_begins,259.21978013724924,,1,21.0,,480,0
7401,197,64,2,queue,treatment_wait_begins,266.7588257904633,,1,22.0,,480,0
7402,211,65,2,queue,treatment_wait_begins,293.3082397692622,,1,23.0,,480,0
7403,213,66,2,queue,treatment_wait_begins,303.841540943146,,1,24.0,,480,0
7404,215,67,2,queue,treatment_wait_begins,312.06587014562393,,1,25.0,,480,0
7405,226,68,2,queue,treatment_wait_begins,317.28332755550696,,1,26.0,,480,0
7406,228,69,2,queue,treatment_wait_begins,320.2459485503109,,1,27.0,,480,0
7407,230,70,2,queue,treatment_wait_begins,320.46821633167013,,1,28.0,,480,0
7408,235,71,2,queue,treatment_wait_begins,325.25123026577114,,1,29.0,,480,0
7409,241,74,2,queue,treatment_wait_begins,346.037960484565,,1,30.0,,480,0
7410,243,75,2,queue,treatment_wait_begins,347.69830455805135,,1,31.0,,480,0
7411,245,76,2,queue,treatment_wait_begins,347.94705816407,,1,32.0,,480,0
7412,247,77,2,queue,treatment_wait_begins,352.5711693396838,,1,33.0,,480,0
7413,263,79,2,queue,treatment_wait_begins,369.44362432169635,,1,34.0,,480,0
7414,265,80,2,queue,treatment_wait_begins,380.09833875091823,,1,35.0,,480,0
7415,267,81,2,queue,treatment_wait_begins,383.8634124776174,,1,36.0,,480,0
7416,269,82,2,queue,treatment_wait_begins,390.4333827158369,,1,37.0,,480,0
7417,271,83,2,queue,treatment_wait_begins,391.8772976892559,,1,38.0,,480,0
7418,273,84,2,queue,treatment_wait_begins,392.54938394344936,,1,39.0,,480,0
7419,275,85,2,queue,treatment_wait_begins,393.26178810715084,,1,40.0,,480,0
7420,277,86,2,queue,treatment_wait_begins,393.85019969752625,,1,41.0,,480,0
7421,279,87,2,queue,treatment_wait_begins,394.1235652920939,,1,42.0,,480,0
7422,290,88,2,queue,treatment_wait_begins,402.7065312495663,,1,43.0,,480,0
7423,295,89,2,queue,treatment_wait_begins,404.9496062434009,,1,44.0,,480,0
7424,297,90,2,queue,treatment_wait_begins,406.8802625567264,,1,45.0,,480,0
7425,299,91,2,queue,treatment_wait_begins,411.5550592296831,,1,46.0,10.0,480,0
7426,323,35,2,resource_use,treatment_begins,439.54250294568897,3.0,1,1.0,,480,0
7427,326,37,2,resource_use,treatment_begins,443.4502736642007,4.0,1,2.0,,480,0
7428,329,38,2,resource_use,treatment_begins,445.56898722159673,1.0,1,3.0,,480,0
7429,336,101,1,resource_use,treatment_begins,468.8051197255543,2.0,1,4.0,,480,0
7430,120,39,2,queue,treatment_wait_begins,161.80046723046223,,1,1.0,,482,0
7431,127,41,2,queue,treatment_wait_begins,167.67977668606895,,1,2.0,,482,0
7432,129,42,2,queue,treatment_wait_begins,174.34828881122837,,1,3.0,,482,0
7433,133,44,2,queue,treatment_wait_begins,186.72302338228388,,1,4.0,,482,0
7434,135,45,2,queue,treatment_wait_begins,187.08816512218607,,1,5.0,,482,0
7435,140,46,2,queue,treatment_wait_begins,192.75850263079985,,1,6.0,,482,0
7436,148,47,2,queue,treatment_wait_begins,199.5301925701257,,1,7.0,,482,0
7437,153,48,2,queue,treatment_wait_begins,205.14039082741283,,1,8.0,,482,0
7438,155,49,2,queue,treatment_wait_begins,206.54063642859495,,1,9.0,,482,0
7439,157,50,2,queue,treatment_wait_begins,208.1453173837751,,1,10.0,,482,0
7440,159,51,2,queue,treatment_wait_begins,208.9739969202831,,1,11.0,,482,0
7441,161,52,2,queue,treatment_wait_begins,210.74581448374042,,1,12.0,,482,0
7442,163,53,2,queue,treatment_wait_begins,210.85151326578935,,1,13.0,,482,0
7443,165,54,2,queue,treatment_wait_begins,211.68829524636791,,1,14.0,,482,0
7444,167,55,2,queue,treatment_wait_begins,218.2635794691037,,1,15.0,,482,0
7445,181,56,2,queue,treatment_wait_begins,238.24236082502787,,1,16.0,,482,0
7446,185,58,2,queue,treatment_wait_begins,242.4802497949752,,1,17.0,,482,0
7447,187,59,2,queue,treatment_wait_begins,244.4690310645114,,1,18.0,,482,0
7448,189,60,2,queue,treatment_wait_begins,246.27574217918595,,1,19.0,,482,0
7449,193,62,2,queue,treatment_wait_begins,252.340535869662,,1,20.0,,482,0
7450,195,63,2,queue,treatment_wait_begins,259.21978013724924,,1,21.0,,482,0
7451,197,64,2,queue,treatment_wait_begins,266.7588257904633,,1,22.0,,482,0
7452,211,65,2,queue,treatment_wait_begins,293.3082397692622,,1,23.0,,482,0
7453,213,66,2,queue,treatment_wait_begins,303.841540943146,,1,24.0,,482,0
7454,215,67,2,queue,treatment_wait_begins,312.06587014562393,,1,25.0,,482,0
7455,226,68,2,queue,treatment_wait_begins,317.28332755550696,,1,26.0,,482,0
7456,228,69,2,queue,treatment_wait_begins,320.2459485503109,,1,27.0,,482,0
7457,230,70,2,queue,treatment_wait_begins,320.46821633167013,,1,28.0,,482,0
7458,235,71,2,queue,treatment_wait_begins,325.25123026577114,,1,29.0,,482,0
7459,241,74,2,queue,treatment_wait_begins,346.037960484565,,1,30.0,,482,0
7460,243,75,2,queue,treatment_wait_begins,347.69830455805135,,1,31.0,,482,0
7461,245,76,2,queue,treatment_wait_begins,347.94705816407,,1,32.0,,482,0
7462,247,77,2,queue,treatment_wait_begins,352.5711693396838,,1,33.0,,482,0
7463,263,79,2,queue,treatment_wait_begins,369.44362432169635,,1,34.0,,482,0
7464,265,80,2,queue,treatment_wait_begins,380.09833875091823,,1,35.0,,482,0
7465,267,81,2,queue,treatment_wait_begins,383.8634124776174,,1,36.0,,482,0
7466,269,82,2,queue,treatment_wait_begins,390.4333827158369,,1,37.0,,482,0
7467,271,83,2,queue,treatment_wait_begins,391.8772976892559,,1,38.0,,482,0
7468,273,84,2,queue,treatment_wait_begins,392.54938394344936,,1,39.0,,482,0
7469,275,85,2,queue,treatment_wait_begins,393.26178810715084,,1,40.0,,482,0
7470,277,86,2,queue,treatment_wait_begins,393.85019969752625,,1,41.0,,482,0
7471,279,87,2,queue,treatment_wait_begins,394.1235652920939,,1,42.0,,482,0
7472,290,88,2,queue,treatment_wait_begins,402.7065312495663,,1,43.0,,482,0
7473,295,89,2,queue,treatment_wait_begins,404.9496062434009,,1,44.0,,482,0
7474,297,90,2,queue,treatment_wait_begins,406.8802625567264,,1,45.0,,482,0
7475,299,91,2,queue,treatment_wait_begins,411.5550592296831,,1,46.0,10.0,482,0
7476,326,37,2,resource_use,treatment_begins,443.4502736642007,4.0,1,1.0,,482,0
7477,329,38,2,resource_use,treatment_begins,445.56898722159673,1.0,1,2.0,,482,0
7478,336,101,1,resource_use,treatment_begins,468.8051197255543,2.0,1,3.0,,482,0
7479,343,104,1,resource_use,treatment_begins,480.39774410631543,3.0,1,4.0,,482,0
7480,127,41,2,queue,treatment_wait_begins,167.67977668606895,,1,1.0,,484,0
7481,129,42,2,queue,treatment_wait_begins,174.34828881122837,,1,2.0,,484,0
7482,133,44,2,queue,treatment_wait_begins,186.72302338228388,,1,3.0,,484,0
7483,135,45,2,queue,treatment_wait_begins,187.08816512218607,,1,4.0,,484,0
7484,140,46,2,queue,treatment_wait_begins,192.75850263079985,,1,5.0,,484,0
7485,148,47,2,queue,treatment_wait_begins,199.5301925701257,,1,6.0,,484,0
7486,153,48,2,queue,treatment_wait_begins,205.14039082741283,,1,7.0,,484,0
7487,155,49,2,queue,treatment_wait_begins,206.54063642859495,,1,8.0,,484,0
7488,157,50,2,queue,treatment_wait_begins,208.1453173837751,,1,9.0,,484,0
7489,159,51,2,queue,treatment_wait_begins,208.9739969202831,,1,10.0,,484,0
7490,161,52,2,queue,treatment_wait_begins,210.74581448374042,,1,11.0,,484,0
7491,163,53,2,queue,treatment_wait_begins,210.85151326578935,,1,12.0,,484,0
7492,165,54,2,queue,treatment_wait_begins,211.68829524636791,,1,13.0,,484,0
7493,167,55,2,queue,treatment_wait_begins,218.2635794691037,,1,14.0,,484,0
7494,181,56,2,queue,treatment_wait_begins,238.24236082502787,,1,15.0,,484,0
7495,185,58,2,queue,treatment_wait_begins,242.4802497949752,,1,16.0,,484,0
7496,187,59,2,queue,treatment_wait_begins,244.4690310645114,,1,17.0,,484,0
7497,189,60,2,queue,treatment_wait_begins,246.27574217918595,,1,18.0,,484,0
7498,193,62,2,queue,treatment_wait_begins,252.340535869662,,1,19.0,,484,0
7499,195,63,2,queue,treatment_wait_begins,259.21978013724924,,1,20.0,,484,0
7500,197,64,2,queue,treatment_wait_begins,266.7588257904633,,1,21.0,,484,0
7501,211,65,2,queue,treatment_wait_begins,293.3082397692622,,1,22.0,,484,0
7502,213,66,2,queue,treatment_wait_begins,303.841540943146,,1,23.0,,484,0
7503,215,67,2,queue,treatment_wait_begins,312.06587014562393,,1,24.0,,484,0
7504,226,68,2,queue,treatment_wait_begins,317.28332755550696,,1,25.0,,484,0
7505,228,69,2,queue,treatment_wait_begins,320.2459485503109,,1,26.0,,484,0
7506,230,70,2,queue,treatment_wait_begins,320.46821633167013,,1,27.0,,484,0
7507,235,71,2,queue,treatment_wait_begins,325.25123026577114,,1,28.0,,484,0
7508,241,74,2,queue,treatment_wait_begins,346.037960484565,,1,29.0,,484,0
7509,243,75,2,queue,treatment_wait_begins,347.69830455805135,,1,30.0,,484,0
7510,245,76,2,queue,treatment_wait_begins,347.94705816407,,1,31.0,,484,0
7511,247,77,2,queue,treatment_wait_begins,352.5711693396838,,1,32.0,,484,0
7512,263,79,2,queue,treatment_wait_begins,369.44362432169635,,1,33.0,,484,0
7513,265,80,2,queue,treatment_wait_begins,380.09833875091823,,1,34.0,,484,0
7514,267,81,2,queue,treatment_wait_begins,383.8634124776174,,1,35.0,,484,0
7515,269,82,2,queue,treatment_wait_begins,390.4333827158369,,1,36.0,,484,0
7516,271,83,2,queue,treatment_wait_begins,391.8772976892559,,1,37.0,,484,0
7517,273,84,2,queue,treatment_wait_begins,392.54938394344936,,1,38.0,,484,0
7518,275,85,2,queue,treatment_wait_begins,393.26178810715084,,1,39.0,,484,0
7519,277,86,2,queue,treatment_wait_begins,393.85019969752625,,1,40.0,,484,0
7520,279,87,2,queue,treatment_wait_begins,394.1235652920939,,1,41.0,,484,0
7521,290,88,2,queue,treatment_wait_begins,402.7065312495663,,1,42.0,,484,0
7522,295,89,2,queue,treatment_wait_begins,404.9496062434009,,1,43.0,,484,0
7523,297,90,2,queue,treatment_wait_begins,406.8802625567264,,1,44.0,,484,0
7524,299,91,2,queue,treatment_wait_begins,411.5550592296831,,1,45.0,,484,36
7525,303,93,2,queue,treatment_wait_begins,422.0828587162822,,1,46.0,9.0,484,0
7526,329,38,2,resource_use,treatment_begins,445.56898722159673,1.0,1,1.0,,484,0
7527,336,101,1,resource_use,treatment_begins,468.8051197255543,2.0,1,2.0,,484,0
7528,343,104,1,resource_use,treatment_begins,480.39774410631543,3.0,1,3.0,,484,0
7529,346,39,2,resource_use,treatment_begins,483.7222797172585,4.0,1,4.0,,484,0
7530,127,41,2,queue,treatment_wait_begins,167.67977668606895,,1,1.0,,486,0
7531,129,42,2,queue,treatment_wait_begins,174.34828881122837,,1,2.0,,486,0
7532,133,44,2,queue,treatment_wait_begins,186.72302338228388,,1,3.0,,486,0
7533,135,45,2,queue,treatment_wait_begins,187.08816512218607,,1,4.0,,486,0
7534,140,46,2,queue,treatment_wait_begins,192.75850263079985,,1,5.0,,486,0
7535,148,47,2,queue,treatment_wait_begins,199.5301925701257,,1,6.0,,486,0
7536,153,48,2,queue,treatment_wait_begins,205.14039082741283,,1,7.0,,486,0
7537,155,49,2,queue,treatment_wait_begins,206.54063642859495,,1,8.0,,486,0
7538,157,50,2,queue,treatment_wait_begins,208.1453173837751,,1,9.0,,486,0
7539,159,51,2,queue,treatment_wait_begins,208.9739969202831,,1,10.0,,486,0
7540,161,52,2,queue,treatment_wait_begins,210.74581448374042,,1,11.0,,486,0
7541,163,53,2,queue,treatment_wait_begins,210.85151326578935,,1,12.0,,486,0
7542,165,54,2,queue,treatment_wait_begins,211.68829524636791,,1,13.0,,486,0
7543,167,55,2,queue,treatment_wait_begins,218.2635794691037,,1,14.0,,486,0
7544,181,56,2,queue,treatment_wait_begins,238.24236082502787,,1,15.0,,486,0
7545,185,58,2,queue,treatment_wait_begins,242.4802497949752,,1,16.0,,486,0
7546,187,59,2,queue,treatment_wait_begins,244.4690310645114,,1,17.0,,486,0
7547,189,60,2,queue,treatment_wait_begins,246.27574217918595,,1,18.0,,486,0
7548,193,62,2,queue,treatment_wait_begins,252.340535869662,,1,19.0,,486,0
7549,195,63,2,queue,treatment_wait_begins,259.21978013724924,,1,20.0,,486,0
7550,197,64,2,queue,treatment_wait_begins,266.7588257904633,,1,21.0,,486,0
7551,211,65,2,queue,treatment_wait_begins,293.3082397692622,,1,22.0,,486,0
7552,213,66,2,queue,treatment_wait_begins,303.841540943146,,1,23.0,,486,0
7553,215,67,2,queue,treatment_wait_begins,312.06587014562393,,1,24.0,,486,0
7554,226,68,2,queue,treatment_wait_begins,317.28332755550696,,1,25.0,,486,0
7555,228,69,2,queue,treatment_wait_begins,320.2459485503109,,1,26.0,,486,0
7556,230,70,2,queue,treatment_wait_begins,320.46821633167013,,1,27.0,,486,0
7557,235,71,2,queue,treatment_wait_begins,325.25123026577114,,1,28.0,,486,0
7558,241,74,2,queue,treatment_wait_begins,346.037960484565,,1,29.0,,486,0
7559,243,75,2,queue,treatment_wait_begins,347.69830455805135,,1,30.0,,486,0
7560,245,76,2,queue,treatment_wait_begins,347.94705816407,,1,31.0,,486,0
7561,247,77,2,queue,treatment_wait_begins,352.5711693396838,,1,32.0,,486,0
7562,263,79,2,queue,treatment_wait_begins,369.44362432169635,,1,33.0,,486,0
7563,265,80,2,queue,treatment_wait_begins,380.09833875091823,,1,34.0,,486,0
7564,267,81,2,queue,treatment_wait_begins,383.8634124776174,,1,35.0,,486,0
7565,269,82,2,queue,treatment_wait_begins,390.4333827158369,,1,36.0,,486,0
7566,271,83,2,queue,treatment_wait_begins,391.8772976892559,,1,37.0,,486,0
7567,273,84,2,queue,treatment_wait_begins,392.54938394344936,,1,38.0,,486,0
7568,275,85,2,queue,treatment_wait_begins,393.26178810715084,,1,39.0,,486,0
7569,277,86,2,queue,treatment_wait_begins,393.85019969752625,,1,40.0,,486,0
7570,279,87,2,queue,treatment_wait_begins,394.1235652920939,,1,41.0,,486,0
7571,290,88,2,queue,treatment_wait_begins,402.7065312495663,,1,42.0,,486,0
7572,295,89,2,queue,treatment_wait_begins,404.9496062434009,,1,43.0,,486,0
7573,297,90,2,queue,treatment_wait_begins,406.8802625567264,,1,44.0,,486,0
7574,299,91,2,queue,treatment_wait_begins,411.5550592296831,,1,45.0,,486,0
7575,303,93,2,queue,treatment_wait_begins,422.0828587162822,,1,46.0,10.0,486,0
7576,329,38,2,resource_use,treatment_begins,445.56898722159673,1.0,1,1.0,,486,0
7577,336,101,1,resource_use,treatment_begins,468.8051197255543,2.0,1,2.0,,486,0
7578,343,104,1,resource_use,treatment_begins,480.39774410631543,3.0,1,3.0,,486,0
7579,346,39,2,resource_use,treatment_begins,483.7222797172585,4.0,1,4.0,,486,0
7580,129,42,2,queue,treatment_wait_begins,174.34828881122837,,1,1.0,,488,0
7581,133,44,2,queue,treatment_wait_begins,186.72302338228388,,1,2.0,,488,0
7582,135,45,2,queue,treatment_wait_begins,187.08816512218607,,1,3.0,,488,0
7583,140,46,2,queue,treatment_wait_begins,192.75850263079985,,1,4.0,,488,0
7584,148,47,2,queue,treatment_wait_begins,199.5301925701257,,1,5.0,,488,0
7585,153,48,2,queue,treatment_wait_begins,205.14039082741283,,1,6.0,,488,0
7586,155,49,2,queue,treatment_wait_begins,206.54063642859495,,1,7.0,,488,0
7587,157,50,2,queue,treatment_wait_begins,208.1453173837751,,1,8.0,,488,0
7588,159,51,2,queue,treatment_wait_begins,208.9739969202831,,1,9.0,,488,0
7589,161,52,2,queue,treatment_wait_begins,210.74581448374042,,1,10.0,,488,0
7590,163,53,2,queue,treatment_wait_begins,210.85151326578935,,1,11.0,,488,0
7591,165,54,2,queue,treatment_wait_begins,211.68829524636791,,1,12.0,,488,0
7592,167,55,2,queue,treatment_wait_begins,218.2635794691037,,1,13.0,,488,0
7593,181,56,2,queue,treatment_wait_begins,238.24236082502787,,1,14.0,,488,0
7594,185,58,2,queue,treatment_wait_begins,242.4802497949752,,1,15.0,,488,0
7595,187,59,2,queue,treatment_wait_begins,244.4690310645114,,1,16.0,,488,0
7596,189,60,2,queue,treatment_wait_begins,246.27574217918595,,1,17.0,,488,0
7597,193,62,2,queue,treatment_wait_begins,252.340535869662,,1,18.0,,488,0
7598,195,63,2,queue,treatment_wait_begins,259.21978013724924,,1,19.0,,488,0
7599,197,64,2,queue,treatment_wait_begins,266.7588257904633,,1,20.0,,488,0
7600,211,65,2,queue,treatment_wait_begins,293.3082397692622,,1,21.0,,488,0
7601,213,66,2,queue,treatment_wait_begins,303.841540943146,,1,22.0,,488,0
7602,215,67,2,queue,treatment_wait_begins,312.06587014562393,,1,23.0,,488,0
7603,226,68,2,queue,treatment_wait_begins,317.28332755550696,,1,24.0,,488,0
7604,228,69,2,queue,treatment_wait_begins,320.2459485503109,,1,25.0,,488,0
7605,230,70,2,queue,treatment_wait_begins,320.46821633167013,,1,26.0,,488,0
7606,235,71,2,queue,treatment_wait_begins,325.25123026577114,,1,27.0,,488,0
7607,241,74,2,queue,treatment_wait_begins,346.037960484565,,1,28.0,,488,0
7608,243,75,2,queue,treatment_wait_begins,347.69830455805135,,1,29.0,,488,0
7609,245,76,2,queue,treatment_wait_begins,347.94705816407,,1,30.0,,488,0
7610,247,77,2,queue,treatment_wait_begins,352.5711693396838,,1,31.0,,488,0
7611,263,79,2,queue,treatment_wait_begins,369.44362432169635,,1,32.0,,488,0
7612,265,80,2,queue,treatment_wait_begins,380.09833875091823,,1,33.0,,488,0
7613,267,81,2,queue,treatment_wait_begins,383.8634124776174,,1,34.0,,488,0
7614,269,82,2,queue,treatment_wait_begins,390.4333827158369,,1,35.0,,488,0
7615,271,83,2,queue,treatment_wait_begins,391.8772976892559,,1,36.0,,488,0
7616,273,84,2,queue,treatment_wait_begins,392.54938394344936,,1,37.0,,488,0
7617,275,85,2,queue,treatment_wait_begins,393.26178810715084,,1,38.0,,488,0
7618,277,86,2,queue,treatment_wait_begins,393.85019969752625,,1,39.0,,488,0
7619,279,87,2,queue,treatment_wait_begins,394.1235652920939,,1,40.0,,488,0
7620,290,88,2,queue,treatment_wait_begins,402.7065312495663,,1,41.0,,488,0
7621,295,89,2,queue,treatment_wait_begins,404.9496062434009,,1,42.0,,488,0
7622,297,90,2,queue,treatment_wait_begins,406.8802625567264,,1,43.0,,488,0
7623,299,91,2,queue,treatment_wait_begins,411.5550592296831,,1,44.0,,488,0
7624,303,93,2,queue,treatment_wait_begins,422.0828587162822,,1,45.0,,488,32
7625,305,94,2,queue,treatment_wait_begins,428.54263891348444,,1,46.0,9.0,488,0
7626,336,101,1,resource_use,treatment_begins,468.8051197255543,2.0,1,1.0,,488,0
7627,343,104,1,resource_use,treatment_begins,480.39774410631543,3.0,1,2.0,,488,0
7628,346,39,2,resource_use,treatment_begins,483.7222797172585,4.0,1,3.0,,488,0
7629,351,41,2,resource_use,treatment_begins,486.35574841702277,1.0,1,4.0,,488,0
7630,129,42,2,queue,treatment_wait_begins,174.34828881122837,,1,1.0,,490,0
7631,133,44,2,queue,treatment_wait_begins,186.72302338228388,,1,2.0,,490,0
7632,135,45,2,queue,treatment_wait_begins,187.08816512218607,,1,3.0,,490,0
7633,140,46,2,queue,treatment_wait_begins,192.75850263079985,,1,4.0,,490,0
7634,148,47,2,queue,treatment_wait_begins,199.5301925701257,,1,5.0,,490,0
7635,153,48,2,queue,treatment_wait_begins,205.14039082741283,,1,6.0,,490,0
7636,155,49,2,queue,treatment_wait_begins,206.54063642859495,,1,7.0,,490,0
7637,157,50,2,queue,treatment_wait_begins,208.1453173837751,,1,8.0,,490,0
7638,159,51,2,queue,treatment_wait_begins,208.9739969202831,,1,9.0,,490,0
7639,161,52,2,queue,treatment_wait_begins,210.74581448374042,,1,10.0,,490,0
7640,163,53,2,queue,treatment_wait_begins,210.85151326578935,,1,11.0,,490,0
7641,165,54,2,queue,treatment_wait_begins,211.68829524636791,,1,12.0,,490,0
7642,167,55,2,queue,treatment_wait_begins,218.2635794691037,,1,13.0,,490,0
7643,181,56,2,queue,treatment_wait_begins,238.24236082502787,,1,14.0,,490,0
7644,185,58,2,queue,treatment_wait_begins,242.4802497949752,,1,15.0,,490,0
7645,187,59,2,queue,treatment_wait_begins,244.4690310645114,,1,16.0,,490,0
7646,189,60,2,queue,treatment_wait_begins,246.27574217918595,,1,17.0,,490,0
7647,193,62,2,queue,treatment_wait_begins,252.340535869662,,1,18.0,,490,0
7648,195,63,2,queue,treatment_wait_begins,259.21978013724924,,1,19.0,,490,0
7649,197,64,2,queue,treatment_wait_begins,266.7588257904633,,1,20.0,,490,0
7650,211,65,2,queue,treatment_wait_begins,293.3082397692622,,1,21.0,,490,0
7651,213,66,2,queue,treatment_wait_begins,303.841540943146,,1,22.0,,490,0
7652,215,67,2,queue,treatment_wait_begins,312.06587014562393,,1,23.0,,490,0
7653,226,68,2,queue,treatment_wait_begins,317.28332755550696,,1,24.0,,490,0
7654,228,69,2,queue,treatment_wait_begins,320.2459485503109,,1,25.0,,490,0
7655,230,70,2,queue,treatment_wait_begins,320.46821633167013,,1,26.0,,490,0
7656,235,71,2,queue,treatment_wait_begins,325.25123026577114,,1,27.0,,490,0
7657,241,74,2,queue,treatment_wait_begins,346.037960484565,,1,28.0,,490,0
7658,243,75,2,queue,treatment_wait_begins,347.69830455805135,,1,29.0,,490,0
7659,245,76,2,queue,treatment_wait_begins,347.94705816407,,1,30.0,,490,0
7660,247,77,2,queue,treatment_wait_begins,352.5711693396838,,1,31.0,,490,0
7661,263,79,2,queue,treatment_wait_begins,369.44362432169635,,1,32.0,,490,0
7662,265,80,2,queue,treatment_wait_begins,380.09833875091823,,1,33.0,,490,0
7663,267,81,2,queue,treatment_wait_begins,383.8634124776174,,1,34.0,,490,0
7664,269,82,2,queue,treatment_wait_begins,390.4333827158369,,1,35.0,,490,0
7665,271,83,2,queue,treatment_wait_begins,391.8772976892559,,1,36.0,,490,0
7666,273,84,2,queue,treatment_wait_begins,392.54938394344936,,1,37.0,,490,0
7667,275,85,2,queue,treatment_wait_begins,393.26178810715084,,1,38.0,,490,0
7668,277,86,2,queue,treatment_wait_begins,393.85019969752625,,1,39.0,,490,0
7669,279,87,2,queue,treatment_wait_begins,394.1235652920939,,1,40.0,,490,0
7670,290,88,2,queue,treatment_wait_begins,402.7065312495663,,1,41.0,,490,0
7671,295,89,2,queue,treatment_wait_begins,404.9496062434009,,1,42.0,,490,0
7672,297,90,2,queue,treatment_wait_begins,406.8802625567264,,1,43.0,,490,0
7673,299,91,2,queue,treatment_wait_begins,411.5550592296831,,1,44.0,,490,0
7674,303,93,2,queue,treatment_wait_begins,422.0828587162822,,1,45.0,,490,0
7675,305,94,2,queue,treatment_wait_begins,428.54263891348444,,1,46.0,9.0,490,0
7676,336,101,1,resource_use,treatment_begins,468.8051197255543,2.0,1,1.0,,490,0
7677,343,104,1,resource_use,treatment_begins,480.39774410631543,3.0,1,2.0,,490,0
7678,346,39,2,resource_use,treatment_begins,483.7222797172585,4.0,1,3.0,,490,0
7679,351,41,2,resource_use,treatment_begins,486.35574841702277,1.0,1,4.0,,490,0
7680,129,42,2,queue,treatment_wait_begins,174.34828881122837,,1,1.0,,492,0
7681,133,44,2,queue,treatment_wait_begins,186.72302338228388,,1,2.0,,492,0
7682,135,45,2,queue,treatment_wait_begins,187.08816512218607,,1,3.0,,492,0
7683,140,46,2,queue,treatment_wait_begins,192.75850263079985,,1,4.0,,492,0
7684,148,47,2,queue,treatment_wait_begins,199.5301925701257,,1,5.0,,492,0
7685,153,48,2,queue,treatment_wait_begins,205.14039082741283,,1,6.0,,492,0
7686,155,49,2,queue,treatment_wait_begins,206.54063642859495,,1,7.0,,492,0
7687,157,50,2,queue,treatment_wait_begins,208.1453173837751,,1,8.0,,492,0
7688,159,51,2,queue,treatment_wait_begins,208.9739969202831,,1,9.0,,492,0
7689,161,52,2,queue,treatment_wait_begins,210.74581448374042,,1,10.0,,492,0
7690,163,53,2,queue,treatment_wait_begins,210.85151326578935,,1,11.0,,492,0
7691,165,54,2,queue,treatment_wait_begins,211.68829524636791,,1,12.0,,492,0
7692,167,55,2,queue,treatment_wait_begins,218.2635794691037,,1,13.0,,492,0
7693,181,56,2,queue,treatment_wait_begins,238.24236082502787,,1,14.0,,492,0
7694,185,58,2,queue,treatment_wait_begins,242.4802497949752,,1,15.0,,492,0
7695,187,59,2,queue,treatment_wait_begins,244.4690310645114,,1,16.0,,492,0
7696,189,60,2,queue,treatment_wait_begins,246.27574217918595,,1,17.0,,492,0
7697,193,62,2,queue,treatment_wait_begins,252.340535869662,,1,18.0,,492,0
7698,195,63,2,queue,treatment_wait_begins,259.21978013724924,,1,19.0,,492,0
7699,197,64,2,queue,treatment_wait_begins,266.7588257904633,,1,20.0,,492,0
7700,211,65,2,queue,treatment_wait_begins,293.3082397692622,,1,21.0,,492,0
7701,213,66,2,queue,treatment_wait_begins,303.841540943146,,1,22.0,,492,0
7702,215,67,2,queue,treatment_wait_begins,312.06587014562393,,1,23.0,,492,0
7703,226,68,2,queue,treatment_wait_begins,317.28332755550696,,1,24.0,,492,0
7704,228,69,2,queue,treatment_wait_begins,320.2459485503109,,1,25.0,,492,0
7705,230,70,2,queue,treatment_wait_begins,320.46821633167013,,1,26.0,,492,0
7706,235,71,2,queue,treatment_wait_begins,325.25123026577114,,1,27.0,,492,0
7707,241,74,2,queue,treatment_wait_begins,346.037960484565,,1,28.0,,492,0
7708,243,75,2,queue,treatment_wait_begins,347.69830455805135,,1,29.0,,492,0
7709,245,76,2,queue,treatment_wait_begins,347.94705816407,,1,30.0,,492,0
7710,247,77,2,queue,treatment_wait_begins,352.5711693396838,,1,31.0,,492,0
7711,263,79,2,queue,treatment_wait_begins,369.44362432169635,,1,32.0,,492,0
7712,265,80,2,queue,treatment_wait_begins,380.09833875091823,,1,33.0,,492,0
7713,267,81,2,queue,treatment_wait_begins,383.8634124776174,,1,34.0,,492,0
7714,269,82,2,queue,treatment_wait_begins,390.4333827158369,,1,35.0,,492,0
7715,271,83,2,queue,treatment_wait_begins,391.8772976892559,,1,36.0,,492,0
7716,273,84,2,queue,treatment_wait_begins,392.54938394344936,,1,37.0,,492,0
7717,275,85,2,queue,treatment_wait_begins,393.26178810715084,,1,38.0,,492,0
7718,277,86,2,queue,treatment_wait_begins,393.85019969752625,,1,39.0,,492,0
7719,279,87,2,queue,treatment_wait_begins,394.1235652920939,,1,40.0,,492,0
7720,290,88,2,queue,treatment_wait_begins,402.7065312495663,,1,41.0,,492,0
7721,295,89,2,queue,treatment_wait_begins,404.9496062434009,,1,42.0,,492,0
7722,297,90,2,queue,treatment_wait_begins,406.8802625567264,,1,43.0,,492,0
7723,299,91,2,queue,treatment_wait_begins,411.5550592296831,,1,44.0,,492,0
7724,303,93,2,queue,treatment_wait_begins,422.0828587162822,,1,45.0,,492,0
7725,305,94,2,queue,treatment_wait_begins,428.54263891348444,,1,46.0,9.0,492,0
7726,336,101,1,resource_use,treatment_begins,468.8051197255543,2.0,1,1.0,,492,0
7727,343,104,1,resource_use,treatment_begins,480.39774410631543,3.0,1,2.0,,492,0
7728,346,39,2,resource_use,treatment_begins,483.7222797172585,4.0,1,3.0,,492,0
7729,351,41,2,resource_use,treatment_begins,486.35574841702277,1.0,1,4.0,,492,0
7730,129,42,2,queue,treatment_wait_begins,174.34828881122837,,1,1.0,,494,0
7731,133,44,2,queue,treatment_wait_begins,186.72302338228388,,1,2.0,,494,0
7732,135,45,2,queue,treatment_wait_begins,187.08816512218607,,1,3.0,,494,0
7733,140,46,2,queue,treatment_wait_begins,192.75850263079985,,1,4.0,,494,0
7734,148,47,2,queue,treatment_wait_begins,199.5301925701257,,1,5.0,,494,0
7735,153,48,2,queue,treatment_wait_begins,205.14039082741283,,1,6.0,,494,0
7736,155,49,2,queue,treatment_wait_begins,206.54063642859495,,1,7.0,,494,0
7737,157,50,2,queue,treatment_wait_begins,208.1453173837751,,1,8.0,,494,0
7738,159,51,2,queue,treatment_wait_begins,208.9739969202831,,1,9.0,,494,0
7739,161,52,2,queue,treatment_wait_begins,210.74581448374042,,1,10.0,,494,0
7740,163,53,2,queue,treatment_wait_begins,210.85151326578935,,1,11.0,,494,0
7741,165,54,2,queue,treatment_wait_begins,211.68829524636791,,1,12.0,,494,0
7742,167,55,2,queue,treatment_wait_begins,218.2635794691037,,1,13.0,,494,0
7743,181,56,2,queue,treatment_wait_begins,238.24236082502787,,1,14.0,,494,0
7744,185,58,2,queue,treatment_wait_begins,242.4802497949752,,1,15.0,,494,0
7745,187,59,2,queue,treatment_wait_begins,244.4690310645114,,1,16.0,,494,0
7746,189,60,2,queue,treatment_wait_begins,246.27574217918595,,1,17.0,,494,0
7747,193,62,2,queue,treatment_wait_begins,252.340535869662,,1,18.0,,494,0
7748,195,63,2,queue,treatment_wait_begins,259.21978013724924,,1,19.0,,494,0
7749,197,64,2,queue,treatment_wait_begins,266.7588257904633,,1,20.0,,494,0
7750,211,65,2,queue,treatment_wait_begins,293.3082397692622,,1,21.0,,494,0
7751,213,66,2,queue,treatment_wait_begins,303.841540943146,,1,22.0,,494,0
7752,215,67,2,queue,treatment_wait_begins,312.06587014562393,,1,23.0,,494,0
7753,226,68,2,queue,treatment_wait_begins,317.28332755550696,,1,24.0,,494,0
7754,228,69,2,queue,treatment_wait_begins,320.2459485503109,,1,25.0,,494,0
7755,230,70,2,queue,treatment_wait_begins,320.46821633167013,,1,26.0,,494,0
7756,235,71,2,queue,treatment_wait_begins,325.25123026577114,,1,27.0,,494,0
7757,241,74,2,queue,treatment_wait_begins,346.037960484565,,1,28.0,,494,0
7758,243,75,2,queue,treatment_wait_begins,347.69830455805135,,1,29.0,,494,0
7759,245,76,2,queue,treatment_wait_begins,347.94705816407,,1,30.0,,494,0
7760,247,77,2,queue,treatment_wait_begins,352.5711693396838,,1,31.0,,494,0
7761,263,79,2,queue,treatment_wait_begins,369.44362432169635,,1,32.0,,494,0
7762,265,80,2,queue,treatment_wait_begins,380.09833875091823,,1,33.0,,494,0
7763,267,81,2,queue,treatment_wait_begins,383.8634124776174,,1,34.0,,494,0
7764,269,82,2,queue,treatment_wait_begins,390.4333827158369,,1,35.0,,494,0
7765,271,83,2,queue,treatment_wait_begins,391.8772976892559,,1,36.0,,494,0
7766,273,84,2,queue,treatment_wait_begins,392.54938394344936,,1,37.0,,494,0
7767,275,85,2,queue,treatment_wait_begins,393.26178810715084,,1,38.0,,494,0
7768,277,86,2,queue,treatment_wait_begins,393.85019969752625,,1,39.0,,494,0
7769,279,87,2,queue,treatment_wait_begins,394.1235652920939,,1,40.0,,494,0
7770,290,88,2,queue,treatment_wait_begins,402.7065312495663,,1,41.0,,494,0
7771,295,89,2,queue,treatment_wait_begins,404.9496062434009,,1,42.0,,494,0
7772,297,90,2,queue,treatment_wait_begins,406.8802625567264,,1,43.0,,494,0
7773,299,91,2,queue,treatment_wait_begins,411.5550592296831,,1,44.0,,494,0
7774,303,93,2,queue,treatment_wait_begins,422.0828587162822,,1,45.0,,494,0
7775,305,94,2,queue,treatment_wait_begins,428.54263891348444,,1,46.0,9.0,494,0
7776,336,101,1,resource_use,treatment_begins,468.8051197255543,2.0,1,1.0,,494,0
7777,343,104,1,resource_use,treatment_begins,480.39774410631543,3.0,1,2.0,,494,0
7778,346,39,2,resource_use,treatment_begins,483.7222797172585,4.0,1,3.0,,494,0
7779,351,41,2,resource_use,treatment_begins,486.35574841702277,1.0,1,4.0,,494,0
7780,129,42,2,queue,treatment_wait_begins,174.34828881122837,,1,1.0,,496,0
7781,133,44,2,queue,treatment_wait_begins,186.72302338228388,,1,2.0,,496,0
7782,135,45,2,queue,treatment_wait_begins,187.08816512218607,,1,3.0,,496,0
7783,140,46,2,queue,treatment_wait_begins,192.75850263079985,,1,4.0,,496,0
7784,148,47,2,queue,treatment_wait_begins,199.5301925701257,,1,5.0,,496,0
7785,153,48,2,queue,treatment_wait_begins,205.14039082741283,,1,6.0,,496,0
7786,155,49,2,queue,treatment_wait_begins,206.54063642859495,,1,7.0,,496,0
7787,157,50,2,queue,treatment_wait_begins,208.1453173837751,,1,8.0,,496,0
7788,159,51,2,queue,treatment_wait_begins,208.9739969202831,,1,9.0,,496,0
7789,161,52,2,queue,treatment_wait_begins,210.74581448374042,,1,10.0,,496,0
7790,163,53,2,queue,treatment_wait_begins,210.85151326578935,,1,11.0,,496,0
7791,165,54,2,queue,treatment_wait_begins,211.68829524636791,,1,12.0,,496,0
7792,167,55,2,queue,treatment_wait_begins,218.2635794691037,,1,13.0,,496,0
7793,181,56,2,queue,treatment_wait_begins,238.24236082502787,,1,14.0,,496,0
7794,185,58,2,queue,treatment_wait_begins,242.4802497949752,,1,15.0,,496,0
7795,187,59,2,queue,treatment_wait_begins,244.4690310645114,,1,16.0,,496,0
7796,189,60,2,queue,treatment_wait_begins,246.27574217918595,,1,17.0,,496,0
7797,193,62,2,queue,treatment_wait_begins,252.340535869662,,1,18.0,,496,0
7798,195,63,2,queue,treatment_wait_begins,259.21978013724924,,1,19.0,,496,0
7799,197,64,2,queue,treatment_wait_begins,266.7588257904633,,1,20.0,,496,0
7800,211,65,2,queue,treatment_wait_begins,293.3082397692622,,1,21.0,,496,0
7801,213,66,2,queue,treatment_wait_begins,303.841540943146,,1,22.0,,496,0
7802,215,67,2,queue,treatment_wait_begins,312.06587014562393,,1,23.0,,496,0
7803,226,68,2,queue,treatment_wait_begins,317.28332755550696,,1,24.0,,496,0
7804,228,69,2,queue,treatment_wait_begins,320.2459485503109,,1,25.0,,496,0
7805,230,70,2,queue,treatment_wait_begins,320.46821633167013,,1,26.0,,496,0
7806,235,71,2,queue,treatment_wait_begins,325.25123026577114,,1,27.0,,496,0
7807,241,74,2,queue,treatment_wait_begins,346.037960484565,,1,28.0,,496,0
7808,243,75,2,queue,treatment_wait_begins,347.69830455805135,,1,29.0,,496,0
7809,245,76,2,queue,treatment_wait_begins,347.94705816407,,1,30.0,,496,0
7810,247,77,2,queue,treatment_wait_begins,352.5711693396838,,1,31.0,,496,0
7811,263,79,2,queue,treatment_wait_begins,369.44362432169635,,1,32.0,,496,0
7812,265,80,2,queue,treatment_wait_begins,380.09833875091823,,1,33.0,,496,0
7813,267,81,2,queue,treatment_wait_begins,383.8634124776174,,1,34.0,,496,0
7814,269,82,2,queue,treatment_wait_begins,390.4333827158369,,1,35.0,,496,0
7815,271,83,2,queue,treatment_wait_begins,391.8772976892559,,1,36.0,,496,0
7816,273,84,2,queue,treatment_wait_begins,392.54938394344936,,1,37.0,,496,0
7817,275,85,2,queue,treatment_wait_begins,393.26178810715084,,1,38.0,,496,0
7818,277,86,2,queue,treatment_wait_begins,393.85019969752625,,1,39.0,,496,0
7819,279,87,2,queue,treatment_wait_begins,394.1235652920939,,1,40.0,,496,0
7820,290,88,2,queue,treatment_wait_begins,402.7065312495663,,1,41.0,,496,0
7821,295,89,2,queue,treatment_wait_begins,404.9496062434009,,1,42.0,,496,0
7822,297,90,2,queue,treatment_wait_begins,406.8802625567264,,1,43.0,,496,0
7823,299,91,2,queue,treatment_wait_begins,411.5550592296831,,1,44.0,,496,0
7824,303,93,2,queue,treatment_wait_begins,422.0828587162822,,1,45.0,,496,0
7825,305,94,2,queue,treatment_wait_begins,428.54263891348444,,1,46.0,10.0,496,0
7826,336,101,1,resource_use,treatment_begins,468.8051197255543,2.0,1,1.0,,496,0
7827,343,104,1,resource_use,treatment_begins,480.39774410631543,3.0,1,2.0,,496,0
7828,346,39,2,resource_use,treatment_begins,483.7222797172585,4.0,1,3.0,,496,0
7829,351,41,2,resource_use,treatment_begins,486.35574841702277,1.0,1,4.0,,496,0
7830,129,42,2,queue,treatment_wait_begins,174.34828881122837,,1,1.0,,498,0
7831,133,44,2,queue,treatment_wait_begins,186.72302338228388,,1,2.0,,498,0
7832,135,45,2,queue,treatment_wait_begins,187.08816512218607,,1,3.0,,498,0
7833,140,46,2,queue,treatment_wait_begins,192.75850263079985,,1,4.0,,498,0
7834,148,47,2,queue,treatment_wait_begins,199.5301925701257,,1,5.0,,498,0
7835,153,48,2,queue,treatment_wait_begins,205.14039082741283,,1,6.0,,498,0
7836,155,49,2,queue,treatment_wait_begins,206.54063642859495,,1,7.0,,498,0
7837,157,50,2,queue,treatment_wait_begins,208.1453173837751,,1,8.0,,498,0
7838,159,51,2,queue,treatment_wait_begins,208.9739969202831,,1,9.0,,498,0
7839,161,52,2,queue,treatment_wait_begins,210.74581448374042,,1,10.0,,498,0
7840,163,53,2,queue,treatment_wait_begins,210.85151326578935,,1,11.0,,498,0
7841,165,54,2,queue,treatment_wait_begins,211.68829524636791,,1,12.0,,498,0
7842,167,55,2,queue,treatment_wait_begins,218.2635794691037,,1,13.0,,498,0
7843,181,56,2,queue,treatment_wait_begins,238.24236082502787,,1,14.0,,498,0
7844,185,58,2,queue,treatment_wait_begins,242.4802497949752,,1,15.0,,498,0
7845,187,59,2,queue,treatment_wait_begins,244.4690310645114,,1,16.0,,498,0
7846,189,60,2,queue,treatment_wait_begins,246.27574217918595,,1,17.0,,498,0
7847,193,62,2,queue,treatment_wait_begins,252.340535869662,,1,18.0,,498,0
7848,195,63,2,queue,treatment_wait_begins,259.21978013724924,,1,19.0,,498,0
7849,197,64,2,queue,treatment_wait_begins,266.7588257904633,,1,20.0,,498,0
7850,211,65,2,queue,treatment_wait_begins,293.3082397692622,,1,21.0,,498,0
7851,213,66,2,queue,treatment_wait_begins,303.841540943146,,1,22.0,,498,0
7852,215,67,2,queue,treatment_wait_begins,312.06587014562393,,1,23.0,,498,0
7853,226,68,2,queue,treatment_wait_begins,317.28332755550696,,1,24.0,,498,0
7854,228,69,2,queue,treatment_wait_begins,320.2459485503109,,1,25.0,,498,0
7855,230,70,2,queue,treatment_wait_begins,320.46821633167013,,1,26.0,,498,0
7856,235,71,2,queue,treatment_wait_begins,325.25123026577114,,1,27.0,,498,0
7857,241,74,2,queue,treatment_wait_begins,346.037960484565,,1,28.0,,498,0
7858,243,75,2,queue,treatment_wait_begins,347.69830455805135,,1,29.0,,498,0
7859,245,76,2,queue,treatment_wait_begins,347.94705816407,,1,30.0,,498,0
7860,247,77,2,queue,treatment_wait_begins,352.5711693396838,,1,31.0,,498,0
7861,263,79,2,queue,treatment_wait_begins,369.44362432169635,,1,32.0,,498,0
7862,265,80,2,queue,treatment_wait_begins,380.09833875091823,,1,33.0,,498,0
7863,267,81,2,queue,treatment_wait_begins,383.8634124776174,,1,34.0,,498,0
7864,269,82,2,queue,treatment_wait_begins,390.4333827158369,,1,35.0,,498,0
7865,271,83,2,queue,treatment_wait_begins,391.8772976892559,,1,36.0,,498,0
7866,273,84,2,queue,treatment_wait_begins,392.54938394344936,,1,37.0,,498,0
7867,275,85,2,queue,treatment_wait_begins,393.26178810715084,,1,38.0,,498,0
7868,277,86,2,queue,treatment_wait_begins,393.85019969752625,,1,39.0,,498,0
7869,279,87,2,queue,treatment_wait_begins,394.1235652920939,,1,40.0,,498,0
7870,290,88,2,queue,treatment_wait_begins,402.7065312495663,,1,41.0,,498,0
7871,295,89,2,queue,treatment_wait_begins,404.9496062434009,,1,42.0,,498,0
7872,297,90,2,queue,treatment_wait_begins,406.8802625567264,,1,43.0,,498,0
7873,299,91,2,queue,treatment_wait_begins,411.5550592296831,,1,44.0,,498,0
7874,303,93,2,queue,treatment_wait_begins,422.0828587162822,,1,45.0,,498,0
7875,305,94,2,queue,treatment_wait_begins,428.54263891348444,,1,46.0,10.0,498,0
7876,336,101,1,resource_use,treatment_begins,468.8051197255543,2.0,1,1.0,,498,0
7877,343,104,1,resource_use,treatment_begins,480.39774410631543,3.0,1,2.0,,498,0
7878,346,39,2,resource_use,treatment_begins,483.7222797172585,4.0,1,3.0,,498,0
7879,351,41,2,resource_use,treatment_begins,486.35574841702277,1.0,1,4.0,,498,0
7880,129,42,2,queue,treatment_wait_begins,174.34828881122837,,1,1.0,,500,0
7881,133,44,2,queue,treatment_wait_begins,186.72302338228388,,1,2.0,,500,0
7882,135,45,2,queue,treatment_wait_begins,187.08816512218607,,1,3.0,,500,0
7883,140,46,2,queue,treatment_wait_begins,192.75850263079985,,1,4.0,,500,0
7884,148,47,2,queue,treatment_wait_begins,199.5301925701257,,1,5.0,,500,0
7885,153,48,2,queue,treatment_wait_begins,205.14039082741283,,1,6.0,,500,0
7886,155,49,2,queue,treatment_wait_begins,206.54063642859495,,1,7.0,,500,0
7887,157,50,2,queue,treatment_wait_begins,208.1453173837751,,1,8.0,,500,0
7888,159,51,2,queue,treatment_wait_begins,208.9739969202831,,1,9.0,,500,0
7889,161,52,2,queue,treatment_wait_begins,210.74581448374042,,1,10.0,,500,0
7890,163,53,2,queue,treatment_wait_begins,210.85151326578935,,1,11.0,,500,0
7891,165,54,2,queue,treatment_wait_begins,211.68829524636791,,1,12.0,,500,0
7892,167,55,2,queue,treatment_wait_begins,218.2635794691037,,1,13.0,,500,0
7893,181,56,2,queue,treatment_wait_begins,238.24236082502787,,1,14.0,,500,0
7894,185,58,2,queue,treatment_wait_begins,242.4802497949752,,1,15.0,,500,0
7895,187,59,2,queue,treatment_wait_begins,244.4690310645114,,1,16.0,,500,0
7896,189,60,2,queue,treatment_wait_begins,246.27574217918595,,1,17.0,,500,0
7897,193,62,2,queue,treatment_wait_begins,252.340535869662,,1,18.0,,500,0
7898,195,63,2,queue,treatment_wait_begins,259.21978013724924,,1,19.0,,500,0
7899,197,64,2,queue,treatment_wait_begins,266.7588257904633,,1,20.0,,500,0
7900,211,65,2,queue,treatment_wait_begins,293.3082397692622,,1,21.0,,500,0
7901,213,66,2,queue,treatment_wait_begins,303.841540943146,,1,22.0,,500,0
7902,215,67,2,queue,treatment_wait_begins,312.06587014562393,,1,23.0,,500,0
7903,226,68,2,queue,treatment_wait_begins,317.28332755550696,,1,24.0,,500,0
7904,228,69,2,queue,treatment_wait_begins,320.2459485503109,,1,25.0,,500,0
7905,230,70,2,queue,treatment_wait_begins,320.46821633167013,,1,26.0,,500,0
7906,235,71,2,queue,treatment_wait_begins,325.25123026577114,,1,27.0,,500,0
7907,241,74,2,queue,treatment_wait_begins,346.037960484565,,1,28.0,,500,0
7908,243,75,2,queue,treatment_wait_begins,347.69830455805135,,1,29.0,,500,0
7909,245,76,2,queue,treatment_wait_begins,347.94705816407,,1,30.0,,500,0
7910,247,77,2,queue,treatment_wait_begins,352.5711693396838,,1,31.0,,500,0
7911,263,79,2,queue,treatment_wait_begins,369.44362432169635,,1,32.0,,500,0
7912,265,80,2,queue,treatment_wait_begins,380.09833875091823,,1,33.0,,500,0
7913,267,81,2,queue,treatment_wait_begins,383.8634124776174,,1,34.0,,500,0
7914,269,82,2,queue,treatment_wait_begins,390.4333827158369,,1,35.0,,500,0
7915,271,83,2,queue,treatment_wait_begins,391.8772976892559,,1,36.0,,500,0
7916,273,84,2,queue,treatment_wait_begins,392.54938394344936,,1,37.0,,500,0
7917,275,85,2,queue,treatment_wait_begins,393.26178810715084,,1,38.0,,500,0
7918,277,86,2,queue,treatment_wait_begins,393.85019969752625,,1,39.0,,500,0
7919,279,87,2,queue,treatment_wait_begins,394.1235652920939,,1,40.0,,500,0
7920,290,88,2,queue,treatment_wait_begins,402.7065312495663,,1,41.0,,500,0
7921,295,89,2,queue,treatment_wait_begins,404.9496062434009,,1,42.0,,500,0
7922,297,90,2,queue,treatment_wait_begins,406.8802625567264,,1,43.0,,500,0
7923,299,91,2,queue,treatment_wait_begins,411.5550592296831,,1,44.0,,500,0
7924,303,93,2,queue,treatment_wait_begins,422.0828587162822,,1,45.0,,500,0
7925,305,94,2,queue,treatment_wait_begins,428.54263891348444,,1,46.0,11.0,500,0
7926,336,101,1,resource_use,treatment_begins,468.8051197255543,2.0,1,1.0,,500,0
7927,343,104,1,resource_use,treatment_begins,480.39774410631543,3.0,1,2.0,,500,0
7928,346,39,2,resource_use,treatment_begins,483.7222797172585,4.0,1,3.0,,500,0
7929,351,41,2,resource_use,treatment_begins,486.35574841702277,1.0,1,4.0,,500,0
7930,129,42,2,queue,treatment_wait_begins,174.34828881122837,,1,1.0,,502,0
7931,133,44,2,queue,treatment_wait_begins,186.72302338228388,,1,2.0,,502,0
7932,135,45,2,queue,treatment_wait_begins,187.08816512218607,,1,3.0,,502,0
7933,140,46,2,queue,treatment_wait_begins,192.75850263079985,,1,4.0,,502,0
7934,148,47,2,queue,treatment_wait_begins,199.5301925701257,,1,5.0,,502,0
7935,153,48,2,queue,treatment_wait_begins,205.14039082741283,,1,6.0,,502,0
7936,155,49,2,queue,treatment_wait_begins,206.54063642859495,,1,7.0,,502,0
7937,157,50,2,queue,treatment_wait_begins,208.1453173837751,,1,8.0,,502,0
7938,159,51,2,queue,treatment_wait_begins,208.9739969202831,,1,9.0,,502,0
7939,161,52,2,queue,treatment_wait_begins,210.74581448374042,,1,10.0,,502,0
7940,163,53,2,queue,treatment_wait_begins,210.85151326578935,,1,11.0,,502,0
7941,165,54,2,queue,treatment_wait_begins,211.68829524636791,,1,12.0,,502,0
7942,167,55,2,queue,treatment_wait_begins,218.2635794691037,,1,13.0,,502,0
7943,181,56,2,queue,treatment_wait_begins,238.24236082502787,,1,14.0,,502,0
7944,185,58,2,queue,treatment_wait_begins,242.4802497949752,,1,15.0,,502,0
7945,187,59,2,queue,treatment_wait_begins,244.4690310645114,,1,16.0,,502,0
7946,189,60,2,queue,treatment_wait_begins,246.27574217918595,,1,17.0,,502,0
7947,193,62,2,queue,treatment_wait_begins,252.340535869662,,1,18.0,,502,0
7948,195,63,2,queue,treatment_wait_begins,259.21978013724924,,1,19.0,,502,0
7949,197,64,2,queue,treatment_wait_begins,266.7588257904633,,1,20.0,,502,0
7950,211,65,2,queue,treatment_wait_begins,293.3082397692622,,1,21.0,,502,0
7951,213,66,2,queue,treatment_wait_begins,303.841540943146,,1,22.0,,502,0
7952,215,67,2,queue,treatment_wait_begins,312.06587014562393,,1,23.0,,502,0
7953,226,68,2,queue,treatment_wait_begins,317.28332755550696,,1,24.0,,502,0
7954,228,69,2,queue,treatment_wait_begins,320.2459485503109,,1,25.0,,502,0
7955,230,70,2,queue,treatment_wait_begins,320.46821633167013,,1,26.0,,502,0
7956,235,71,2,queue,treatment_wait_begins,325.25123026577114,,1,27.0,,502,0
7957,241,74,2,queue,treatment_wait_begins,346.037960484565,,1,28.0,,502,0
7958,243,75,2,queue,treatment_wait_begins,347.69830455805135,,1,29.0,,502,0
7959,245,76,2,queue,treatment_wait_begins,347.94705816407,,1,30.0,,502,0
7960,247,77,2,queue,treatment_wait_begins,352.5711693396838,,1,31.0,,502,0
7961,263,79,2,queue,treatment_wait_begins,369.44362432169635,,1,32.0,,502,0
7962,265,80,2,queue,treatment_wait_begins,380.09833875091823,,1,33.0,,502,0
7963,267,81,2,queue,treatment_wait_begins,383.8634124776174,,1,34.0,,502,0
7964,269,82,2,queue,treatment_wait_begins,390.4333827158369,,1,35.0,,502,0
7965,271,83,2,queue,treatment_wait_begins,391.8772976892559,,1,36.0,,502,0
7966,273,84,2,queue,treatment_wait_begins,392.54938394344936,,1,37.0,,502,0
7967,275,85,2,queue,treatment_wait_begins,393.26178810715084,,1,38.0,,502,0
7968,277,86,2,queue,treatment_wait_begins,393.85019969752625,,1,39.0,,502,0
7969,279,87,2,queue,treatment_wait_begins,394.1235652920939,,1,40.0,,502,0
7970,290,88,2,queue,treatment_wait_begins,402.7065312495663,,1,41.0,,502,0
7971,295,89,2,queue,treatment_wait_begins,404.9496062434009,,1,42.0,,502,0
7972,297,90,2,queue,treatment_wait_begins,406.8802625567264,,1,43.0,,502,0
7973,299,91,2,queue,treatment_wait_begins,411.5550592296831,,1,44.0,,502,0
7974,303,93,2,queue,treatment_wait_begins,422.0828587162822,,1,45.0,,502,0
7975,305,94,2,queue,treatment_wait_begins,428.54263891348444,,1,46.0,11.0,502,0
7976,336,101,1,resource_use,treatment_begins,468.8051197255543,2.0,1,1.0,,502,0
7977,343,104,1,resource_use,treatment_begins,480.39774410631543,3.0,1,2.0,,502,0
7978,346,39,2,resource_use,treatment_begins,483.7222797172585,4.0,1,3.0,,502,0
7979,351,41,2,resource_use,treatment_begins,486.35574841702277,1.0,1,4.0,,502,0
7980,129,42,2,queue,treatment_wait_begins,174.34828881122837,,1,1.0,,504,0
7981,133,44,2,queue,treatment_wait_begins,186.72302338228388,,1,2.0,,504,0
7982,135,45,2,queue,treatment_wait_begins,187.08816512218607,,1,3.0,,504,0
7983,140,46,2,queue,treatment_wait_begins,192.75850263079985,,1,4.0,,504,0
7984,148,47,2,queue,treatment_wait_begins,199.5301925701257,,1,5.0,,504,0
7985,153,48,2,queue,treatment_wait_begins,205.14039082741283,,1,6.0,,504,0
7986,155,49,2,queue,treatment_wait_begins,206.54063642859495,,1,7.0,,504,0
7987,157,50,2,queue,treatment_wait_begins,208.1453173837751,,1,8.0,,504,0
7988,159,51,2,queue,treatment_wait_begins,208.9739969202831,,1,9.0,,504,0
7989,161,52,2,queue,treatment_wait_begins,210.74581448374042,,1,10.0,,504,0
7990,163,53,2,queue,treatment_wait_begins,210.85151326578935,,1,11.0,,504,0
7991,165,54,2,queue,treatment_wait_begins,211.68829524636791,,1,12.0,,504,0
7992,167,55,2,queue,treatment_wait_begins,218.2635794691037,,1,13.0,,504,0
7993,181,56,2,queue,treatment_wait_begins,238.24236082502787,,1,14.0,,504,0
7994,185,58,2,queue,treatment_wait_begins,242.4802497949752,,1,15.0,,504,0
7995,187,59,2,queue,treatment_wait_begins,244.4690310645114,,1,16.0,,504,0
7996,189,60,2,queue,treatment_wait_begins,246.27574217918595,,1,17.0,,504,0
7997,193,62,2,queue,treatment_wait_begins,252.340535869662,,1,18.0,,504,0
7998,195,63,2,queue,treatment_wait_begins,259.21978013724924,,1,19.0,,504,0
7999,197,64,2,queue,treatment_wait_begins,266.7588257904633,,1,20.0,,504,0
8000,211,65,2,queue,treatment_wait_begins,293.3082397692622,,1,21.0,,504,0
8001,213,66,2,queue,treatment_wait_begins,303.841540943146,,1,22.0,,504,0
8002,215,67,2,queue,treatment_wait_begins,312.06587014562393,,1,23.0,,504,0
8003,226,68,2,queue,treatment_wait_begins,317.28332755550696,,1,24.0,,504,0
8004,228,69,2,queue,treatment_wait_begins,320.2459485503109,,1,25.0,,504,0
8005,230,70,2,queue,treatment_wait_begins,320.46821633167013,,1,26.0,,504,0
8006,235,71,2,queue,treatment_wait_begins,325.25123026577114,,1,27.0,,504,0
8007,241,74,2,queue,treatment_wait_begins,346.037960484565,,1,28.0,,504,0
8008,243,75,2,queue,treatment_wait_begins,347.69830455805135,,1,29.0,,504,0
8009,245,76,2,queue,treatment_wait_begins,347.94705816407,,1,30.0,,504,0
8010,247,77,2,queue,treatment_wait_begins,352.5711693396838,,1,31.0,,504,0
8011,263,79,2,queue,treatment_wait_begins,369.44362432169635,,1,32.0,,504,0
8012,265,80,2,queue,treatment_wait_begins,380.09833875091823,,1,33.0,,504,0
8013,267,81,2,queue,treatment_wait_begins,383.8634124776174,,1,34.0,,504,0
8014,269,82,2,queue,treatment_wait_begins,390.4333827158369,,1,35.0,,504,0
8015,271,83,2,queue,treatment_wait_begins,391.8772976892559,,1,36.0,,504,0
8016,273,84,2,queue,treatment_wait_begins,392.54938394344936,,1,37.0,,504,0
8017,275,85,2,queue,treatment_wait_begins,393.26178810715084,,1,38.0,,504,0
8018,277,86,2,queue,treatment_wait_begins,393.85019969752625,,1,39.0,,504,0
8019,279,87,2,queue,treatment_wait_begins,394.1235652920939,,1,40.0,,504,0
8020,290,88,2,queue,treatment_wait_begins,402.7065312495663,,1,41.0,,504,0
8021,295,89,2,queue,treatment_wait_begins,404.9496062434009,,1,42.0,,504,0
8022,297,90,2,queue,treatment_wait_begins,406.8802625567264,,1,43.0,,504,0
8023,299,91,2,queue,treatment_wait_begins,411.5550592296831,,1,44.0,,504,0
8024,303,93,2,queue,treatment_wait_begins,422.0828587162822,,1,45.0,,504,0
8025,305,94,2,queue,treatment_wait_begins,428.54263891348444,,1,46.0,11.0,504,0
8026,336,101,1,resource_use,treatment_begins,468.8051197255543,2.0,1,1.0,,504,0
8027,343,104,1,resource_use,treatment_begins,480.39774410631543,3.0,1,2.0,,504,0
8028,346,39,2,resource_use,treatment_begins,483.7222797172585,4.0,1,3.0,,504,0
8029,351,41,2,resource_use,treatment_begins,486.35574841702277,1.0,1,4.0,,504,0
8030,129,42,2,queue,treatment_wait_begins,174.34828881122837,,1,1.0,,506,0
8031,133,44,2,queue,treatment_wait_begins,186.72302338228388,,1,2.0,,506,0
8032,135,45,2,queue,treatment_wait_begins,187.08816512218607,,1,3.0,,506,0
8033,140,46,2,queue,treatment_wait_begins,192.75850263079985,,1,4.0,,506,0
8034,148,47,2,queue,treatment_wait_begins,199.5301925701257,,1,5.0,,506,0
8035,153,48,2,queue,treatment_wait_begins,205.14039082741283,,1,6.0,,506,0
8036,155,49,2,queue,treatment_wait_begins,206.54063642859495,,1,7.0,,506,0
8037,157,50,2,queue,treatment_wait_begins,208.1453173837751,,1,8.0,,506,0
8038,159,51,2,queue,treatment_wait_begins,208.9739969202831,,1,9.0,,506,0
8039,161,52,2,queue,treatment_wait_begins,210.74581448374042,,1,10.0,,506,0
8040,163,53,2,queue,treatment_wait_begins,210.85151326578935,,1,11.0,,506,0
8041,165,54,2,queue,treatment_wait_begins,211.68829524636791,,1,12.0,,506,0
8042,167,55,2,queue,treatment_wait_begins,218.2635794691037,,1,13.0,,506,0
8043,181,56,2,queue,treatment_wait_begins,238.24236082502787,,1,14.0,,506,0
8044,185,58,2,queue,treatment_wait_begins,242.4802497949752,,1,15.0,,506,0
8045,187,59,2,queue,treatment_wait_begins,244.4690310645114,,1,16.0,,506,0
8046,189,60,2,queue,treatment_wait_begins,246.27574217918595,,1,17.0,,506,0
8047,193,62,2,queue,treatment_wait_begins,252.340535869662,,1,18.0,,506,0
8048,195,63,2,queue,treatment_wait_begins,259.21978013724924,,1,19.0,,506,0
8049,197,64,2,queue,treatment_wait_begins,266.7588257904633,,1,20.0,,506,0
8050,211,65,2,queue,treatment_wait_begins,293.3082397692622,,1,21.0,,506,0
8051,213,66,2,queue,treatment_wait_begins,303.841540943146,,1,22.0,,506,0
8052,215,67,2,queue,treatment_wait_begins,312.06587014562393,,1,23.0,,506,0
8053,226,68,2,queue,treatment_wait_begins,317.28332755550696,,1,24.0,,506,0
8054,228,69,2,queue,treatment_wait_begins,320.2459485503109,,1,25.0,,506,0
8055,230,70,2,queue,treatment_wait_begins,320.46821633167013,,1,26.0,,506,0
8056,235,71,2,queue,treatment_wait_begins,325.25123026577114,,1,27.0,,506,0
8057,241,74,2,queue,treatment_wait_begins,346.037960484565,,1,28.0,,506,0
8058,243,75,2,queue,treatment_wait_begins,347.69830455805135,,1,29.0,,506,0
8059,245,76,2,queue,treatment_wait_begins,347.94705816407,,1,30.0,,506,0
8060,247,77,2,queue,treatment_wait_begins,352.5711693396838,,1,31.0,,506,0
8061,263,79,2,queue,treatment_wait_begins,369.44362432169635,,1,32.0,,506,0
8062,265,80,2,queue,treatment_wait_begins,380.09833875091823,,1,33.0,,506,0
8063,267,81,2,queue,treatment_wait_begins,383.8634124776174,,1,34.0,,506,0
8064,269,82,2,queue,treatment_wait_begins,390.4333827158369,,1,35.0,,506,0
8065,271,83,2,queue,treatment_wait_begins,391.8772976892559,,1,36.0,,506,0
8066,273,84,2,queue,treatment_wait_begins,392.54938394344936,,1,37.0,,506,0
8067,275,85,2,queue,treatment_wait_begins,393.26178810715084,,1,38.0,,506,0
8068,277,86,2,queue,treatment_wait_begins,393.85019969752625,,1,39.0,,506,0
8069,279,87,2,queue,treatment_wait_begins,394.1235652920939,,1,40.0,,506,0
8070,290,88,2,queue,treatment_wait_begins,402.7065312495663,,1,41.0,,506,0
8071,295,89,2,queue,treatment_wait_begins,404.9496062434009,,1,42.0,,506,0
8072,297,90,2,queue,treatment_wait_begins,406.8802625567264,,1,43.0,,506,0
8073,299,91,2,queue,treatment_wait_begins,411.5550592296831,,1,44.0,,506,0
8074,303,93,2,queue,treatment_wait_begins,422.0828587162822,,1,45.0,,506,0
8075,305,94,2,queue,treatment_wait_begins,428.54263891348444,,1,46.0,13.0,506,0
8076,336,101,1,resource_use,treatment_begins,468.8051197255543,2.0,1,1.0,,506,0
8077,343,104,1,resource_use,treatment_begins,480.39774410631543,3.0,1,2.0,,506,0
8078,346,39,2,resource_use,treatment_begins,483.7222797172585,4.0,1,3.0,,506,0
8079,351,41,2,resource_use,treatment_begins,486.35574841702277,1.0,1,4.0,,506,0
8080,129,42,2,queue,treatment_wait_begins,174.34828881122837,,1,1.0,,508,0
8081,133,44,2,queue,treatment_wait_begins,186.72302338228388,,1,2.0,,508,0
8082,135,45,2,queue,treatment_wait_begins,187.08816512218607,,1,3.0,,508,0
8083,140,46,2,queue,treatment_wait_begins,192.75850263079985,,1,4.0,,508,0
8084,148,47,2,queue,treatment_wait_begins,199.5301925701257,,1,5.0,,508,0
8085,153,48,2,queue,treatment_wait_begins,205.14039082741283,,1,6.0,,508,0
8086,155,49,2,queue,treatment_wait_begins,206.54063642859495,,1,7.0,,508,0
8087,157,50,2,queue,treatment_wait_begins,208.1453173837751,,1,8.0,,508,0
8088,159,51,2,queue,treatment_wait_begins,208.9739969202831,,1,9.0,,508,0
8089,161,52,2,queue,treatment_wait_begins,210.74581448374042,,1,10.0,,508,0
8090,163,53,2,queue,treatment_wait_begins,210.85151326578935,,1,11.0,,508,0
8091,165,54,2,queue,treatment_wait_begins,211.68829524636791,,1,12.0,,508,0
8092,167,55,2,queue,treatment_wait_begins,218.2635794691037,,1,13.0,,508,0
8093,181,56,2,queue,treatment_wait_begins,238.24236082502787,,1,14.0,,508,0
8094,185,58,2,queue,treatment_wait_begins,242.4802497949752,,1,15.0,,508,0
8095,187,59,2,queue,treatment_wait_begins,244.4690310645114,,1,16.0,,508,0
8096,189,60,2,queue,treatment_wait_begins,246.27574217918595,,1,17.0,,508,0
8097,193,62,2,queue,treatment_wait_begins,252.340535869662,,1,18.0,,508,0
8098,195,63,2,queue,treatment_wait_begins,259.21978013724924,,1,19.0,,508,0
8099,197,64,2,queue,treatment_wait_begins,266.7588257904633,,1,20.0,,508,0
8100,211,65,2,queue,treatment_wait_begins,293.3082397692622,,1,21.0,,508,0
8101,213,66,2,queue,treatment_wait_begins,303.841540943146,,1,22.0,,508,0
8102,215,67,2,queue,treatment_wait_begins,312.06587014562393,,1,23.0,,508,0
8103,226,68,2,queue,treatment_wait_begins,317.28332755550696,,1,24.0,,508,0
8104,228,69,2,queue,treatment_wait_begins,320.2459485503109,,1,25.0,,508,0
8105,230,70,2,queue,treatment_wait_begins,320.46821633167013,,1,26.0,,508,0
8106,235,71,2,queue,treatment_wait_begins,325.25123026577114,,1,27.0,,508,0
8107,241,74,2,queue,treatment_wait_begins,346.037960484565,,1,28.0,,508,0
8108,243,75,2,queue,treatment_wait_begins,347.69830455805135,,1,29.0,,508,0
8109,245,76,2,queue,treatment_wait_begins,347.94705816407,,1,30.0,,508,0
8110,247,77,2,queue,treatment_wait_begins,352.5711693396838,,1,31.0,,508,0
8111,263,79,2,queue,treatment_wait_begins,369.44362432169635,,1,32.0,,508,0
8112,265,80,2,queue,treatment_wait_begins,380.09833875091823,,1,33.0,,508,0
8113,267,81,2,queue,treatment_wait_begins,383.8634124776174,,1,34.0,,508,0
8114,269,82,2,queue,treatment_wait_begins,390.4333827158369,,1,35.0,,508,0
8115,271,83,2,queue,treatment_wait_begins,391.8772976892559,,1,36.0,,508,0
8116,273,84,2,queue,treatment_wait_begins,392.54938394344936,,1,37.0,,508,0
8117,275,85,2,queue,treatment_wait_begins,393.26178810715084,,1,38.0,,508,0
8118,277,86,2,queue,treatment_wait_begins,393.85019969752625,,1,39.0,,508,0
8119,279,87,2,queue,treatment_wait_begins,394.1235652920939,,1,40.0,,508,0
8120,290,88,2,queue,treatment_wait_begins,402.7065312495663,,1,41.0,,508,0
8121,295,89,2,queue,treatment_wait_begins,404.9496062434009,,1,42.0,,508,0
8122,297,90,2,queue,treatment_wait_begins,406.8802625567264,,1,43.0,,508,0
8123,299,91,2,queue,treatment_wait_begins,411.5550592296831,,1,44.0,,508,0
8124,303,93,2,queue,treatment_wait_begins,422.0828587162822,,1,45.0,,508,0
8125,305,94,2,queue,treatment_wait_begins,428.54263891348444,,1,46.0,14.0,508,0
8126,336,101,1,resource_use,treatment_begins,468.8051197255543,2.0,1,1.0,,508,0
8127,343,104,1,resource_use,treatment_begins,480.39774410631543,3.0,1,2.0,,508,0
8128,346,39,2,resource_use,treatment_begins,483.7222797172585,4.0,1,3.0,,508,0
8129,351,41,2,resource_use,treatment_begins,486.35574841702277,1.0,1,4.0,,508,0
8130,129,42,2,queue,treatment_wait_begins,174.34828881122837,,1,1.0,,510,0
8131,133,44,2,queue,treatment_wait_begins,186.72302338228388,,1,2.0,,510,0
8132,135,45,2,queue,treatment_wait_begins,187.08816512218607,,1,3.0,,510,0
8133,140,46,2,queue,treatment_wait_begins,192.75850263079985,,1,4.0,,510,0
8134,148,47,2,queue,treatment_wait_begins,199.5301925701257,,1,5.0,,510,0
8135,153,48,2,queue,treatment_wait_begins,205.14039082741283,,1,6.0,,510,0
8136,155,49,2,queue,treatment_wait_begins,206.54063642859495,,1,7.0,,510,0
8137,157,50,2,queue,treatment_wait_begins,208.1453173837751,,1,8.0,,510,0
8138,159,51,2,queue,treatment_wait_begins,208.9739969202831,,1,9.0,,510,0
8139,161,52,2,queue,treatment_wait_begins,210.74581448374042,,1,10.0,,510,0
8140,163,53,2,queue,treatment_wait_begins,210.85151326578935,,1,11.0,,510,0
8141,165,54,2,queue,treatment_wait_begins,211.68829524636791,,1,12.0,,510,0
8142,167,55,2,queue,treatment_wait_begins,218.2635794691037,,1,13.0,,510,0
8143,181,56,2,queue,treatment_wait_begins,238.24236082502787,,1,14.0,,510,0
8144,185,58,2,queue,treatment_wait_begins,242.4802497949752,,1,15.0,,510,0
8145,187,59,2,queue,treatment_wait_begins,244.4690310645114,,1,16.0,,510,0
8146,189,60,2,queue,treatment_wait_begins,246.27574217918595,,1,17.0,,510,0
8147,193,62,2,queue,treatment_wait_begins,252.340535869662,,1,18.0,,510,0
8148,195,63,2,queue,treatment_wait_begins,259.21978013724924,,1,19.0,,510,0
8149,197,64,2,queue,treatment_wait_begins,266.7588257904633,,1,20.0,,510,0
8150,211,65,2,queue,treatment_wait_begins,293.3082397692622,,1,21.0,,510,0
8151,213,66,2,queue,treatment_wait_begins,303.841540943146,,1,22.0,,510,0
8152,215,67,2,queue,treatment_wait_begins,312.06587014562393,,1,23.0,,510,0
8153,226,68,2,queue,treatment_wait_begins,317.28332755550696,,1,24.0,,510,0
8154,228,69,2,queue,treatment_wait_begins,320.2459485503109,,1,25.0,,510,0
8155,230,70,2,queue,treatment_wait_begins,320.46821633167013,,1,26.0,,510,0
8156,235,71,2,queue,treatment_wait_begins,325.25123026577114,,1,27.0,,510,0
8157,241,74,2,queue,treatment_wait_begins,346.037960484565,,1,28.0,,510,0
8158,243,75,2,queue,treatment_wait_begins,347.69830455805135,,1,29.0,,510,0
8159,245,76,2,queue,treatment_wait_begins,347.94705816407,,1,30.0,,510,0
8160,247,77,2,queue,treatment_wait_begins,352.5711693396838,,1,31.0,,510,0
8161,263,79,2,queue,treatment_wait_begins,369.44362432169635,,1,32.0,,510,0
8162,265,80,2,queue,treatment_wait_begins,380.09833875091823,,1,33.0,,510,0
8163,267,81,2,queue,treatment_wait_begins,383.8634124776174,,1,34.0,,510,0
8164,269,82,2,queue,treatment_wait_begins,390.4333827158369,,1,35.0,,510,0
8165,271,83,2,queue,treatment_wait_begins,391.8772976892559,,1,36.0,,510,0
8166,273,84,2,queue,treatment_wait_begins,392.54938394344936,,1,37.0,,510,0
8167,275,85,2,queue,treatment_wait_begins,393.26178810715084,,1,38.0,,510,0
8168,277,86,2,queue,treatment_wait_begins,393.85019969752625,,1,39.0,,510,0
8169,279,87,2,queue,treatment_wait_begins,394.1235652920939,,1,40.0,,510,0
8170,290,88,2,queue,treatment_wait_begins,402.7065312495663,,1,41.0,,510,0
8171,295,89,2,queue,treatment_wait_begins,404.9496062434009,,1,42.0,,510,0
8172,297,90,2,queue,treatment_wait_begins,406.8802625567264,,1,43.0,,510,0
8173,299,91,2,queue,treatment_wait_begins,411.5550592296831,,1,44.0,,510,0
8174,303,93,2,queue,treatment_wait_begins,422.0828587162822,,1,45.0,,510,0
8175,305,94,2,queue,treatment_wait_begins,428.54263891348444,,1,46.0,14.0,510,0
8176,336,101,1,resource_use,treatment_begins,468.8051197255543,2.0,1,1.0,,510,0
8177,343,104,1,resource_use,treatment_begins,480.39774410631543,3.0,1,2.0,,510,0
8178,346,39,2,resource_use,treatment_begins,483.7222797172585,4.0,1,3.0,,510,0
8179,351,41,2,resource_use,treatment_begins,486.35574841702277,1.0,1,4.0,,510,0
8180,129,42,2,queue,treatment_wait_begins,174.34828881122837,,1,1.0,,512,0
8181,133,44,2,queue,treatment_wait_begins,186.72302338228388,,1,2.0,,512,0
8182,135,45,2,queue,treatment_wait_begins,187.08816512218607,,1,3.0,,512,0
8183,140,46,2,queue,treatment_wait_begins,192.75850263079985,,1,4.0,,512,0
8184,148,47,2,queue,treatment_wait_begins,199.5301925701257,,1,5.0,,512,0
8185,153,48,2,queue,treatment_wait_begins,205.14039082741283,,1,6.0,,512,0
8186,155,49,2,queue,treatment_wait_begins,206.54063642859495,,1,7.0,,512,0
8187,157,50,2,queue,treatment_wait_begins,208.1453173837751,,1,8.0,,512,0
8188,159,51,2,queue,treatment_wait_begins,208.9739969202831,,1,9.0,,512,0
8189,161,52,2,queue,treatment_wait_begins,210.74581448374042,,1,10.0,,512,0
8190,163,53,2,queue,treatment_wait_begins,210.85151326578935,,1,11.0,,512,0
8191,165,54,2,queue,treatment_wait_begins,211.68829524636791,,1,12.0,,512,0
8192,167,55,2,queue,treatment_wait_begins,218.2635794691037,,1,13.0,,512,0
8193,181,56,2,queue,treatment_wait_begins,238.24236082502787,,1,14.0,,512,0
8194,185,58,2,queue,treatment_wait_begins,242.4802497949752,,1,15.0,,512,0
8195,187,59,2,queue,treatment_wait_begins,244.4690310645114,,1,16.0,,512,0
8196,189,60,2,queue,treatment_wait_begins,246.27574217918595,,1,17.0,,512,0
8197,193,62,2,queue,treatment_wait_begins,252.340535869662,,1,18.0,,512,0
8198,195,63,2,queue,treatment_wait_begins,259.21978013724924,,1,19.0,,512,0
8199,197,64,2,queue,treatment_wait_begins,266.7588257904633,,1,20.0,,512,0
8200,211,65,2,queue,treatment_wait_begins,293.3082397692622,,1,21.0,,512,0
8201,213,66,2,queue,treatment_wait_begins,303.841540943146,,1,22.0,,512,0
8202,215,67,2,queue,treatment_wait_begins,312.06587014562393,,1,23.0,,512,0
8203,226,68,2,queue,treatment_wait_begins,317.28332755550696,,1,24.0,,512,0
8204,228,69,2,queue,treatment_wait_begins,320.2459485503109,,1,25.0,,512,0
8205,230,70,2,queue,treatment_wait_begins,320.46821633167013,,1,26.0,,512,0
8206,235,71,2,queue,treatment_wait_begins,325.25123026577114,,1,27.0,,512,0
8207,241,74,2,queue,treatment_wait_begins,346.037960484565,,1,28.0,,512,0
8208,243,75,2,queue,treatment_wait_begins,347.69830455805135,,1,29.0,,512,0
8209,245,76,2,queue,treatment_wait_begins,347.94705816407,,1,30.0,,512,0
8210,247,77,2,queue,treatment_wait_begins,352.5711693396838,,1,31.0,,512,0
8211,263,79,2,queue,treatment_wait_begins,369.44362432169635,,1,32.0,,512,0
8212,265,80,2,queue,treatment_wait_begins,380.09833875091823,,1,33.0,,512,0
8213,267,81,2,queue,treatment_wait_begins,383.8634124776174,,1,34.0,,512,0
8214,269,82,2,queue,treatment_wait_begins,390.4333827158369,,1,35.0,,512,0
8215,271,83,2,queue,treatment_wait_begins,391.8772976892559,,1,36.0,,512,0
8216,273,84,2,queue,treatment_wait_begins,392.54938394344936,,1,37.0,,512,0
8217,275,85,2,queue,treatment_wait_begins,393.26178810715084,,1,38.0,,512,0
8218,277,86,2,queue,treatment_wait_begins,393.85019969752625,,1,39.0,,512,0
8219,279,87,2,queue,treatment_wait_begins,394.1235652920939,,1,40.0,,512,0
8220,290,88,2,queue,treatment_wait_begins,402.7065312495663,,1,41.0,,512,0
8221,295,89,2,queue,treatment_wait_begins,404.9496062434009,,1,42.0,,512,0
8222,297,90,2,queue,treatment_wait_begins,406.8802625567264,,1,43.0,,512,0
8223,299,91,2,queue,treatment_wait_begins,411.5550592296831,,1,44.0,,512,0
8224,303,93,2,queue,treatment_wait_begins,422.0828587162822,,1,45.0,,512,0
8225,305,94,2,queue,treatment_wait_begins,428.54263891348444,,1,46.0,14.0,512,0
8226,336,101,1,resource_use,treatment_begins,468.8051197255543,2.0,1,1.0,,512,0
8227,343,104,1,resource_use,treatment_begins,480.39774410631543,3.0,1,2.0,,512,0
8228,346,39,2,resource_use,treatment_begins,483.7222797172585,4.0,1,3.0,,512,0
8229,351,41,2,resource_use,treatment_begins,486.35574841702277,1.0,1,4.0,,512,0
8230,133,44,2,queue,treatment_wait_begins,186.72302338228388,,1,1.0,,514,0
8231,135,45,2,queue,treatment_wait_begins,187.08816512218607,,1,2.0,,514,0
8232,140,46,2,queue,treatment_wait_begins,192.75850263079985,,1,3.0,,514,0
8233,148,47,2,queue,treatment_wait_begins,199.5301925701257,,1,4.0,,514,0
8234,153,48,2,queue,treatment_wait_begins,205.14039082741283,,1,5.0,,514,0
8235,155,49,2,queue,treatment_wait_begins,206.54063642859495,,1,6.0,,514,0
8236,157,50,2,queue,treatment_wait_begins,208.1453173837751,,1,7.0,,514,0
8237,159,51,2,queue,treatment_wait_begins,208.9739969202831,,1,8.0,,514,0
8238,161,52,2,queue,treatment_wait_begins,210.74581448374042,,1,9.0,,514,0
8239,163,53,2,queue,treatment_wait_begins,210.85151326578935,,1,10.0,,514,0
8240,165,54,2,queue,treatment_wait_begins,211.68829524636791,,1,11.0,,514,0
8241,167,55,2,queue,treatment_wait_begins,218.2635794691037,,1,12.0,,514,0
8242,181,56,2,queue,treatment_wait_begins,238.24236082502787,,1,13.0,,514,0
8243,185,58,2,queue,treatment_wait_begins,242.4802497949752,,1,14.0,,514,0
8244,187,59,2,queue,treatment_wait_begins,244.4690310645114,,1,15.0,,514,0
8245,189,60,2,queue,treatment_wait_begins,246.27574217918595,,1,16.0,,514,0
8246,193,62,2,queue,treatment_wait_begins,252.340535869662,,1,17.0,,514,0
8247,195,63,2,queue,treatment_wait_begins,259.21978013724924,,1,18.0,,514,0
8248,197,64,2,queue,treatment_wait_begins,266.7588257904633,,1,19.0,,514,0
8249,211,65,2,queue,treatment_wait_begins,293.3082397692622,,1,20.0,,514,0
8250,213,66,2,queue,treatment_wait_begins,303.841540943146,,1,21.0,,514,0
8251,215,67,2,queue,treatment_wait_begins,312.06587014562393,,1,22.0,,514,0
8252,226,68,2,queue,treatment_wait_begins,317.28332755550696,,1,23.0,,514,0
8253,228,69,2,queue,treatment_wait_begins,320.2459485503109,,1,24.0,,514,0
8254,230,70,2,queue,treatment_wait_begins,320.46821633167013,,1,25.0,,514,0
8255,235,71,2,queue,treatment_wait_begins,325.25123026577114,,1,26.0,,514,0
8256,241,74,2,queue,treatment_wait_begins,346.037960484565,,1,27.0,,514,0
8257,243,75,2,queue,treatment_wait_begins,347.69830455805135,,1,28.0,,514,0
8258,245,76,2,queue,treatment_wait_begins,347.94705816407,,1,29.0,,514,0
8259,247,77,2,queue,treatment_wait_begins,352.5711693396838,,1,30.0,,514,0
8260,263,79,2,queue,treatment_wait_begins,369.44362432169635,,1,31.0,,514,0
8261,265,80,2,queue,treatment_wait_begins,380.09833875091823,,1,32.0,,514,0
8262,267,81,2,queue,treatment_wait_begins,383.8634124776174,,1,33.0,,514,0
8263,269,82,2,queue,treatment_wait_begins,390.4333827158369,,1,34.0,,514,0
8264,271,83,2,queue,treatment_wait_begins,391.8772976892559,,1,35.0,,514,0
8265,273,84,2,queue,treatment_wait_begins,392.54938394344936,,1,36.0,,514,0
8266,275,85,2,queue,treatment_wait_begins,393.26178810715084,,1,37.0,,514,0
8267,277,86,2,queue,treatment_wait_begins,393.85019969752625,,1,38.0,,514,0
8268,279,87,2,queue,treatment_wait_begins,394.1235652920939,,1,39.0,,514,0
8269,290,88,2,queue,treatment_wait_begins,402.7065312495663,,1,40.0,,514,0
8270,295,89,2,queue,treatment_wait_begins,404.9496062434009,,1,41.0,,514,0
8271,297,90,2,queue,treatment_wait_begins,406.8802625567264,,1,42.0,,514,0
8272,299,91,2,queue,treatment_wait_begins,411.5550592296831,,1,43.0,,514,0
8273,303,93,2,queue,treatment_wait_begins,422.0828587162822,,1,44.0,,514,0
8274,305,94,2,queue,treatment_wait_begins,428.54263891348444,,1,45.0,,514,42
8275,307,95,2,queue,treatment_wait_begins,430.18884989348794,,1,46.0,13.0,514,0
8276,343,104,1,resource_use,treatment_begins,480.39774410631543,3.0,1,1.0,,514,0
8277,346,39,2,resource_use,treatment_begins,483.7222797172585,4.0,1,2.0,,514,0
8278,351,41,2,resource_use,treatment_begins,486.35574841702277,1.0,1,3.0,,514,0
8279,364,42,2,resource_use,treatment_begins,513.0453259889181,2.0,1,4.0,,514,0
8280,133,44,2,queue,treatment_wait_begins,186.72302338228388,,1,1.0,,516,0
8281,135,45,2,queue,treatment_wait_begins,187.08816512218607,,1,2.0,,516,0
8282,140,46,2,queue,treatment_wait_begins,192.75850263079985,,1,3.0,,516,0
8283,148,47,2,queue,treatment_wait_begins,199.5301925701257,,1,4.0,,516,0
8284,153,48,2,queue,treatment_wait_begins,205.14039082741283,,1,5.0,,516,0
8285,155,49,2,queue,treatment_wait_begins,206.54063642859495,,1,6.0,,516,0
8286,157,50,2,queue,treatment_wait_begins,208.1453173837751,,1,7.0,,516,0
8287,159,51,2,queue,treatment_wait_begins,208.9739969202831,,1,8.0,,516,0
8288,161,52,2,queue,treatment_wait_begins,210.74581448374042,,1,9.0,,516,0
8289,163,53,2,queue,treatment_wait_begins,210.85151326578935,,1,10.0,,516,0
8290,165,54,2,queue,treatment_wait_begins,211.68829524636791,,1,11.0,,516,0
8291,167,55,2,queue,treatment_wait_begins,218.2635794691037,,1,12.0,,516,0
8292,181,56,2,queue,treatment_wait_begins,238.24236082502787,,1,13.0,,516,0
8293,185,58,2,queue,treatment_wait_begins,242.4802497949752,,1,14.0,,516,0
8294,187,59,2,queue,treatment_wait_begins,244.4690310645114,,1,15.0,,516,0
8295,189,60,2,queue,treatment_wait_begins,246.27574217918595,,1,16.0,,516,0
8296,193,62,2,queue,treatment_wait_begins,252.340535869662,,1,17.0,,516,0
8297,195,63,2,queue,treatment_wait_begins,259.21978013724924,,1,18.0,,516,0
8298,197,64,2,queue,treatment_wait_begins,266.7588257904633,,1,19.0,,516,0
8299,211,65,2,queue,treatment_wait_begins,293.3082397692622,,1,20.0,,516,0
8300,213,66,2,queue,treatment_wait_begins,303.841540943146,,1,21.0,,516,0
8301,215,67,2,queue,treatment_wait_begins,312.06587014562393,,1,22.0,,516,0
8302,226,68,2,queue,treatment_wait_begins,317.28332755550696,,1,23.0,,516,0
8303,228,69,2,queue,treatment_wait_begins,320.2459485503109,,1,24.0,,516,0
8304,230,70,2,queue,treatment_wait_begins,320.46821633167013,,1,25.0,,516,0
8305,235,71,2,queue,treatment_wait_begins,325.25123026577114,,1,26.0,,516,0
8306,241,74,2,queue,treatment_wait_begins,346.037960484565,,1,27.0,,516,0
8307,243,75,2,queue,treatment_wait_begins,347.69830455805135,,1,28.0,,516,0
8308,245,76,2,queue,treatment_wait_begins,347.94705816407,,1,29.0,,516,0
8309,247,77,2,queue,treatment_wait_begins,352.5711693396838,,1,30.0,,516,0
8310,263,79,2,queue,treatment_wait_begins,369.44362432169635,,1,31.0,,516,0
8311,265,80,2,queue,treatment_wait_begins,380.09833875091823,,1,32.0,,516,0
8312,267,81,2,queue,treatment_wait_begins,383.8634124776174,,1,33.0,,516,0
8313,269,82,2,queue,treatment_wait_begins,390.4333827158369,,1,34.0,,516,0
8314,271,83,2,queue,treatment_wait_begins,391.8772976892559,,1,35.0,,516,0
8315,273,84,2,queue,treatment_wait_begins,392.54938394344936,,1,36.0,,516,0
8316,275,85,2,queue,treatment_wait_begins,393.26178810715084,,1,37.0,,516,0
8317,277,86,2,queue,treatment_wait_begins,393.85019969752625,,1,38.0,,516,0
8318,279,87,2,queue,treatment_wait_begins,394.1235652920939,,1,39.0,,516,0
8319,290,88,2,queue,treatment_wait_begins,402.7065312495663,,1,40.0,,516,0
8320,295,89,2,queue,treatment_wait_begins,404.9496062434009,,1,41.0,,516,0
8321,297,90,2,queue,treatment_wait_begins,406.8802625567264,,1,42.0,,516,0
8322,299,91,2,queue,treatment_wait_begins,411.5550592296831,,1,43.0,,516,0
8323,303,93,2,queue,treatment_wait_begins,422.0828587162822,,1,44.0,,516,0
8324,305,94,2,queue,treatment_wait_begins,428.54263891348444,,1,45.0,,516,0
8325,307,95,2,queue,treatment_wait_begins,430.18884989348794,,1,46.0,13.0,516,0
8326,343,104,1,resource_use,treatment_begins,480.39774410631543,3.0,1,1.0,,516,0
8327,346,39,2,resource_use,treatment_begins,483.7222797172585,4.0,1,2.0,,516,0
8328,351,41,2,resource_use,treatment_begins,486.35574841702277,1.0,1,3.0,,516,0
8329,364,42,2,resource_use,treatment_begins,513.0453259889181,2.0,1,4.0,,516,0
8330,133,44,2,queue,treatment_wait_begins,186.72302338228388,,1,1.0,,518,0
8331,135,45,2,queue,treatment_wait_begins,187.08816512218607,,1,2.0,,518,0
8332,140,46,2,queue,treatment_wait_begins,192.75850263079985,,1,3.0,,518,0
8333,148,47,2,queue,treatment_wait_begins,199.5301925701257,,1,4.0,,518,0
8334,153,48,2,queue,treatment_wait_begins,205.14039082741283,,1,5.0,,518,0
8335,155,49,2,queue,treatment_wait_begins,206.54063642859495,,1,6.0,,518,0
8336,157,50,2,queue,treatment_wait_begins,208.1453173837751,,1,7.0,,518,0
8337,159,51,2,queue,treatment_wait_begins,208.9739969202831,,1,8.0,,518,0
8338,161,52,2,queue,treatment_wait_begins,210.74581448374042,,1,9.0,,518,0
8339,163,53,2,queue,treatment_wait_begins,210.85151326578935,,1,10.0,,518,0
8340,165,54,2,queue,treatment_wait_begins,211.68829524636791,,1,11.0,,518,0
8341,167,55,2,queue,treatment_wait_begins,218.2635794691037,,1,12.0,,518,0
8342,181,56,2,queue,treatment_wait_begins,238.24236082502787,,1,13.0,,518,0
8343,185,58,2,queue,treatment_wait_begins,242.4802497949752,,1,14.0,,518,0
8344,187,59,2,queue,treatment_wait_begins,244.4690310645114,,1,15.0,,518,0
8345,189,60,2,queue,treatment_wait_begins,246.27574217918595,,1,16.0,,518,0
8346,193,62,2,queue,treatment_wait_begins,252.340535869662,,1,17.0,,518,0
8347,195,63,2,queue,treatment_wait_begins,259.21978013724924,,1,18.0,,518,0
8348,197,64,2,queue,treatment_wait_begins,266.7588257904633,,1,19.0,,518,0
8349,211,65,2,queue,treatment_wait_begins,293.3082397692622,,1,20.0,,518,0
8350,213,66,2,queue,treatment_wait_begins,303.841540943146,,1,21.0,,518,0
8351,215,67,2,queue,treatment_wait_begins,312.06587014562393,,1,22.0,,518,0
8352,226,68,2,queue,treatment_wait_begins,317.28332755550696,,1,23.0,,518,0
8353,228,69,2,queue,treatment_wait_begins,320.2459485503109,,1,24.0,,518,0
8354,230,70,2,queue,treatment_wait_begins,320.46821633167013,,1,25.0,,518,0
8355,235,71,2,queue,treatment_wait_begins,325.25123026577114,,1,26.0,,518,0
8356,241,74,2,queue,treatment_wait_begins,346.037960484565,,1,27.0,,518,0
8357,243,75,2,queue,treatment_wait_begins,347.69830455805135,,1,28.0,,518,0
8358,245,76,2,queue,treatment_wait_begins,347.94705816407,,1,29.0,,518,0
8359,247,77,2,queue,treatment_wait_begins,352.5711693396838,,1,30.0,,518,0
8360,263,79,2,queue,treatment_wait_begins,369.44362432169635,,1,31.0,,518,0
8361,265,80,2,queue,treatment_wait_begins,380.09833875091823,,1,32.0,,518,0
8362,267,81,2,queue,treatment_wait_begins,383.8634124776174,,1,33.0,,518,0
8363,269,82,2,queue,treatment_wait_begins,390.4333827158369,,1,34.0,,518,0
8364,271,83,2,queue,treatment_wait_begins,391.8772976892559,,1,35.0,,518,0
8365,273,84,2,queue,treatment_wait_begins,392.54938394344936,,1,36.0,,518,0
8366,275,85,2,queue,treatment_wait_begins,393.26178810715084,,1,37.0,,518,0
8367,277,86,2,queue,treatment_wait_begins,393.85019969752625,,1,38.0,,518,0
8368,279,87,2,queue,treatment_wait_begins,394.1235652920939,,1,39.0,,518,0
8369,290,88,2,queue,treatment_wait_begins,402.7065312495663,,1,40.0,,518,0
8370,295,89,2,queue,treatment_wait_begins,404.9496062434009,,1,41.0,,518,0
8371,297,90,2,queue,treatment_wait_begins,406.8802625567264,,1,42.0,,518,0
8372,299,91,2,queue,treatment_wait_begins,411.5550592296831,,1,43.0,,518,0
8373,303,93,2,queue,treatment_wait_begins,422.0828587162822,,1,44.0,,518,0
8374,305,94,2,queue,treatment_wait_begins,428.54263891348444,,1,45.0,,518,0
8375,307,95,2,queue,treatment_wait_begins,430.18884989348794,,1,46.0,14.0,518,0
8376,343,104,1,resource_use,treatment_begins,480.39774410631543,3.0,1,1.0,,518,0
8377,346,39,2,resource_use,treatment_begins,483.7222797172585,4.0,1,2.0,,518,0
8378,351,41,2,resource_use,treatment_begins,486.35574841702277,1.0,1,3.0,,518,0
8379,364,42,2,resource_use,treatment_begins,513.0453259889181,2.0,1,4.0,,518,0
8380,133,44,2,queue,treatment_wait_begins,186.72302338228388,,1,1.0,,520,0
8381,135,45,2,queue,treatment_wait_begins,187.08816512218607,,1,2.0,,520,0
8382,140,46,2,queue,treatment_wait_begins,192.75850263079985,,1,3.0,,520,0
8383,148,47,2,queue,treatment_wait_begins,199.5301925701257,,1,4.0,,520,0
8384,153,48,2,queue,treatment_wait_begins,205.14039082741283,,1,5.0,,520,0
8385,155,49,2,queue,treatment_wait_begins,206.54063642859495,,1,6.0,,520,0
8386,157,50,2,queue,treatment_wait_begins,208.1453173837751,,1,7.0,,520,0
8387,159,51,2,queue,treatment_wait_begins,208.9739969202831,,1,8.0,,520,0
8388,161,52,2,queue,treatment_wait_begins,210.74581448374042,,1,9.0,,520,0
8389,163,53,2,queue,treatment_wait_begins,210.85151326578935,,1,10.0,,520,0
8390,165,54,2,queue,treatment_wait_begins,211.68829524636791,,1,11.0,,520,0
8391,167,55,2,queue,treatment_wait_begins,218.2635794691037,,1,12.0,,520,0
8392,181,56,2,queue,treatment_wait_begins,238.24236082502787,,1,13.0,,520,0
8393,185,58,2,queue,treatment_wait_begins,242.4802497949752,,1,14.0,,520,0
8394,187,59,2,queue,treatment_wait_begins,244.4690310645114,,1,15.0,,520,0
8395,189,60,2,queue,treatment_wait_begins,246.27574217918595,,1,16.0,,520,0
8396,193,62,2,queue,treatment_wait_begins,252.340535869662,,1,17.0,,520,0
8397,195,63,2,queue,treatment_wait_begins,259.21978013724924,,1,18.0,,520,0
8398,197,64,2,queue,treatment_wait_begins,266.7588257904633,,1,19.0,,520,0
8399,211,65,2,queue,treatment_wait_begins,293.3082397692622,,1,20.0,,520,0
8400,213,66,2,queue,treatment_wait_begins,303.841540943146,,1,21.0,,520,0
8401,215,67,2,queue,treatment_wait_begins,312.06587014562393,,1,22.0,,520,0
8402,226,68,2,queue,treatment_wait_begins,317.28332755550696,,1,23.0,,520,0
8403,228,69,2,queue,treatment_wait_begins,320.2459485503109,,1,24.0,,520,0
8404,230,70,2,queue,treatment_wait_begins,320.46821633167013,,1,25.0,,520,0
8405,235,71,2,queue,treatment_wait_begins,325.25123026577114,,1,26.0,,520,0
8406,241,74,2,queue,treatment_wait_begins,346.037960484565,,1,27.0,,520,0
8407,243,75,2,queue,treatment_wait_begins,347.69830455805135,,1,28.0,,520,0
8408,245,76,2,queue,treatment_wait_begins,347.94705816407,,1,29.0,,520,0
8409,247,77,2,queue,treatment_wait_begins,352.5711693396838,,1,30.0,,520,0
8410,263,79,2,queue,treatment_wait_begins,369.44362432169635,,1,31.0,,520,0
8411,265,80,2,queue,treatment_wait_begins,380.09833875091823,,1,32.0,,520,0
8412,267,81,2,queue,treatment_wait_begins,383.8634124776174,,1,33.0,,520,0
8413,269,82,2,queue,treatment_wait_begins,390.4333827158369,,1,34.0,,520,0
8414,271,83,2,queue,treatment_wait_begins,391.8772976892559,,1,35.0,,520,0
8415,273,84,2,queue,treatment_wait_begins,392.54938394344936,,1,36.0,,520,0
8416,275,85,2,queue,treatment_wait_begins,393.26178810715084,,1,37.0,,520,0
8417,277,86,2,queue,treatment_wait_begins,393.85019969752625,,1,38.0,,520,0
8418,279,87,2,queue,treatment_wait_begins,394.1235652920939,,1,39.0,,520,0
8419,290,88,2,queue,treatment_wait_begins,402.7065312495663,,1,40.0,,520,0
8420,295,89,2,queue,treatment_wait_begins,404.9496062434009,,1,41.0,,520,0
8421,297,90,2,queue,treatment_wait_begins,406.8802625567264,,1,42.0,,520,0
8422,299,91,2,queue,treatment_wait_begins,411.5550592296831,,1,43.0,,520,0
8423,303,93,2,queue,treatment_wait_begins,422.0828587162822,,1,44.0,,520,0
8424,305,94,2,queue,treatment_wait_begins,428.54263891348444,,1,45.0,,520,0
8425,307,95,2,queue,treatment_wait_begins,430.18884989348794,,1,46.0,16.0,520,0
8426,343,104,1,resource_use,treatment_begins,480.39774410631543,3.0,1,1.0,,520,0
8427,346,39,2,resource_use,treatment_begins,483.7222797172585,4.0,1,2.0,,520,0
8428,351,41,2,resource_use,treatment_begins,486.35574841702277,1.0,1,3.0,,520,0
8429,364,42,2,resource_use,treatment_begins,513.0453259889181,2.0,1,4.0,,520,0
8430,133,44,2,queue,treatment_wait_begins,186.72302338228388,,1,1.0,,522,0
8431,135,45,2,queue,treatment_wait_begins,187.08816512218607,,1,2.0,,522,0
8432,140,46,2,queue,treatment_wait_begins,192.75850263079985,,1,3.0,,522,0
8433,148,47,2,queue,treatment_wait_begins,199.5301925701257,,1,4.0,,522,0
8434,153,48,2,queue,treatment_wait_begins,205.14039082741283,,1,5.0,,522,0
8435,155,49,2,queue,treatment_wait_begins,206.54063642859495,,1,6.0,,522,0
8436,157,50,2,queue,treatment_wait_begins,208.1453173837751,,1,7.0,,522,0
8437,159,51,2,queue,treatment_wait_begins,208.9739969202831,,1,8.0,,522,0
8438,161,52,2,queue,treatment_wait_begins,210.74581448374042,,1,9.0,,522,0
8439,163,53,2,queue,treatment_wait_begins,210.85151326578935,,1,10.0,,522,0
8440,165,54,2,queue,treatment_wait_begins,211.68829524636791,,1,11.0,,522,0
8441,167,55,2,queue,treatment_wait_begins,218.2635794691037,,1,12.0,,522,0
8442,181,56,2,queue,treatment_wait_begins,238.24236082502787,,1,13.0,,522,0
8443,185,58,2,queue,treatment_wait_begins,242.4802497949752,,1,14.0,,522,0
8444,187,59,2,queue,treatment_wait_begins,244.4690310645114,,1,15.0,,522,0
8445,189,60,2,queue,treatment_wait_begins,246.27574217918595,,1,16.0,,522,0
8446,193,62,2,queue,treatment_wait_begins,252.340535869662,,1,17.0,,522,0
8447,195,63,2,queue,treatment_wait_begins,259.21978013724924,,1,18.0,,522,0
8448,197,64,2,queue,treatment_wait_begins,266.7588257904633,,1,19.0,,522,0
8449,211,65,2,queue,treatment_wait_begins,293.3082397692622,,1,20.0,,522,0
8450,213,66,2,queue,treatment_wait_begins,303.841540943146,,1,21.0,,522,0
8451,215,67,2,queue,treatment_wait_begins,312.06587014562393,,1,22.0,,522,0
8452,226,68,2,queue,treatment_wait_begins,317.28332755550696,,1,23.0,,522,0
8453,228,69,2,queue,treatment_wait_begins,320.2459485503109,,1,24.0,,522,0
8454,230,70,2,queue,treatment_wait_begins,320.46821633167013,,1,25.0,,522,0
8455,235,71,2,queue,treatment_wait_begins,325.25123026577114,,1,26.0,,522,0
8456,241,74,2,queue,treatment_wait_begins,346.037960484565,,1,27.0,,522,0
8457,243,75,2,queue,treatment_wait_begins,347.69830455805135,,1,28.0,,522,0
8458,245,76,2,queue,treatment_wait_begins,347.94705816407,,1,29.0,,522,0
8459,247,77,2,queue,treatment_wait_begins,352.5711693396838,,1,30.0,,522,0
8460,263,79,2,queue,treatment_wait_begins,369.44362432169635,,1,31.0,,522,0
8461,265,80,2,queue,treatment_wait_begins,380.09833875091823,,1,32.0,,522,0
8462,267,81,2,queue,treatment_wait_begins,383.8634124776174,,1,33.0,,522,0
8463,269,82,2,queue,treatment_wait_begins,390.4333827158369,,1,34.0,,522,0
8464,271,83,2,queue,treatment_wait_begins,391.8772976892559,,1,35.0,,522,0
8465,273,84,2,queue,treatment_wait_begins,392.54938394344936,,1,36.0,,522,0
8466,275,85,2,queue,treatment_wait_begins,393.26178810715084,,1,37.0,,522,0
8467,277,86,2,queue,treatment_wait_begins,393.85019969752625,,1,38.0,,522,0
8468,279,87,2,queue,treatment_wait_begins,394.1235652920939,,1,39.0,,522,0
8469,290,88,2,queue,treatment_wait_begins,402.7065312495663,,1,40.0,,522,0
8470,295,89,2,queue,treatment_wait_begins,404.9496062434009,,1,41.0,,522,0
8471,297,90,2,queue,treatment_wait_begins,406.8802625567264,,1,42.0,,522,0
8472,299,91,2,queue,treatment_wait_begins,411.5550592296831,,1,43.0,,522,0
8473,303,93,2,queue,treatment_wait_begins,422.0828587162822,,1,44.0,,522,0
8474,305,94,2,queue,treatment_wait_begins,428.54263891348444,,1,45.0,,522,0
8475,307,95,2,queue,treatment_wait_begins,430.18884989348794,,1,46.0,16.0,522,0
8476,346,39,2,resource_use,treatment_begins,483.7222797172585,4.0,1,1.0,,522,0
8477,351,41,2,resource_use,treatment_begins,486.35574841702277,1.0,1,2.0,,522,0
8478,364,42,2,resource_use,treatment_begins,513.0453259889181,2.0,1,3.0,,522,0
8479,375,113,1,resource_use,treatment_begins,521.2094333460852,3.0,1,4.0,,522,1
8480,133,44,2,queue,treatment_wait_begins,186.72302338228388,,1,1.0,,524,0
8481,135,45,2,queue,treatment_wait_begins,187.08816512218607,,1,2.0,,524,0
8482,140,46,2,queue,treatment_wait_begins,192.75850263079985,,1,3.0,,524,0
8483,148,47,2,queue,treatment_wait_begins,199.5301925701257,,1,4.0,,524,0
8484,153,48,2,queue,treatment_wait_begins,205.14039082741283,,1,5.0,,524,0
8485,155,49,2,queue,treatment_wait_begins,206.54063642859495,,1,6.0,,524,0
8486,157,50,2,queue,treatment_wait_begins,208.1453173837751,,1,7.0,,524,0
8487,159,51,2,queue,treatment_wait_begins,208.9739969202831,,1,8.0,,524,0
8488,161,52,2,queue,treatment_wait_begins,210.74581448374042,,1,9.0,,524,0
8489,163,53,2,queue,treatment_wait_begins,210.85151326578935,,1,10.0,,524,0
8490,165,54,2,queue,treatment_wait_begins,211.68829524636791,,1,11.0,,524,0
8491,167,55,2,queue,treatment_wait_begins,218.2635794691037,,1,12.0,,524,0
8492,181,56,2,queue,treatment_wait_begins,238.24236082502787,,1,13.0,,524,0
8493,185,58,2,queue,treatment_wait_begins,242.4802497949752,,1,14.0,,524,0
8494,187,59,2,queue,treatment_wait_begins,244.4690310645114,,1,15.0,,524,0
8495,189,60,2,queue,treatment_wait_begins,246.27574217918595,,1,16.0,,524,0
8496,193,62,2,queue,treatment_wait_begins,252.340535869662,,1,17.0,,524,0
8497,195,63,2,queue,treatment_wait_begins,259.21978013724924,,1,18.0,,524,0
8498,197,64,2,queue,treatment_wait_begins,266.7588257904633,,1,19.0,,524,0
8499,211,65,2,queue,treatment_wait_begins,293.3082397692622,,1,20.0,,524,0
8500,213,66,2,queue,treatment_wait_begins,303.841540943146,,1,21.0,,524,0
8501,215,67,2,queue,treatment_wait_begins,312.06587014562393,,1,22.0,,524,0
8502,226,68,2,queue,treatment_wait_begins,317.28332755550696,,1,23.0,,524,0
8503,228,69,2,queue,treatment_wait_begins,320.2459485503109,,1,24.0,,524,0
8504,230,70,2,queue,treatment_wait_begins,320.46821633167013,,1,25.0,,524,0
8505,235,71,2,queue,treatment_wait_begins,325.25123026577114,,1,26.0,,524,0
8506,241,74,2,queue,treatment_wait_begins,346.037960484565,,1,27.0,,524,0
8507,243,75,2,queue,treatment_wait_begins,347.69830455805135,,1,28.0,,524,0
8508,245,76,2,queue,treatment_wait_begins,347.94705816407,,1,29.0,,524,0
8509,247,77,2,queue,treatment_wait_begins,352.5711693396838,,1,30.0,,524,0
8510,263,79,2,queue,treatment_wait_begins,369.44362432169635,,1,31.0,,524,0
8511,265,80,2,queue,treatment_wait_begins,380.09833875091823,,1,32.0,,524,0
8512,267,81,2,queue,treatment_wait_begins,383.8634124776174,,1,33.0,,524,0
8513,269,82,2,queue,treatment_wait_begins,390.4333827158369,,1,34.0,,524,0
8514,271,83,2,queue,treatment_wait_begins,391.8772976892559,,1,35.0,,524,0
8515,273,84,2,queue,treatment_wait_begins,392.54938394344936,,1,36.0,,524,0
8516,275,85,2,queue,treatment_wait_begins,393.26178810715084,,1,37.0,,524,0
8517,277,86,2,queue,treatment_wait_begins,393.85019969752625,,1,38.0,,524,0
8518,279,87,2,queue,treatment_wait_begins,394.1235652920939,,1,39.0,,524,0
8519,290,88,2,queue,treatment_wait_begins,402.7065312495663,,1,40.0,,524,0
8520,295,89,2,queue,treatment_wait_begins,404.9496062434009,,1,41.0,,524,0
8521,297,90,2,queue,treatment_wait_begins,406.8802625567264,,1,42.0,,524,0
8522,299,91,2,queue,treatment_wait_begins,411.5550592296831,,1,43.0,,524,0
8523,303,93,2,queue,treatment_wait_begins,422.0828587162822,,1,44.0,,524,0
8524,305,94,2,queue,treatment_wait_begins,428.54263891348444,,1,45.0,,524,0
8525,307,95,2,queue,treatment_wait_begins,430.18884989348794,,1,46.0,16.0,524,0
8526,346,39,2,resource_use,treatment_begins,483.7222797172585,4.0,1,1.0,,524,0
8527,351,41,2,resource_use,treatment_begins,486.35574841702277,1.0,1,2.0,,524,0
8528,364,42,2,resource_use,treatment_begins,513.0453259889181,2.0,1,3.0,,524,0
8529,375,113,1,resource_use,treatment_begins,521.2094333460852,3.0,1,4.0,,524,0
8530,133,44,2,queue,treatment_wait_begins,186.72302338228388,,1,1.0,,526,0
8531,135,45,2,queue,treatment_wait_begins,187.08816512218607,,1,2.0,,526,0
8532,140,46,2,queue,treatment_wait_begins,192.75850263079985,,1,3.0,,526,0
8533,148,47,2,queue,treatment_wait_begins,199.5301925701257,,1,4.0,,526,0
8534,153,48,2,queue,treatment_wait_begins,205.14039082741283,,1,5.0,,526,0
8535,155,49,2,queue,treatment_wait_begins,206.54063642859495,,1,6.0,,526,0
8536,157,50,2,queue,treatment_wait_begins,208.1453173837751,,1,7.0,,526,0
8537,159,51,2,queue,treatment_wait_begins,208.9739969202831,,1,8.0,,526,0
8538,161,52,2,queue,treatment_wait_begins,210.74581448374042,,1,9.0,,526,0
8539,163,53,2,queue,treatment_wait_begins,210.85151326578935,,1,10.0,,526,0
8540,165,54,2,queue,treatment_wait_begins,211.68829524636791,,1,11.0,,526,0
8541,167,55,2,queue,treatment_wait_begins,218.2635794691037,,1,12.0,,526,0
8542,181,56,2,queue,treatment_wait_begins,238.24236082502787,,1,13.0,,526,0
8543,185,58,2,queue,treatment_wait_begins,242.4802497949752,,1,14.0,,526,0
8544,187,59,2,queue,treatment_wait_begins,244.4690310645114,,1,15.0,,526,0
8545,189,60,2,queue,treatment_wait_begins,246.27574217918595,,1,16.0,,526,0
8546,193,62,2,queue,treatment_wait_begins,252.340535869662,,1,17.0,,526,0
8547,195,63,2,queue,treatment_wait_begins,259.21978013724924,,1,18.0,,526,0
8548,197,64,2,queue,treatment_wait_begins,266.7588257904633,,1,19.0,,526,0
8549,211,65,2,queue,treatment_wait_begins,293.3082397692622,,1,20.0,,526,0
8550,213,66,2,queue,treatment_wait_begins,303.841540943146,,1,21.0,,526,0
8551,215,67,2,queue,treatment_wait_begins,312.06587014562393,,1,22.0,,526,0
8552,226,68,2,queue,treatment_wait_begins,317.28332755550696,,1,23.0,,526,0
8553,228,69,2,queue,treatment_wait_begins,320.2459485503109,,1,24.0,,526,0
8554,230,70,2,queue,treatment_wait_begins,320.46821633167013,,1,25.0,,526,0
8555,235,71,2,queue,treatment_wait_begins,325.25123026577114,,1,26.0,,526,0
8556,241,74,2,queue,treatment_wait_begins,346.037960484565,,1,27.0,,526,0
8557,243,75,2,queue,treatment_wait_begins,347.69830455805135,,1,28.0,,526,0
8558,245,76,2,queue,treatment_wait_begins,347.94705816407,,1,29.0,,526,0
8559,247,77,2,queue,treatment_wait_begins,352.5711693396838,,1,30.0,,526,0
8560,263,79,2,queue,treatment_wait_begins,369.44362432169635,,1,31.0,,526,0
8561,265,80,2,queue,treatment_wait_begins,380.09833875091823,,1,32.0,,526,0
8562,267,81,2,queue,treatment_wait_begins,383.8634124776174,,1,33.0,,526,0
8563,269,82,2,queue,treatment_wait_begins,390.4333827158369,,1,34.0,,526,0
8564,271,83,2,queue,treatment_wait_begins,391.8772976892559,,1,35.0,,526,0
8565,273,84,2,queue,treatment_wait_begins,392.54938394344936,,1,36.0,,526,0
8566,275,85,2,queue,treatment_wait_begins,393.26178810715084,,1,37.0,,526,0
8567,277,86,2,queue,treatment_wait_begins,393.85019969752625,,1,38.0,,526,0
8568,279,87,2,queue,treatment_wait_begins,394.1235652920939,,1,39.0,,526,0
8569,290,88,2,queue,treatment_wait_begins,402.7065312495663,,1,40.0,,526,0
8570,295,89,2,queue,treatment_wait_begins,404.9496062434009,,1,41.0,,526,0
8571,297,90,2,queue,treatment_wait_begins,406.8802625567264,,1,42.0,,526,0
8572,299,91,2,queue,treatment_wait_begins,411.5550592296831,,1,43.0,,526,0
8573,303,93,2,queue,treatment_wait_begins,422.0828587162822,,1,44.0,,526,0
8574,305,94,2,queue,treatment_wait_begins,428.54263891348444,,1,45.0,,526,0
8575,307,95,2,queue,treatment_wait_begins,430.18884989348794,,1,46.0,17.0,526,0
8576,346,39,2,resource_use,treatment_begins,483.7222797172585,4.0,1,1.0,,526,0
8577,351,41,2,resource_use,treatment_begins,486.35574841702277,1.0,1,2.0,,526,0
8578,364,42,2,resource_use,treatment_begins,513.0453259889181,2.0,1,3.0,,526,0
8579,375,113,1,resource_use,treatment_begins,521.2094333460852,3.0,1,4.0,,526,0
8580,135,45,2,queue,treatment_wait_begins,187.08816512218607,,1,1.0,,528,0
8581,140,46,2,queue,treatment_wait_begins,192.75850263079985,,1,2.0,,528,0
8582,148,47,2,queue,treatment_wait_begins,199.5301925701257,,1,3.0,,528,0
8583,153,48,2,queue,treatment_wait_begins,205.14039082741283,,1,4.0,,528,0
8584,155,49,2,queue,treatment_wait_begins,206.54063642859495,,1,5.0,,528,0
8585,157,50,2,queue,treatment_wait_begins,208.1453173837751,,1,6.0,,528,0
8586,159,51,2,queue,treatment_wait_begins,208.9739969202831,,1,7.0,,528,0
8587,161,52,2,queue,treatment_wait_begins,210.74581448374042,,1,8.0,,528,0
8588,163,53,2,queue,treatment_wait_begins,210.85151326578935,,1,9.0,,528,0
8589,165,54,2,queue,treatment_wait_begins,211.68829524636791,,1,10.0,,528,0
8590,167,55,2,queue,treatment_wait_begins,218.2635794691037,,1,11.0,,528,0
8591,181,56,2,queue,treatment_wait_begins,238.24236082502787,,1,12.0,,528,0
8592,185,58,2,queue,treatment_wait_begins,242.4802497949752,,1,13.0,,528,0
8593,187,59,2,queue,treatment_wait_begins,244.4690310645114,,1,14.0,,528,0
8594,189,60,2,queue,treatment_wait_begins,246.27574217918595,,1,15.0,,528,0
8595,193,62,2,queue,treatment_wait_begins,252.340535869662,,1,16.0,,528,0
8596,195,63,2,queue,treatment_wait_begins,259.21978013724924,,1,17.0,,528,0
8597,197,64,2,queue,treatment_wait_begins,266.7588257904633,,1,18.0,,528,0
8598,211,65,2,queue,treatment_wait_begins,293.3082397692622,,1,19.0,,528,0
8599,213,66,2,queue,treatment_wait_begins,303.841540943146,,1,20.0,,528,0
8600,215,67,2,queue,treatment_wait_begins,312.06587014562393,,1,21.0,,528,0
8601,226,68,2,queue,treatment_wait_begins,317.28332755550696,,1,22.0,,528,0
8602,228,69,2,queue,treatment_wait_begins,320.2459485503109,,1,23.0,,528,0
8603,230,70,2,queue,treatment_wait_begins,320.46821633167013,,1,24.0,,528,0
8604,235,71,2,queue,treatment_wait_begins,325.25123026577114,,1,25.0,,528,0
8605,241,74,2,queue,treatment_wait_begins,346.037960484565,,1,26.0,,528,0
8606,243,75,2,queue,treatment_wait_begins,347.69830455805135,,1,27.0,,528,0
8607,245,76,2,queue,treatment_wait_begins,347.94705816407,,1,28.0,,528,0
8608,247,77,2,queue,treatment_wait_begins,352.5711693396838,,1,29.0,,528,0
8609,263,79,2,queue,treatment_wait_begins,369.44362432169635,,1,30.0,,528,0
8610,265,80,2,queue,treatment_wait_begins,380.09833875091823,,1,31.0,,528,0
8611,267,81,2,queue,treatment_wait_begins,383.8634124776174,,1,32.0,,528,0
8612,269,82,2,queue,treatment_wait_begins,390.4333827158369,,1,33.0,,528,0
8613,271,83,2,queue,treatment_wait_begins,391.8772976892559,,1,34.0,,528,0
8614,273,84,2,queue,treatment_wait_begins,392.54938394344936,,1,35.0,,528,0
8615,275,85,2,queue,treatment_wait_begins,393.26178810715084,,1,36.0,,528,0
8616,277,86,2,queue,treatment_wait_begins,393.85019969752625,,1,37.0,,528,0
8617,279,87,2,queue,treatment_wait_begins,394.1235652920939,,1,38.0,,528,0
8618,290,88,2,queue,treatment_wait_begins,402.7065312495663,,1,39.0,,528,0
8619,295,89,2,queue,treatment_wait_begins,404.9496062434009,,1,40.0,,528,0
8620,297,90,2,queue,treatment_wait_begins,406.8802625567264,,1,41.0,,528,0
8621,299,91,2,queue,treatment_wait_begins,411.5550592296831,,1,42.0,,528,0
8622,303,93,2,queue,treatment_wait_begins,422.0828587162822,,1,43.0,,528,0
8623,305,94,2,queue,treatment_wait_begins,428.54263891348444,,1,44.0,,528,0
8624,307,95,2,queue,treatment_wait_begins,430.18884989348794,,1,45.0,,528,48
8625,309,96,2,queue,treatment_wait_begins,431.1918089653501,,1,46.0,16.0,528,0
8626,364,42,2,resource_use,treatment_begins,513.0453259889181,2.0,1,1.0,,528,0
8627,375,113,1,resource_use,treatment_begins,521.2094333460852,3.0,1,2.0,,528,0
8628,380,115,1,resource_use,treatment_begins,526.3822599668748,1.0,1,3.0,,528,1
8629,383,44,2,resource_use,treatment_begins,526.9146053453272,4.0,1,4.0,,528,0
8630,135,45,2,queue,treatment_wait_begins,187.08816512218607,,1,1.0,,530,0
8631,140,46,2,queue,treatment_wait_begins,192.75850263079985,,1,2.0,,530,0
8632,148,47,2,queue,treatment_wait_begins,199.5301925701257,,1,3.0,,530,0
8633,153,48,2,queue,treatment_wait_begins,205.14039082741283,,1,4.0,,530,0
8634,155,49,2,queue,treatment_wait_begins,206.54063642859495,,1,5.0,,530,0
8635,157,50,2,queue,treatment_wait_begins,208.1453173837751,,1,6.0,,530,0
8636,159,51,2,queue,treatment_wait_begins,208.9739969202831,,1,7.0,,530,0
8637,161,52,2,queue,treatment_wait_begins,210.74581448374042,,1,8.0,,530,0
8638,163,53,2,queue,treatment_wait_begins,210.85151326578935,,1,9.0,,530,0
8639,165,54,2,queue,treatment_wait_begins,211.68829524636791,,1,10.0,,530,0
8640,167,55,2,queue,treatment_wait_begins,218.2635794691037,,1,11.0,,530,0
8641,181,56,2,queue,treatment_wait_begins,238.24236082502787,,1,12.0,,530,0
8642,185,58,2,queue,treatment_wait_begins,242.4802497949752,,1,13.0,,530,0
8643,187,59,2,queue,treatment_wait_begins,244.4690310645114,,1,14.0,,530,0
8644,189,60,2,queue,treatment_wait_begins,246.27574217918595,,1,15.0,,530,0
8645,193,62,2,queue,treatment_wait_begins,252.340535869662,,1,16.0,,530,0
8646,195,63,2,queue,treatment_wait_begins,259.21978013724924,,1,17.0,,530,0
8647,197,64,2,queue,treatment_wait_begins,266.7588257904633,,1,18.0,,530,0
8648,211,65,2,queue,treatment_wait_begins,293.3082397692622,,1,19.0,,530,0
8649,213,66,2,queue,treatment_wait_begins,303.841540943146,,1,20.0,,530,0
8650,215,67,2,queue,treatment_wait_begins,312.06587014562393,,1,21.0,,530,0
8651,226,68,2,queue,treatment_wait_begins,317.28332755550696,,1,22.0,,530,0
8652,228,69,2,queue,treatment_wait_begins,320.2459485503109,,1,23.0,,530,0
8653,230,70,2,queue,treatment_wait_begins,320.46821633167013,,1,24.0,,530,0
8654,235,71,2,queue,treatment_wait_begins,325.25123026577114,,1,25.0,,530,0
8655,241,74,2,queue,treatment_wait_begins,346.037960484565,,1,26.0,,530,0
8656,243,75,2,queue,treatment_wait_begins,347.69830455805135,,1,27.0,,530,0
8657,245,76,2,queue,treatment_wait_begins,347.94705816407,,1,28.0,,530,0
8658,247,77,2,queue,treatment_wait_begins,352.5711693396838,,1,29.0,,530,0
8659,263,79,2,queue,treatment_wait_begins,369.44362432169635,,1,30.0,,530,0
8660,265,80,2,queue,treatment_wait_begins,380.09833875091823,,1,31.0,,530,0
8661,267,81,2,queue,treatment_wait_begins,383.8634124776174,,1,32.0,,530,0
8662,269,82,2,queue,treatment_wait_begins,390.4333827158369,,1,33.0,,530,0
8663,271,83,2,queue,treatment_wait_begins,391.8772976892559,,1,34.0,,530,0
8664,273,84,2,queue,treatment_wait_begins,392.54938394344936,,1,35.0,,530,0
8665,275,85,2,queue,treatment_wait_begins,393.26178810715084,,1,36.0,,530,0
8666,277,86,2,queue,treatment_wait_begins,393.85019969752625,,1,37.0,,530,0
8667,279,87,2,queue,treatment_wait_begins,394.1235652920939,,1,38.0,,530,0
8668,290,88,2,queue,treatment_wait_begins,402.7065312495663,,1,39.0,,530,0
8669,295,89,2,queue,treatment_wait_begins,404.9496062434009,,1,40.0,,530,0
8670,297,90,2,queue,treatment_wait_begins,406.8802625567264,,1,41.0,,530,0
8671,299,91,2,queue,treatment_wait_begins,411.5550592296831,,1,42.0,,530,0
8672,303,93,2,queue,treatment_wait_begins,422.0828587162822,,1,43.0,,530,0
8673,305,94,2,queue,treatment_wait_begins,428.54263891348444,,1,44.0,,530,0
8674,307,95,2,queue,treatment_wait_begins,430.18884989348794,,1,45.0,,530,0
8675,309,96,2,queue,treatment_wait_begins,431.1918089653501,,1,46.0,16.0,530,0
8676,364,42,2,resource_use,treatment_begins,513.0453259889181,2.0,1,1.0,,530,0
8677,375,113,1,resource_use,treatment_begins,521.2094333460852,3.0,1,2.0,,530,0
8678,380,115,1,resource_use,treatment_begins,526.3822599668748,1.0,1,3.0,,530,0
8679,383,44,2,resource_use,treatment_begins,526.9146053453272,4.0,1,4.0,,530,0
8680,135,45,2,queue,treatment_wait_begins,187.08816512218607,,1,1.0,,532,0
8681,140,46,2,queue,treatment_wait_begins,192.75850263079985,,1,2.0,,532,0
8682,148,47,2,queue,treatment_wait_begins,199.5301925701257,,1,3.0,,532,0
8683,153,48,2,queue,treatment_wait_begins,205.14039082741283,,1,4.0,,532,0
8684,155,49,2,queue,treatment_wait_begins,206.54063642859495,,1,5.0,,532,0
8685,157,50,2,queue,treatment_wait_begins,208.1453173837751,,1,6.0,,532,0
8686,159,51,2,queue,treatment_wait_begins,208.9739969202831,,1,7.0,,532,0
8687,161,52,2,queue,treatment_wait_begins,210.74581448374042,,1,8.0,,532,0
8688,163,53,2,queue,treatment_wait_begins,210.85151326578935,,1,9.0,,532,0
8689,165,54,2,queue,treatment_wait_begins,211.68829524636791,,1,10.0,,532,0
8690,167,55,2,queue,treatment_wait_begins,218.2635794691037,,1,11.0,,532,0
8691,181,56,2,queue,treatment_wait_begins,238.24236082502787,,1,12.0,,532,0
8692,185,58,2,queue,treatment_wait_begins,242.4802497949752,,1,13.0,,532,0
8693,187,59,2,queue,treatment_wait_begins,244.4690310645114,,1,14.0,,532,0
8694,189,60,2,queue,treatment_wait_begins,246.27574217918595,,1,15.0,,532,0
8695,193,62,2,queue,treatment_wait_begins,252.340535869662,,1,16.0,,532,0
8696,195,63,2,queue,treatment_wait_begins,259.21978013724924,,1,17.0,,532,0
8697,197,64,2,queue,treatment_wait_begins,266.7588257904633,,1,18.0,,532,0
8698,211,65,2,queue,treatment_wait_begins,293.3082397692622,,1,19.0,,532,0
8699,213,66,2,queue,treatment_wait_begins,303.841540943146,,1,20.0,,532,0
8700,215,67,2,queue,treatment_wait_begins,312.06587014562393,,1,21.0,,532,0
8701,226,68,2,queue,treatment_wait_begins,317.28332755550696,,1,22.0,,532,0
8702,228,69,2,queue,treatment_wait_begins,320.2459485503109,,1,23.0,,532,0
8703,230,70,2,queue,treatment_wait_begins,320.46821633167013,,1,24.0,,532,0
8704,235,71,2,queue,treatment_wait_begins,325.25123026577114,,1,25.0,,532,0
8705,241,74,2,queue,treatment_wait_begins,346.037960484565,,1,26.0,,532,0
8706,243,75,2,queue,treatment_wait_begins,347.69830455805135,,1,27.0,,532,0
8707,245,76,2,queue,treatment_wait_begins,347.94705816407,,1,28.0,,532,0
8708,247,77,2,queue,treatment_wait_begins,352.5711693396838,,1,29.0,,532,0
8709,263,79,2,queue,treatment_wait_begins,369.44362432169635,,1,30.0,,532,0
8710,265,80,2,queue,treatment_wait_begins,380.09833875091823,,1,31.0,,532,0
8711,267,81,2,queue,treatment_wait_begins,383.8634124776174,,1,32.0,,532,0
8712,269,82,2,queue,treatment_wait_begins,390.4333827158369,,1,33.0,,532,0
8713,271,83,2,queue,treatment_wait_begins,391.8772976892559,,1,34.0,,532,0
8714,273,84,2,queue,treatment_wait_begins,392.54938394344936,,1,35.0,,532,0
8715,275,85,2,queue,treatment_wait_begins,393.26178810715084,,1,36.0,,532,0
8716,277,86,2,queue,treatment_wait_begins,393.85019969752625,,1,37.0,,532,0
8717,279,87,2,queue,treatment_wait_begins,394.1235652920939,,1,38.0,,532,0
8718,290,88,2,queue,treatment_wait_begins,402.7065312495663,,1,39.0,,532,0
8719,295,89,2,queue,treatment_wait_begins,404.9496062434009,,1,40.0,,532,0
8720,297,90,2,queue,treatment_wait_begins,406.8802625567264,,1,41.0,,532,0
8721,299,91,2,queue,treatment_wait_begins,411.5550592296831,,1,42.0,,532,0
8722,303,93,2,queue,treatment_wait_begins,422.0828587162822,,1,43.0,,532,0
8723,305,94,2,queue,treatment_wait_begins,428.54263891348444,,1,44.0,,532,0
8724,307,95,2,queue,treatment_wait_begins,430.18884989348794,,1,45.0,,532,0
8725,309,96,2,queue,treatment_wait_begins,431.1918089653501,,1,46.0,17.0,532,0
8726,364,42,2,resource_use,treatment_begins,513.0453259889181,2.0,1,1.0,,532,0
8727,375,113,1,resource_use,treatment_begins,521.2094333460852,3.0,1,2.0,,532,0
8728,380,115,1,resource_use,treatment_begins,526.3822599668748,1.0,1,3.0,,532,0
8729,383,44,2,resource_use,treatment_begins,526.9146053453272,4.0,1,4.0,,532,0
8730,135,45,2,queue,treatment_wait_begins,187.08816512218607,,1,1.0,,534,0
8731,140,46,2,queue,treatment_wait_begins,192.75850263079985,,1,2.0,,534,0
8732,148,47,2,queue,treatment_wait_begins,199.5301925701257,,1,3.0,,534,0
8733,153,48,2,queue,treatment_wait_begins,205.14039082741283,,1,4.0,,534,0
8734,155,49,2,queue,treatment_wait_begins,206.54063642859495,,1,5.0,,534,0
8735,157,50,2,queue,treatment_wait_begins,208.1453173837751,,1,6.0,,534,0
8736,159,51,2,queue,treatment_wait_begins,208.9739969202831,,1,7.0,,534,0
8737,161,52,2,queue,treatment_wait_begins,210.74581448374042,,1,8.0,,534,0
8738,163,53,2,queue,treatment_wait_begins,210.85151326578935,,1,9.0,,534,0
8739,165,54,2,queue,treatment_wait_begins,211.68829524636791,,1,10.0,,534,0
8740,167,55,2,queue,treatment_wait_begins,218.2635794691037,,1,11.0,,534,0
8741,181,56,2,queue,treatment_wait_begins,238.24236082502787,,1,12.0,,534,0
8742,185,58,2,queue,treatment_wait_begins,242.4802497949752,,1,13.0,,534,0
8743,187,59,2,queue,treatment_wait_begins,244.4690310645114,,1,14.0,,534,0
8744,189,60,2,queue,treatment_wait_begins,246.27574217918595,,1,15.0,,534,0
8745,193,62,2,queue,treatment_wait_begins,252.340535869662,,1,16.0,,534,0
8746,195,63,2,queue,treatment_wait_begins,259.21978013724924,,1,17.0,,534,0
8747,197,64,2,queue,treatment_wait_begins,266.7588257904633,,1,18.0,,534,0
8748,211,65,2,queue,treatment_wait_begins,293.3082397692622,,1,19.0,,534,0
8749,213,66,2,queue,treatment_wait_begins,303.841540943146,,1,20.0,,534,0
8750,215,67,2,queue,treatment_wait_begins,312.06587014562393,,1,21.0,,534,0
8751,226,68,2,queue,treatment_wait_begins,317.28332755550696,,1,22.0,,534,0
8752,228,69,2,queue,treatment_wait_begins,320.2459485503109,,1,23.0,,534,0
8753,230,70,2,queue,treatment_wait_begins,320.46821633167013,,1,24.0,,534,0
8754,235,71,2,queue,treatment_wait_begins,325.25123026577114,,1,25.0,,534,0
8755,241,74,2,queue,treatment_wait_begins,346.037960484565,,1,26.0,,534,0
8756,243,75,2,queue,treatment_wait_begins,347.69830455805135,,1,27.0,,534,0
8757,245,76,2,queue,treatment_wait_begins,347.94705816407,,1,28.0,,534,0
8758,247,77,2,queue,treatment_wait_begins,352.5711693396838,,1,29.0,,534,0
8759,263,79,2,queue,treatment_wait_begins,369.44362432169635,,1,30.0,,534,0
8760,265,80,2,queue,treatment_wait_begins,380.09833875091823,,1,31.0,,534,0
8761,267,81,2,queue,treatment_wait_begins,383.8634124776174,,1,32.0,,534,0
8762,269,82,2,queue,treatment_wait_begins,390.4333827158369,,1,33.0,,534,0
8763,271,83,2,queue,treatment_wait_begins,391.8772976892559,,1,34.0,,534,0
8764,273,84,2,queue,treatment_wait_begins,392.54938394344936,,1,35.0,,534,0
8765,275,85,2,queue,treatment_wait_begins,393.26178810715084,,1,36.0,,534,0
8766,277,86,2,queue,treatment_wait_begins,393.85019969752625,,1,37.0,,534,0
8767,279,87,2,queue,treatment_wait_begins,394.1235652920939,,1,38.0,,534,0
8768,290,88,2,queue,treatment_wait_begins,402.7065312495663,,1,39.0,,534,0
8769,295,89,2,queue,treatment_wait_begins,404.9496062434009,,1,40.0,,534,0
8770,297,90,2,queue,treatment_wait_begins,406.8802625567264,,1,41.0,,534,0
8771,299,91,2,queue,treatment_wait_begins,411.5550592296831,,1,42.0,,534,0
8772,303,93,2,queue,treatment_wait_begins,422.0828587162822,,1,43.0,,534,0
8773,305,94,2,queue,treatment_wait_begins,428.54263891348444,,1,44.0,,534,0
8774,307,95,2,queue,treatment_wait_begins,430.18884989348794,,1,45.0,,534,0
8775,309,96,2,queue,treatment_wait_begins,431.1918089653501,,1,46.0,17.0,534,0
8776,364,42,2,resource_use,treatment_begins,513.0453259889181,2.0,1,1.0,,534,0
8777,375,113,1,resource_use,treatment_begins,521.2094333460852,3.0,1,2.0,,534,0
8778,380,115,1,resource_use,treatment_begins,526.3822599668748,1.0,1,3.0,,534,0
8779,383,44,2,resource_use,treatment_begins,526.9146053453272,4.0,1,4.0,,534,0
8780,135,45,2,queue,treatment_wait_begins,187.08816512218607,,1,1.0,,536,0
8781,140,46,2,queue,treatment_wait_begins,192.75850263079985,,1,2.0,,536,0
8782,148,47,2,queue,treatment_wait_begins,199.5301925701257,,1,3.0,,536,0
8783,153,48,2,queue,treatment_wait_begins,205.14039082741283,,1,4.0,,536,0
8784,155,49,2,queue,treatment_wait_begins,206.54063642859495,,1,5.0,,536,0
8785,157,50,2,queue,treatment_wait_begins,208.1453173837751,,1,6.0,,536,0
8786,159,51,2,queue,treatment_wait_begins,208.9739969202831,,1,7.0,,536,0
8787,161,52,2,queue,treatment_wait_begins,210.74581448374042,,1,8.0,,536,0
8788,163,53,2,queue,treatment_wait_begins,210.85151326578935,,1,9.0,,536,0
8789,165,54,2,queue,treatment_wait_begins,211.68829524636791,,1,10.0,,536,0
8790,167,55,2,queue,treatment_wait_begins,218.2635794691037,,1,11.0,,536,0
8791,181,56,2,queue,treatment_wait_begins,238.24236082502787,,1,12.0,,536,0
8792,185,58,2,queue,treatment_wait_begins,242.4802497949752,,1,13.0,,536,0
8793,187,59,2,queue,treatment_wait_begins,244.4690310645114,,1,14.0,,536,0
8794,189,60,2,queue,treatment_wait_begins,246.27574217918595,,1,15.0,,536,0
8795,193,62,2,queue,treatment_wait_begins,252.340535869662,,1,16.0,,536,0
8796,195,63,2,queue,treatment_wait_begins,259.21978013724924,,1,17.0,,536,0
8797,197,64,2,queue,treatment_wait_begins,266.7588257904633,,1,18.0,,536,0
8798,211,65,2,queue,treatment_wait_begins,293.3082397692622,,1,19.0,,536,0
8799,213,66,2,queue,treatment_wait_begins,303.841540943146,,1,20.0,,536,0
8800,215,67,2,queue,treatment_wait_begins,312.06587014562393,,1,21.0,,536,0
8801,226,68,2,queue,treatment_wait_begins,317.28332755550696,,1,22.0,,536,0
8802,228,69,2,queue,treatment_wait_begins,320.2459485503109,,1,23.0,,536,0
8803,230,70,2,queue,treatment_wait_begins,320.46821633167013,,1,24.0,,536,0
8804,235,71,2,queue,treatment_wait_begins,325.25123026577114,,1,25.0,,536,0
8805,241,74,2,queue,treatment_wait_begins,346.037960484565,,1,26.0,,536,0
8806,243,75,2,queue,treatment_wait_begins,347.69830455805135,,1,27.0,,536,0
8807,245,76,2,queue,treatment_wait_begins,347.94705816407,,1,28.0,,536,0
8808,247,77,2,queue,treatment_wait_begins,352.5711693396838,,1,29.0,,536,0
8809,263,79,2,queue,treatment_wait_begins,369.44362432169635,,1,30.0,,536,0
8810,265,80,2,queue,treatment_wait_begins,380.09833875091823,,1,31.0,,536,0
8811,267,81,2,queue,treatment_wait_begins,383.8634124776174,,1,32.0,,536,0
8812,269,82,2,queue,treatment_wait_begins,390.4333827158369,,1,33.0,,536,0
8813,271,83,2,queue,treatment_wait_begins,391.8772976892559,,1,34.0,,536,0
8814,273,84,2,queue,treatment_wait_begins,392.54938394344936,,1,35.0,,536,0
8815,275,85,2,queue,treatment_wait_begins,393.26178810715084,,1,36.0,,536,0
8816,277,86,2,queue,treatment_wait_begins,393.85019969752625,,1,37.0,,536,0
8817,279,87,2,queue,treatment_wait_begins,394.1235652920939,,1,38.0,,536,0
8818,290,88,2,queue,treatment_wait_begins,402.7065312495663,,1,39.0,,536,0
8819,295,89,2,queue,treatment_wait_begins,404.9496062434009,,1,40.0,,536,0
8820,297,90,2,queue,treatment_wait_begins,406.8802625567264,,1,41.0,,536,0
8821,299,91,2,queue,treatment_wait_begins,411.5550592296831,,1,42.0,,536,0
8822,303,93,2,queue,treatment_wait_begins,422.0828587162822,,1,43.0,,536,0
8823,305,94,2,queue,treatment_wait_begins,428.54263891348444,,1,44.0,,536,0
8824,307,95,2,queue,treatment_wait_begins,430.18884989348794,,1,45.0,,536,0
8825,309,96,2,queue,treatment_wait_begins,431.1918089653501,,1,46.0,17.0,536,0
8826,364,42,2,resource_use,treatment_begins,513.0453259889181,2.0,1,1.0,,536,0
8827,375,113,1,resource_use,treatment_begins,521.2094333460852,3.0,1,2.0,,536,0
8828,380,115,1,resource_use,treatment_begins,526.3822599668748,1.0,1,3.0,,536,0
8829,383,44,2,resource_use,treatment_begins,526.9146053453272,4.0,1,4.0,,536,0
8830,135,45,2,queue,treatment_wait_begins,187.08816512218607,,1,1.0,,538,0
8831,140,46,2,queue,treatment_wait_begins,192.75850263079985,,1,2.0,,538,0
8832,148,47,2,queue,treatment_wait_begins,199.5301925701257,,1,3.0,,538,0
8833,153,48,2,queue,treatment_wait_begins,205.14039082741283,,1,4.0,,538,0
8834,155,49,2,queue,treatment_wait_begins,206.54063642859495,,1,5.0,,538,0
8835,157,50,2,queue,treatment_wait_begins,208.1453173837751,,1,6.0,,538,0
8836,159,51,2,queue,treatment_wait_begins,208.9739969202831,,1,7.0,,538,0
8837,161,52,2,queue,treatment_wait_begins,210.74581448374042,,1,8.0,,538,0
8838,163,53,2,queue,treatment_wait_begins,210.85151326578935,,1,9.0,,538,0
8839,165,54,2,queue,treatment_wait_begins,211.68829524636791,,1,10.0,,538,0
8840,167,55,2,queue,treatment_wait_begins,218.2635794691037,,1,11.0,,538,0
8841,181,56,2,queue,treatment_wait_begins,238.24236082502787,,1,12.0,,538,0
8842,185,58,2,queue,treatment_wait_begins,242.4802497949752,,1,13.0,,538,0
8843,187,59,2,queue,treatment_wait_begins,244.4690310645114,,1,14.0,,538,0
8844,189,60,2,queue,treatment_wait_begins,246.27574217918595,,1,15.0,,538,0
8845,193,62,2,queue,treatment_wait_begins,252.340535869662,,1,16.0,,538,0
8846,195,63,2,queue,treatment_wait_begins,259.21978013724924,,1,17.0,,538,0
8847,197,64,2,queue,treatment_wait_begins,266.7588257904633,,1,18.0,,538,0
8848,211,65,2,queue,treatment_wait_begins,293.3082397692622,,1,19.0,,538,0
8849,213,66,2,queue,treatment_wait_begins,303.841540943146,,1,20.0,,538,0
8850,215,67,2,queue,treatment_wait_begins,312.06587014562393,,1,21.0,,538,0
8851,226,68,2,queue,treatment_wait_begins,317.28332755550696,,1,22.0,,538,0
8852,228,69,2,queue,treatment_wait_begins,320.2459485503109,,1,23.0,,538,0
8853,230,70,2,queue,treatment_wait_begins,320.46821633167013,,1,24.0,,538,0
8854,235,71,2,queue,treatment_wait_begins,325.25123026577114,,1,25.0,,538,0
8855,241,74,2,queue,treatment_wait_begins,346.037960484565,,1,26.0,,538,0
8856,243,75,2,queue,treatment_wait_begins,347.69830455805135,,1,27.0,,538,0
8857,245,76,2,queue,treatment_wait_begins,347.94705816407,,1,28.0,,538,0
8858,247,77,2,queue,treatment_wait_begins,352.5711693396838,,1,29.0,,538,0
8859,263,79,2,queue,treatment_wait_begins,369.44362432169635,,1,30.0,,538,0
8860,265,80,2,queue,treatment_wait_begins,380.09833875091823,,1,31.0,,538,0
8861,267,81,2,queue,treatment_wait_begins,383.8634124776174,,1,32.0,,538,0
8862,269,82,2,queue,treatment_wait_begins,390.4333827158369,,1,33.0,,538,0
8863,271,83,2,queue,treatment_wait_begins,391.8772976892559,,1,34.0,,538,0
8864,273,84,2,queue,treatment_wait_begins,392.54938394344936,,1,35.0,,538,0
8865,275,85,2,queue,treatment_wait_begins,393.26178810715084,,1,36.0,,538,0
8866,277,86,2,queue,treatment_wait_begins,393.85019969752625,,1,37.0,,538,0
8867,279,87,2,queue,treatment_wait_begins,394.1235652920939,,1,38.0,,538,0
8868,290,88,2,queue,treatment_wait_begins,402.7065312495663,,1,39.0,,538,0
8869,295,89,2,queue,treatment_wait_begins,404.9496062434009,,1,40.0,,538,0
8870,297,90,2,queue,treatment_wait_begins,406.8802625567264,,1,41.0,,538,0
8871,299,91,2,queue,treatment_wait_begins,411.5550592296831,,1,42.0,,538,0
8872,303,93,2,queue,treatment_wait_begins,422.0828587162822,,1,43.0,,538,0
8873,305,94,2,queue,treatment_wait_begins,428.54263891348444,,1,44.0,,538,0
8874,307,95,2,queue,treatment_wait_begins,430.18884989348794,,1,45.0,,538,0
8875,309,96,2,queue,treatment_wait_begins,431.1918089653501,,1,46.0,17.0,538,0
8876,364,42,2,resource_use,treatment_begins,513.0453259889181,2.0,1,1.0,,538,0
8877,375,113,1,resource_use,treatment_begins,521.2094333460852,3.0,1,2.0,,538,0
8878,380,115,1,resource_use,treatment_begins,526.3822599668748,1.0,1,3.0,,538,0
8879,383,44,2,resource_use,treatment_begins,526.9146053453272,4.0,1,4.0,,538,0
8880,135,45,2,queue,treatment_wait_begins,187.08816512218607,,1,1.0,,540,0
8881,140,46,2,queue,treatment_wait_begins,192.75850263079985,,1,2.0,,540,0
8882,148,47,2,queue,treatment_wait_begins,199.5301925701257,,1,3.0,,540,0
8883,153,48,2,queue,treatment_wait_begins,205.14039082741283,,1,4.0,,540,0
8884,155,49,2,queue,treatment_wait_begins,206.54063642859495,,1,5.0,,540,0
8885,157,50,2,queue,treatment_wait_begins,208.1453173837751,,1,6.0,,540,0
8886,159,51,2,queue,treatment_wait_begins,208.9739969202831,,1,7.0,,540,0
8887,161,52,2,queue,treatment_wait_begins,210.74581448374042,,1,8.0,,540,0
8888,163,53,2,queue,treatment_wait_begins,210.85151326578935,,1,9.0,,540,0
8889,165,54,2,queue,treatment_wait_begins,211.68829524636791,,1,10.0,,540,0
8890,167,55,2,queue,treatment_wait_begins,218.2635794691037,,1,11.0,,540,0
8891,181,56,2,queue,treatment_wait_begins,238.24236082502787,,1,12.0,,540,0
8892,185,58,2,queue,treatment_wait_begins,242.4802497949752,,1,13.0,,540,0
8893,187,59,2,queue,treatment_wait_begins,244.4690310645114,,1,14.0,,540,0
8894,189,60,2,queue,treatment_wait_begins,246.27574217918595,,1,15.0,,540,0
8895,193,62,2,queue,treatment_wait_begins,252.340535869662,,1,16.0,,540,0
8896,195,63,2,queue,treatment_wait_begins,259.21978013724924,,1,17.0,,540,0
8897,197,64,2,queue,treatment_wait_begins,266.7588257904633,,1,18.0,,540,0
8898,211,65,2,queue,treatment_wait_begins,293.3082397692622,,1,19.0,,540,0
8899,213,66,2,queue,treatment_wait_begins,303.841540943146,,1,20.0,,540,0
8900,215,67,2,queue,treatment_wait_begins,312.06587014562393,,1,21.0,,540,0
8901,226,68,2,queue,treatment_wait_begins,317.28332755550696,,1,22.0,,540,0
8902,228,69,2,queue,treatment_wait_begins,320.2459485503109,,1,23.0,,540,0
8903,230,70,2,queue,treatment_wait_begins,320.46821633167013,,1,24.0,,540,0
8904,235,71,2,queue,treatment_wait_begins,325.25123026577114,,1,25.0,,540,0
8905,241,74,2,queue,treatment_wait_begins,346.037960484565,,1,26.0,,540,0
8906,243,75,2,queue,treatment_wait_begins,347.69830455805135,,1,27.0,,540,0
8907,245,76,2,queue,treatment_wait_begins,347.94705816407,,1,28.0,,540,0
8908,247,77,2,queue,treatment_wait_begins,352.5711693396838,,1,29.0,,540,0
8909,263,79,2,queue,treatment_wait_begins,369.44362432169635,,1,30.0,,540,0
8910,265,80,2,queue,treatment_wait_begins,380.09833875091823,,1,31.0,,540,0
8911,267,81,2,queue,treatment_wait_begins,383.8634124776174,,1,32.0,,540,0
8912,269,82,2,queue,treatment_wait_begins,390.4333827158369,,1,33.0,,540,0
8913,271,83,2,queue,treatment_wait_begins,391.8772976892559,,1,34.0,,540,0
8914,273,84,2,queue,treatment_wait_begins,392.54938394344936,,1,35.0,,540,0
8915,275,85,2,queue,treatment_wait_begins,393.26178810715084,,1,36.0,,540,0
8916,277,86,2,queue,treatment_wait_begins,393.85019969752625,,1,37.0,,540,0
8917,279,87,2,queue,treatment_wait_begins,394.1235652920939,,1,38.0,,540,0
8918,290,88,2,queue,treatment_wait_begins,402.7065312495663,,1,39.0,,540,0
8919,295,89,2,queue,treatment_wait_begins,404.9496062434009,,1,40.0,,540,0
8920,297,90,2,queue,treatment_wait_begins,406.8802625567264,,1,41.0,,540,0
8921,299,91,2,queue,treatment_wait_begins,411.5550592296831,,1,42.0,,540,0
8922,303,93,2,queue,treatment_wait_begins,422.0828587162822,,1,43.0,,540,0
8923,305,94,2,queue,treatment_wait_begins,428.54263891348444,,1,44.0,,540,0
8924,307,95,2,queue,treatment_wait_begins,430.18884989348794,,1,45.0,,540,0
8925,309,96,2,queue,treatment_wait_begins,431.1918089653501,,1,46.0,17.0,540,0
8926,364,42,2,resource_use,treatment_begins,513.0453259889181,2.0,1,1.0,,540,0
8927,375,113,1,resource_use,treatment_begins,521.2094333460852,3.0,1,2.0,,540,0
8928,380,115,1,resource_use,treatment_begins,526.3822599668748,1.0,1,3.0,,540,0
8929,383,44,2,resource_use,treatment_begins,526.9146053453272,4.0,1,4.0,,540,0
8930,135,45,2,queue,treatment_wait_begins,187.08816512218607,,1,1.0,,542,0
8931,140,46,2,queue,treatment_wait_begins,192.75850263079985,,1,2.0,,542,0
8932,148,47,2,queue,treatment_wait_begins,199.5301925701257,,1,3.0,,542,0
8933,153,48,2,queue,treatment_wait_begins,205.14039082741283,,1,4.0,,542,0
8934,155,49,2,queue,treatment_wait_begins,206.54063642859495,,1,5.0,,542,0
8935,157,50,2,queue,treatment_wait_begins,208.1453173837751,,1,6.0,,542,0
8936,159,51,2,queue,treatment_wait_begins,208.9739969202831,,1,7.0,,542,0
8937,161,52,2,queue,treatment_wait_begins,210.74581448374042,,1,8.0,,542,0
8938,163,53,2,queue,treatment_wait_begins,210.85151326578935,,1,9.0,,542,0
8939,165,54,2,queue,treatment_wait_begins,211.68829524636791,,1,10.0,,542,0
8940,167,55,2,queue,treatment_wait_begins,218.2635794691037,,1,11.0,,542,0
8941,181,56,2,queue,treatment_wait_begins,238.24236082502787,,1,12.0,,542,0
8942,185,58,2,queue,treatment_wait_begins,242.4802497949752,,1,13.0,,542,0
8943,187,59,2,queue,treatment_wait_begins,244.4690310645114,,1,14.0,,542,0
8944,189,60,2,queue,treatment_wait_begins,246.27574217918595,,1,15.0,,542,0
8945,193,62,2,queue,treatment_wait_begins,252.340535869662,,1,16.0,,542,0
8946,195,63,2,queue,treatment_wait_begins,259.21978013724924,,1,17.0,,542,0
8947,197,64,2,queue,treatment_wait_begins,266.7588257904633,,1,18.0,,542,0
8948,211,65,2,queue,treatment_wait_begins,293.3082397692622,,1,19.0,,542,0
8949,213,66,2,queue,treatment_wait_begins,303.841540943146,,1,20.0,,542,0
8950,215,67,2,queue,treatment_wait_begins,312.06587014562393,,1,21.0,,542,0
8951,226,68,2,queue,treatment_wait_begins,317.28332755550696,,1,22.0,,542,0
8952,228,69,2,queue,treatment_wait_begins,320.2459485503109,,1,23.0,,542,0
8953,230,70,2,queue,treatment_wait_begins,320.46821633167013,,1,24.0,,542,0
8954,235,71,2,queue,treatment_wait_begins,325.25123026577114,,1,25.0,,542,0
8955,241,74,2,queue,treatment_wait_begins,346.037960484565,,1,26.0,,542,0
8956,243,75,2,queue,treatment_wait_begins,347.69830455805135,,1,27.0,,542,0
8957,245,76,2,queue,treatment_wait_begins,347.94705816407,,1,28.0,,542,0
8958,247,77,2,queue,treatment_wait_begins,352.5711693396838,,1,29.0,,542,0
8959,263,79,2,queue,treatment_wait_begins,369.44362432169635,,1,30.0,,542,0
8960,265,80,2,queue,treatment_wait_begins,380.09833875091823,,1,31.0,,542,0
8961,267,81,2,queue,treatment_wait_begins,383.8634124776174,,1,32.0,,542,0
8962,269,82,2,queue,treatment_wait_begins,390.4333827158369,,1,33.0,,542,0
8963,271,83,2,queue,treatment_wait_begins,391.8772976892559,,1,34.0,,542,0
8964,273,84,2,queue,treatment_wait_begins,392.54938394344936,,1,35.0,,542,0
8965,275,85,2,queue,treatment_wait_begins,393.26178810715084,,1,36.0,,542,0
8966,277,86,2,queue,treatment_wait_begins,393.85019969752625,,1,37.0,,542,0
8967,279,87,2,queue,treatment_wait_begins,394.1235652920939,,1,38.0,,542,0
8968,290,88,2,queue,treatment_wait_begins,402.7065312495663,,1,39.0,,542,0
8969,295,89,2,queue,treatment_wait_begins,404.9496062434009,,1,40.0,,542,0
8970,297,90,2,queue,treatment_wait_begins,406.8802625567264,,1,41.0,,542,0
8971,299,91,2,queue,treatment_wait_begins,411.5550592296831,,1,42.0,,542,0
8972,303,93,2,queue,treatment_wait_begins,422.0828587162822,,1,43.0,,542,0
8973,305,94,2,queue,treatment_wait_begins,428.54263891348444,,1,44.0,,542,0
8974,307,95,2,queue,treatment_wait_begins,430.18884989348794,,1,45.0,,542,0
8975,309,96,2,queue,treatment_wait_begins,431.1918089653501,,1,46.0,17.0,542,0
8976,364,42,2,resource_use,treatment_begins,513.0453259889181,2.0,1,1.0,,542,0
8977,375,113,1,resource_use,treatment_begins,521.2094333460852,3.0,1,2.0,,542,0
8978,380,115,1,resource_use,treatment_begins,526.3822599668748,1.0,1,3.0,,542,0
8979,383,44,2,resource_use,treatment_begins,526.9146053453272,4.0,1,4.0,,542,0
8980,135,45,2,queue,treatment_wait_begins,187.08816512218607,,1,1.0,,544,0
8981,140,46,2,queue,treatment_wait_begins,192.75850263079985,,1,2.0,,544,0
8982,148,47,2,queue,treatment_wait_begins,199.5301925701257,,1,3.0,,544,0
8983,153,48,2,queue,treatment_wait_begins,205.14039082741283,,1,4.0,,544,0
8984,155,49,2,queue,treatment_wait_begins,206.54063642859495,,1,5.0,,544,0
8985,157,50,2,queue,treatment_wait_begins,208.1453173837751,,1,6.0,,544,0
8986,159,51,2,queue,treatment_wait_begins,208.9739969202831,,1,7.0,,544,0
8987,161,52,2,queue,treatment_wait_begins,210.74581448374042,,1,8.0,,544,0
8988,163,53,2,queue,treatment_wait_begins,210.85151326578935,,1,9.0,,544,0
8989,165,54,2,queue,treatment_wait_begins,211.68829524636791,,1,10.0,,544,0
8990,167,55,2,queue,treatment_wait_begins,218.2635794691037,,1,11.0,,544,0
8991,181,56,2,queue,treatment_wait_begins,238.24236082502787,,1,12.0,,544,0
8992,185,58,2,queue,treatment_wait_begins,242.4802497949752,,1,13.0,,544,0
8993,187,59,2,queue,treatment_wait_begins,244.4690310645114,,1,14.0,,544,0
8994,189,60,2,queue,treatment_wait_begins,246.27574217918595,,1,15.0,,544,0
8995,193,62,2,queue,treatment_wait_begins,252.340535869662,,1,16.0,,544,0
8996,195,63,2,queue,treatment_wait_begins,259.21978013724924,,1,17.0,,544,0
8997,197,64,2,queue,treatment_wait_begins,266.7588257904633,,1,18.0,,544,0
8998,211,65,2,queue,treatment_wait_begins,293.3082397692622,,1,19.0,,544,0
8999,213,66,2,queue,treatment_wait_begins,303.841540943146,,1,20.0,,544,0
9000,215,67,2,queue,treatment_wait_begins,312.06587014562393,,1,21.0,,544,0
9001,226,68,2,queue,treatment_wait_begins,317.28332755550696,,1,22.0,,544,0
9002,228,69,2,queue,treatment_wait_begins,320.2459485503109,,1,23.0,,544,0
9003,230,70,2,queue,treatment_wait_begins,320.46821633167013,,1,24.0,,544,0
9004,235,71,2,queue,treatment_wait_begins,325.25123026577114,,1,25.0,,544,0
9005,241,74,2,queue,treatment_wait_begins,346.037960484565,,1,26.0,,544,0
9006,243,75,2,queue,treatment_wait_begins,347.69830455805135,,1,27.0,,544,0
9007,245,76,2,queue,treatment_wait_begins,347.94705816407,,1,28.0,,544,0
9008,247,77,2,queue,treatment_wait_begins,352.5711693396838,,1,29.0,,544,0
9009,263,79,2,queue,treatment_wait_begins,369.44362432169635,,1,30.0,,544,0
9010,265,80,2,queue,treatment_wait_begins,380.09833875091823,,1,31.0,,544,0
9011,267,81,2,queue,treatment_wait_begins,383.8634124776174,,1,32.0,,544,0
9012,269,82,2,queue,treatment_wait_begins,390.4333827158369,,1,33.0,,544,0
9013,271,83,2,queue,treatment_wait_begins,391.8772976892559,,1,34.0,,544,0
9014,273,84,2,queue,treatment_wait_begins,392.54938394344936,,1,35.0,,544,0
9015,275,85,2,queue,treatment_wait_begins,393.26178810715084,,1,36.0,,544,0
9016,277,86,2,queue,treatment_wait_begins,393.85019969752625,,1,37.0,,544,0
9017,279,87,2,queue,treatment_wait_begins,394.1235652920939,,1,38.0,,544,0
9018,290,88,2,queue,treatment_wait_begins,402.7065312495663,,1,39.0,,544,0
9019,295,89,2,queue,treatment_wait_begins,404.9496062434009,,1,40.0,,544,0
9020,297,90,2,queue,treatment_wait_begins,406.8802625567264,,1,41.0,,544,0
9021,299,91,2,queue,treatment_wait_begins,411.5550592296831,,1,42.0,,544,0
9022,303,93,2,queue,treatment_wait_begins,422.0828587162822,,1,43.0,,544,0
9023,305,94,2,queue,treatment_wait_begins,428.54263891348444,,1,44.0,,544,0
9024,307,95,2,queue,treatment_wait_begins,430.18884989348794,,1,45.0,,544,0
9025,309,96,2,queue,treatment_wait_begins,431.1918089653501,,1,46.0,18.0,544,0
9026,364,42,2,resource_use,treatment_begins,513.0453259889181,2.0,1,1.0,,544,0
9027,375,113,1,resource_use,treatment_begins,521.2094333460852,3.0,1,2.0,,544,0
9028,380,115,1,resource_use,treatment_begins,526.3822599668748,1.0,1,3.0,,544,0
9029,383,44,2,resource_use,treatment_begins,526.9146053453272,4.0,1,4.0,,544,0
9030,135,45,2,queue,treatment_wait_begins,187.08816512218607,,1,1.0,,546,0
9031,140,46,2,queue,treatment_wait_begins,192.75850263079985,,1,2.0,,546,0
9032,148,47,2,queue,treatment_wait_begins,199.5301925701257,,1,3.0,,546,0
9033,153,48,2,queue,treatment_wait_begins,205.14039082741283,,1,4.0,,546,0
9034,155,49,2,queue,treatment_wait_begins,206.54063642859495,,1,5.0,,546,0
9035,157,50,2,queue,treatment_wait_begins,208.1453173837751,,1,6.0,,546,0
9036,159,51,2,queue,treatment_wait_begins,208.9739969202831,,1,7.0,,546,0
9037,161,52,2,queue,treatment_wait_begins,210.74581448374042,,1,8.0,,546,0
9038,163,53,2,queue,treatment_wait_begins,210.85151326578935,,1,9.0,,546,0
9039,165,54,2,queue,treatment_wait_begins,211.68829524636791,,1,10.0,,546,0
9040,167,55,2,queue,treatment_wait_begins,218.2635794691037,,1,11.0,,546,0
9041,181,56,2,queue,treatment_wait_begins,238.24236082502787,,1,12.0,,546,0
9042,185,58,2,queue,treatment_wait_begins,242.4802497949752,,1,13.0,,546,0
9043,187,59,2,queue,treatment_wait_begins,244.4690310645114,,1,14.0,,546,0
9044,189,60,2,queue,treatment_wait_begins,246.27574217918595,,1,15.0,,546,0
9045,193,62,2,queue,treatment_wait_begins,252.340535869662,,1,16.0,,546,0
9046,195,63,2,queue,treatment_wait_begins,259.21978013724924,,1,17.0,,546,0
9047,197,64,2,queue,treatment_wait_begins,266.7588257904633,,1,18.0,,546,0
9048,211,65,2,queue,treatment_wait_begins,293.3082397692622,,1,19.0,,546,0
9049,213,66,2,queue,treatment_wait_begins,303.841540943146,,1,20.0,,546,0
9050,215,67,2,queue,treatment_wait_begins,312.06587014562393,,1,21.0,,546,0
9051,226,68,2,queue,treatment_wait_begins,317.28332755550696,,1,22.0,,546,0
9052,228,69,2,queue,treatment_wait_begins,320.2459485503109,,1,23.0,,546,0
9053,230,70,2,queue,treatment_wait_begins,320.46821633167013,,1,24.0,,546,0
9054,235,71,2,queue,treatment_wait_begins,325.25123026577114,,1,25.0,,546,0
9055,241,74,2,queue,treatment_wait_begins,346.037960484565,,1,26.0,,546,0
9056,243,75,2,queue,treatment_wait_begins,347.69830455805135,,1,27.0,,546,0
9057,245,76,2,queue,treatment_wait_begins,347.94705816407,,1,28.0,,546,0
9058,247,77,2,queue,treatment_wait_begins,352.5711693396838,,1,29.0,,546,0
9059,263,79,2,queue,treatment_wait_begins,369.44362432169635,,1,30.0,,546,0
9060,265,80,2,queue,treatment_wait_begins,380.09833875091823,,1,31.0,,546,0
9061,267,81,2,queue,treatment_wait_begins,383.8634124776174,,1,32.0,,546,0
9062,269,82,2,queue,treatment_wait_begins,390.4333827158369,,1,33.0,,546,0
9063,271,83,2,queue,treatment_wait_begins,391.8772976892559,,1,34.0,,546,0
9064,273,84,2,queue,treatment_wait_begins,392.54938394344936,,1,35.0,,546,0
9065,275,85,2,queue,treatment_wait_begins,393.26178810715084,,1,36.0,,546,0
9066,277,86,2,queue,treatment_wait_begins,393.85019969752625,,1,37.0,,546,0
9067,279,87,2,queue,treatment_wait_begins,394.1235652920939,,1,38.0,,546,0
9068,290,88,2,queue,treatment_wait_begins,402.7065312495663,,1,39.0,,546,0
9069,295,89,2,queue,treatment_wait_begins,404.9496062434009,,1,40.0,,546,0
9070,297,90,2,queue,treatment_wait_begins,406.8802625567264,,1,41.0,,546,0
9071,299,91,2,queue,treatment_wait_begins,411.5550592296831,,1,42.0,,546,0
9072,303,93,2,queue,treatment_wait_begins,422.0828587162822,,1,43.0,,546,0
9073,305,94,2,queue,treatment_wait_begins,428.54263891348444,,1,44.0,,546,0
9074,307,95,2,queue,treatment_wait_begins,430.18884989348794,,1,45.0,,546,0
9075,309,96,2,queue,treatment_wait_begins,431.1918089653501,,1,46.0,18.0,546,0
9076,364,42,2,resource_use,treatment_begins,513.0453259889181,2.0,1,1.0,,546,0
9077,375,113,1,resource_use,treatment_begins,521.2094333460852,3.0,1,2.0,,546,0
9078,380,115,1,resource_use,treatment_begins,526.3822599668748,1.0,1,3.0,,546,0
9079,383,44,2,resource_use,treatment_begins,526.9146053453272,4.0,1,4.0,,546,0
9080,135,45,2,queue,treatment_wait_begins,187.08816512218607,,1,1.0,,548,0
9081,140,46,2,queue,treatment_wait_begins,192.75850263079985,,1,2.0,,548,0
9082,148,47,2,queue,treatment_wait_begins,199.5301925701257,,1,3.0,,548,0
9083,153,48,2,queue,treatment_wait_begins,205.14039082741283,,1,4.0,,548,0
9084,155,49,2,queue,treatment_wait_begins,206.54063642859495,,1,5.0,,548,0
9085,157,50,2,queue,treatment_wait_begins,208.1453173837751,,1,6.0,,548,0
9086,159,51,2,queue,treatment_wait_begins,208.9739969202831,,1,7.0,,548,0
9087,161,52,2,queue,treatment_wait_begins,210.74581448374042,,1,8.0,,548,0
9088,163,53,2,queue,treatment_wait_begins,210.85151326578935,,1,9.0,,548,0
9089,165,54,2,queue,treatment_wait_begins,211.68829524636791,,1,10.0,,548,0
9090,167,55,2,queue,treatment_wait_begins,218.2635794691037,,1,11.0,,548,0
9091,181,56,2,queue,treatment_wait_begins,238.24236082502787,,1,12.0,,548,0
9092,185,58,2,queue,treatment_wait_begins,242.4802497949752,,1,13.0,,548,0
9093,187,59,2,queue,treatment_wait_begins,244.4690310645114,,1,14.0,,548,0
9094,189,60,2,queue,treatment_wait_begins,246.27574217918595,,1,15.0,,548,0
9095,193,62,2,queue,treatment_wait_begins,252.340535869662,,1,16.0,,548,0
9096,195,63,2,queue,treatment_wait_begins,259.21978013724924,,1,17.0,,548,0
9097,197,64,2,queue,treatment_wait_begins,266.7588257904633,,1,18.0,,548,0
9098,211,65,2,queue,treatment_wait_begins,293.3082397692622,,1,19.0,,548,0
9099,213,66,2,queue,treatment_wait_begins,303.841540943146,,1,20.0,,548,0
9100,215,67,2,queue,treatment_wait_begins,312.06587014562393,,1,21.0,,548,0
9101,226,68,2,queue,treatment_wait_begins,317.28332755550696,,1,22.0,,548,0
9102,228,69,2,queue,treatment_wait_begins,320.2459485503109,,1,23.0,,548,0
9103,230,70,2,queue,treatment_wait_begins,320.46821633167013,,1,24.0,,548,0
9104,235,71,2,queue,treatment_wait_begins,325.25123026577114,,1,25.0,,548,0
9105,241,74,2,queue,treatment_wait_begins,346.037960484565,,1,26.0,,548,0
9106,243,75,2,queue,treatment_wait_begins,347.69830455805135,,1,27.0,,548,0
9107,245,76,2,queue,treatment_wait_begins,347.94705816407,,1,28.0,,548,0
9108,247,77,2,queue,treatment_wait_begins,352.5711693396838,,1,29.0,,548,0
9109,263,79,2,queue,treatment_wait_begins,369.44362432169635,,1,30.0,,548,0
9110,265,80,2,queue,treatment_wait_begins,380.09833875091823,,1,31.0,,548,0
9111,267,81,2,queue,treatment_wait_begins,383.8634124776174,,1,32.0,,548,0
9112,269,82,2,queue,treatment_wait_begins,390.4333827158369,,1,33.0,,548,0
9113,271,83,2,queue,treatment_wait_begins,391.8772976892559,,1,34.0,,548,0
9114,273,84,2,queue,treatment_wait_begins,392.54938394344936,,1,35.0,,548,0
9115,275,85,2,queue,treatment_wait_begins,393.26178810715084,,1,36.0,,548,0
9116,277,86,2,queue,treatment_wait_begins,393.85019969752625,,1,37.0,,548,0
9117,279,87,2,queue,treatment_wait_begins,394.1235652920939,,1,38.0,,548,0
9118,290,88,2,queue,treatment_wait_begins,402.7065312495663,,1,39.0,,548,0
9119,295,89,2,queue,treatment_wait_begins,404.9496062434009,,1,40.0,,548,0
9120,297,90,2,queue,treatment_wait_begins,406.8802625567264,,1,41.0,,548,0
9121,299,91,2,queue,treatment_wait_begins,411.5550592296831,,1,42.0,,548,0
9122,303,93,2,queue,treatment_wait_begins,422.0828587162822,,1,43.0,,548,0
9123,305,94,2,queue,treatment_wait_begins,428.54263891348444,,1,44.0,,548,0
9124,307,95,2,queue,treatment_wait_begins,430.18884989348794,,1,45.0,,548,0
9125,309,96,2,queue,treatment_wait_begins,431.1918089653501,,1,46.0,18.0,548,0
9126,364,42,2,resource_use,treatment_begins,513.0453259889181,2.0,1,1.0,,548,0
9127,375,113,1,resource_use,treatment_begins,521.2094333460852,3.0,1,2.0,,548,0
9128,380,115,1,resource_use,treatment_begins,526.3822599668748,1.0,1,3.0,,548,0
9129,383,44,2,resource_use,treatment_begins,526.9146053453272,4.0,1,4.0,,548,0
9130,135,45,2,queue,treatment_wait_begins,187.08816512218607,,1,1.0,,550,0
9131,140,46,2,queue,treatment_wait_begins,192.75850263079985,,1,2.0,,550,0
9132,148,47,2,queue,treatment_wait_begins,199.5301925701257,,1,3.0,,550,0
9133,153,48,2,queue,treatment_wait_begins,205.14039082741283,,1,4.0,,550,0
9134,155,49,2,queue,treatment_wait_begins,206.54063642859495,,1,5.0,,550,0
9135,157,50,2,queue,treatment_wait_begins,208.1453173837751,,1,6.0,,550,0
9136,159,51,2,queue,treatment_wait_begins,208.9739969202831,,1,7.0,,550,0
9137,161,52,2,queue,treatment_wait_begins,210.74581448374042,,1,8.0,,550,0
9138,163,53,2,queue,treatment_wait_begins,210.85151326578935,,1,9.0,,550,0
9139,165,54,2,queue,treatment_wait_begins,211.68829524636791,,1,10.0,,550,0
9140,167,55,2,queue,treatment_wait_begins,218.2635794691037,,1,11.0,,550,0
9141,181,56,2,queue,treatment_wait_begins,238.24236082502787,,1,12.0,,550,0
9142,185,58,2,queue,treatment_wait_begins,242.4802497949752,,1,13.0,,550,0
9143,187,59,2,queue,treatment_wait_begins,244.4690310645114,,1,14.0,,550,0
9144,189,60,2,queue,treatment_wait_begins,246.27574217918595,,1,15.0,,550,0
9145,193,62,2,queue,treatment_wait_begins,252.340535869662,,1,16.0,,550,0
9146,195,63,2,queue,treatment_wait_begins,259.21978013724924,,1,17.0,,550,0
9147,197,64,2,queue,treatment_wait_begins,266.7588257904633,,1,18.0,,550,0
9148,211,65,2,queue,treatment_wait_begins,293.3082397692622,,1,19.0,,550,0
9149,213,66,2,queue,treatment_wait_begins,303.841540943146,,1,20.0,,550,0
9150,215,67,2,queue,treatment_wait_begins,312.06587014562393,,1,21.0,,550,0
9151,226,68,2,queue,treatment_wait_begins,317.28332755550696,,1,22.0,,550,0
9152,228,69,2,queue,treatment_wait_begins,320.2459485503109,,1,23.0,,550,0
9153,230,70,2,queue,treatment_wait_begins,320.46821633167013,,1,24.0,,550,0
9154,235,71,2,queue,treatment_wait_begins,325.25123026577114,,1,25.0,,550,0
9155,241,74,2,queue,treatment_wait_begins,346.037960484565,,1,26.0,,550,0
9156,243,75,2,queue,treatment_wait_begins,347.69830455805135,,1,27.0,,550,0
9157,245,76,2,queue,treatment_wait_begins,347.94705816407,,1,28.0,,550,0
9158,247,77,2,queue,treatment_wait_begins,352.5711693396838,,1,29.0,,550,0
9159,263,79,2,queue,treatment_wait_begins,369.44362432169635,,1,30.0,,550,0
9160,265,80,2,queue,treatment_wait_begins,380.09833875091823,,1,31.0,,550,0
9161,267,81,2,queue,treatment_wait_begins,383.8634124776174,,1,32.0,,550,0
9162,269,82,2,queue,treatment_wait_begins,390.4333827158369,,1,33.0,,550,0
9163,271,83,2,queue,treatment_wait_begins,391.8772976892559,,1,34.0,,550,0
9164,273,84,2,queue,treatment_wait_begins,392.54938394344936,,1,35.0,,550,0
9165,275,85,2,queue,treatment_wait_begins,393.26178810715084,,1,36.0,,550,0
9166,277,86,2,queue,treatment_wait_begins,393.85019969752625,,1,37.0,,550,0
9167,279,87,2,queue,treatment_wait_begins,394.1235652920939,,1,38.0,,550,0
9168,290,88,2,queue,treatment_wait_begins,402.7065312495663,,1,39.0,,550,0
9169,295,89,2,queue,treatment_wait_begins,404.9496062434009,,1,40.0,,550,0
9170,297,90,2,queue,treatment_wait_begins,406.8802625567264,,1,41.0,,550,0
9171,299,91,2,queue,treatment_wait_begins,411.5550592296831,,1,42.0,,550,0
9172,303,93,2,queue,treatment_wait_begins,422.0828587162822,,1,43.0,,550,0
9173,305,94,2,queue,treatment_wait_begins,428.54263891348444,,1,44.0,,550,0
9174,307,95,2,queue,treatment_wait_begins,430.18884989348794,,1,45.0,,550,0
9175,309,96,2,queue,treatment_wait_begins,431.1918089653501,,1,46.0,19.0,550,0
9176,364,42,2,resource_use,treatment_begins,513.0453259889181,2.0,1,1.0,,550,0
9177,375,113,1,resource_use,treatment_begins,521.2094333460852,3.0,1,2.0,,550,0
9178,380,115,1,resource_use,treatment_begins,526.3822599668748,1.0,1,3.0,,550,0
9179,383,44,2,resource_use,treatment_begins,526.9146053453272,4.0,1,4.0,,550,0
9180,135,45,2,queue,treatment_wait_begins,187.08816512218607,,1,1.0,,552,0
9181,140,46,2,queue,treatment_wait_begins,192.75850263079985,,1,2.0,,552,0
9182,148,47,2,queue,treatment_wait_begins,199.5301925701257,,1,3.0,,552,0
9183,153,48,2,queue,treatment_wait_begins,205.14039082741283,,1,4.0,,552,0
9184,155,49,2,queue,treatment_wait_begins,206.54063642859495,,1,5.0,,552,0
9185,157,50,2,queue,treatment_wait_begins,208.1453173837751,,1,6.0,,552,0
9186,159,51,2,queue,treatment_wait_begins,208.9739969202831,,1,7.0,,552,0
9187,161,52,2,queue,treatment_wait_begins,210.74581448374042,,1,8.0,,552,0
9188,163,53,2,queue,treatment_wait_begins,210.85151326578935,,1,9.0,,552,0
9189,165,54,2,queue,treatment_wait_begins,211.68829524636791,,1,10.0,,552,0
9190,167,55,2,queue,treatment_wait_begins,218.2635794691037,,1,11.0,,552,0
9191,181,56,2,queue,treatment_wait_begins,238.24236082502787,,1,12.0,,552,0
9192,185,58,2,queue,treatment_wait_begins,242.4802497949752,,1,13.0,,552,0
9193,187,59,2,queue,treatment_wait_begins,244.4690310645114,,1,14.0,,552,0
9194,189,60,2,queue,treatment_wait_begins,246.27574217918595,,1,15.0,,552,0
9195,193,62,2,queue,treatment_wait_begins,252.340535869662,,1,16.0,,552,0
9196,195,63,2,queue,treatment_wait_begins,259.21978013724924,,1,17.0,,552,0
9197,197,64,2,queue,treatment_wait_begins,266.7588257904633,,1,18.0,,552,0
9198,211,65,2,queue,treatment_wait_begins,293.3082397692622,,1,19.0,,552,0
9199,213,66,2,queue,treatment_wait_begins,303.841540943146,,1,20.0,,552,0
9200,215,67,2,queue,treatment_wait_begins,312.06587014562393,,1,21.0,,552,0
9201,226,68,2,queue,treatment_wait_begins,317.28332755550696,,1,22.0,,552,0
9202,228,69,2,queue,treatment_wait_begins,320.2459485503109,,1,23.0,,552,0
9203,230,70,2,queue,treatment_wait_begins,320.46821633167013,,1,24.0,,552,0
9204,235,71,2,queue,treatment_wait_begins,325.25123026577114,,1,25.0,,552,0
9205,241,74,2,queue,treatment_wait_begins,346.037960484565,,1,26.0,,552,0
9206,243,75,2,queue,treatment_wait_begins,347.69830455805135,,1,27.0,,552,0
9207,245,76,2,queue,treatment_wait_begins,347.94705816407,,1,28.0,,552,0
9208,247,77,2,queue,treatment_wait_begins,352.5711693396838,,1,29.0,,552,0
9209,263,79,2,queue,treatment_wait_begins,369.44362432169635,,1,30.0,,552,0
9210,265,80,2,queue,treatment_wait_begins,380.09833875091823,,1,31.0,,552,0
9211,267,81,2,queue,treatment_wait_begins,383.8634124776174,,1,32.0,,552,0
9212,269,82,2,queue,treatment_wait_begins,390.4333827158369,,1,33.0,,552,0
9213,271,83,2,queue,treatment_wait_begins,391.8772976892559,,1,34.0,,552,0
9214,273,84,2,queue,treatment_wait_begins,392.54938394344936,,1,35.0,,552,0
9215,275,85,2,queue,treatment_wait_begins,393.26178810715084,,1,36.0,,552,0
9216,277,86,2,queue,treatment_wait_begins,393.85019969752625,,1,37.0,,552,0
9217,279,87,2,queue,treatment_wait_begins,394.1235652920939,,1,38.0,,552,0
9218,290,88,2,queue,treatment_wait_begins,402.7065312495663,,1,39.0,,552,0
9219,295,89,2,queue,treatment_wait_begins,404.9496062434009,,1,40.0,,552,0
9220,297,90,2,queue,treatment_wait_begins,406.8802625567264,,1,41.0,,552,0
9221,299,91,2,queue,treatment_wait_begins,411.5550592296831,,1,42.0,,552,0
9222,303,93,2,queue,treatment_wait_begins,422.0828587162822,,1,43.0,,552,0
9223,305,94,2,queue,treatment_wait_begins,428.54263891348444,,1,44.0,,552,0
9224,307,95,2,queue,treatment_wait_begins,430.18884989348794,,1,45.0,,552,0
9225,309,96,2,queue,treatment_wait_begins,431.1918089653501,,1,46.0,19.0,552,0
9226,364,42,2,resource_use,treatment_begins,513.0453259889181,2.0,1,1.0,,552,0
9227,375,113,1,resource_use,treatment_begins,521.2094333460852,3.0,1,2.0,,552,0
9228,380,115,1,resource_use,treatment_begins,526.3822599668748,1.0,1,3.0,,552,0
9229,383,44,2,resource_use,treatment_begins,526.9146053453272,4.0,1,4.0,,552,0
9230,135,45,2,queue,treatment_wait_begins,187.08816512218607,,1,1.0,,554,0
9231,140,46,2,queue,treatment_wait_begins,192.75850263079985,,1,2.0,,554,0
9232,148,47,2,queue,treatment_wait_begins,199.5301925701257,,1,3.0,,554,0
9233,153,48,2,queue,treatment_wait_begins,205.14039082741283,,1,4.0,,554,0
9234,155,49,2,queue,treatment_wait_begins,206.54063642859495,,1,5.0,,554,0
9235,157,50,2,queue,treatment_wait_begins,208.1453173837751,,1,6.0,,554,0
9236,159,51,2,queue,treatment_wait_begins,208.9739969202831,,1,7.0,,554,0
9237,161,52,2,queue,treatment_wait_begins,210.74581448374042,,1,8.0,,554,0
9238,163,53,2,queue,treatment_wait_begins,210.85151326578935,,1,9.0,,554,0
9239,165,54,2,queue,treatment_wait_begins,211.68829524636791,,1,10.0,,554,0
9240,167,55,2,queue,treatment_wait_begins,218.2635794691037,,1,11.0,,554,0
9241,181,56,2,queue,treatment_wait_begins,238.24236082502787,,1,12.0,,554,0
9242,185,58,2,queue,treatment_wait_begins,242.4802497949752,,1,13.0,,554,0
9243,187,59,2,queue,treatment_wait_begins,244.4690310645114,,1,14.0,,554,0
9244,189,60,2,queue,treatment_wait_begins,246.27574217918595,,1,15.0,,554,0
9245,193,62,2,queue,treatment_wait_begins,252.340535869662,,1,16.0,,554,0
9246,195,63,2,queue,treatment_wait_begins,259.21978013724924,,1,17.0,,554,0
9247,197,64,2,queue,treatment_wait_begins,266.7588257904633,,1,18.0,,554,0
9248,211,65,2,queue,treatment_wait_begins,293.3082397692622,,1,19.0,,554,0
9249,213,66,2,queue,treatment_wait_begins,303.841540943146,,1,20.0,,554,0
9250,215,67,2,queue,treatment_wait_begins,312.06587014562393,,1,21.0,,554,0
9251,226,68,2,queue,treatment_wait_begins,317.28332755550696,,1,22.0,,554,0
9252,228,69,2,queue,treatment_wait_begins,320.2459485503109,,1,23.0,,554,0
9253,230,70,2,queue,treatment_wait_begins,320.46821633167013,,1,24.0,,554,0
9254,235,71,2,queue,treatment_wait_begins,325.25123026577114,,1,25.0,,554,0
9255,241,74,2,queue,treatment_wait_begins,346.037960484565,,1,26.0,,554,0
9256,243,75,2,queue,treatment_wait_begins,347.69830455805135,,1,27.0,,554,0
9257,245,76,2,queue,treatment_wait_begins,347.94705816407,,1,28.0,,554,0
9258,247,77,2,queue,treatment_wait_begins,352.5711693396838,,1,29.0,,554,0
9259,263,79,2,queue,treatment_wait_begins,369.44362432169635,,1,30.0,,554,0
9260,265,80,2,queue,treatment_wait_begins,380.09833875091823,,1,31.0,,554,0
9261,267,81,2,queue,treatment_wait_begins,383.8634124776174,,1,32.0,,554,0
9262,269,82,2,queue,treatment_wait_begins,390.4333827158369,,1,33.0,,554,0
9263,271,83,2,queue,treatment_wait_begins,391.8772976892559,,1,34.0,,554,0
9264,273,84,2,queue,treatment_wait_begins,392.54938394344936,,1,35.0,,554,0
9265,275,85,2,queue,treatment_wait_begins,393.26178810715084,,1,36.0,,554,0
9266,277,86,2,queue,treatment_wait_begins,393.85019969752625,,1,37.0,,554,0
9267,279,87,2,queue,treatment_wait_begins,394.1235652920939,,1,38.0,,554,0
9268,290,88,2,queue,treatment_wait_begins,402.7065312495663,,1,39.0,,554,0
9269,295,89,2,queue,treatment_wait_begins,404.9496062434009,,1,40.0,,554,0
9270,297,90,2,queue,treatment_wait_begins,406.8802625567264,,1,41.0,,554,0
9271,299,91,2,queue,treatment_wait_begins,411.5550592296831,,1,42.0,,554,0
9272,303,93,2,queue,treatment_wait_begins,422.0828587162822,,1,43.0,,554,0
9273,305,94,2,queue,treatment_wait_begins,428.54263891348444,,1,44.0,,554,0
9274,307,95,2,queue,treatment_wait_begins,430.18884989348794,,1,45.0,,554,0
9275,309,96,2,queue,treatment_wait_begins,431.1918089653501,,1,46.0,19.0,554,0
9276,364,42,2,resource_use,treatment_begins,513.0453259889181,2.0,1,1.0,,554,0
9277,375,113,1,resource_use,treatment_begins,521.2094333460852,3.0,1,2.0,,554,0
9278,380,115,1,resource_use,treatment_begins,526.3822599668748,1.0,1,3.0,,554,0
9279,383,44,2,resource_use,treatment_begins,526.9146053453272,4.0,1,4.0,,554,0
9280,140,46,2,queue,treatment_wait_begins,192.75850263079985,,1,1.0,,556,0
9281,148,47,2,queue,treatment_wait_begins,199.5301925701257,,1,2.0,,556,0
9282,153,48,2,queue,treatment_wait_begins,205.14039082741283,,1,3.0,,556,0
9283,155,49,2,queue,treatment_wait_begins,206.54063642859495,,1,4.0,,556,0
9284,157,50,2,queue,treatment_wait_begins,208.1453173837751,,1,5.0,,556,0
9285,159,51,2,queue,treatment_wait_begins,208.9739969202831,,1,6.0,,556,0
9286,161,52,2,queue,treatment_wait_begins,210.74581448374042,,1,7.0,,556,0
9287,163,53,2,queue,treatment_wait_begins,210.85151326578935,,1,8.0,,556,0
9288,165,54,2,queue,treatment_wait_begins,211.68829524636791,,1,9.0,,556,0
9289,167,55,2,queue,treatment_wait_begins,218.2635794691037,,1,10.0,,556,0
9290,181,56,2,queue,treatment_wait_begins,238.24236082502787,,1,11.0,,556,0
9291,185,58,2,queue,treatment_wait_begins,242.4802497949752,,1,12.0,,556,0
9292,187,59,2,queue,treatment_wait_begins,244.4690310645114,,1,13.0,,556,0
9293,189,60,2,queue,treatment_wait_begins,246.27574217918595,,1,14.0,,556,0
9294,193,62,2,queue,treatment_wait_begins,252.340535869662,,1,15.0,,556,0
9295,195,63,2,queue,treatment_wait_begins,259.21978013724924,,1,16.0,,556,0
9296,197,64,2,queue,treatment_wait_begins,266.7588257904633,,1,17.0,,556,0
9297,211,65,2,queue,treatment_wait_begins,293.3082397692622,,1,18.0,,556,0
9298,213,66,2,queue,treatment_wait_begins,303.841540943146,,1,19.0,,556,0
9299,215,67,2,queue,treatment_wait_begins,312.06587014562393,,1,20.0,,556,0
9300,226,68,2,queue,treatment_wait_begins,317.28332755550696,,1,21.0,,556,0
9301,228,69,2,queue,treatment_wait_begins,320.2459485503109,,1,22.0,,556,0
9302,230,70,2,queue,treatment_wait_begins,320.46821633167013,,1,23.0,,556,0
9303,235,71,2,queue,treatment_wait_begins,325.25123026577114,,1,24.0,,556,0
9304,241,74,2,queue,treatment_wait_begins,346.037960484565,,1,25.0,,556,0
9305,243,75,2,queue,treatment_wait_begins,347.69830455805135,,1,26.0,,556,0
9306,245,76,2,queue,treatment_wait_begins,347.94705816407,,1,27.0,,556,0
9307,247,77,2,queue,treatment_wait_begins,352.5711693396838,,1,28.0,,556,0
9308,263,79,2,queue,treatment_wait_begins,369.44362432169635,,1,29.0,,556,0
9309,265,80,2,queue,treatment_wait_begins,380.09833875091823,,1,30.0,,556,0
9310,267,81,2,queue,treatment_wait_begins,383.8634124776174,,1,31.0,,556,0
9311,269,82,2,queue,treatment_wait_begins,390.4333827158369,,1,32.0,,556,0
9312,271,83,2,queue,treatment_wait_begins,391.8772976892559,,1,33.0,,556,0
9313,273,84,2,queue,treatment_wait_begins,392.54938394344936,,1,34.0,,556,0
9314,275,85,2,queue,treatment_wait_begins,393.26178810715084,,1,35.0,,556,0
9315,277,86,2,queue,treatment_wait_begins,393.85019969752625,,1,36.0,,556,0
9316,279,87,2,queue,treatment_wait_begins,394.1235652920939,,1,37.0,,556,0
9317,290,88,2,queue,treatment_wait_begins,402.7065312495663,,1,38.0,,556,0
9318,295,89,2,queue,treatment_wait_begins,404.9496062434009,,1,39.0,,556,0
9319,297,90,2,queue,treatment_wait_begins,406.8802625567264,,1,40.0,,556,0
9320,299,91,2,queue,treatment_wait_begins,411.5550592296831,,1,41.0,,556,0
9321,303,93,2,queue,treatment_wait_begins,422.0828587162822,,1,42.0,,556,0
9322,305,94,2,queue,treatment_wait_begins,428.54263891348444,,1,43.0,,556,0
9323,307,95,2,queue,treatment_wait_begins,430.18884989348794,,1,44.0,,556,0
9324,309,96,2,queue,treatment_wait_begins,431.1918089653501,,1,45.0,,556,62
9325,314,97,2,queue,treatment_wait_begins,433.84690701169285,,1,46.0,19.0,556,0
9326,375,113,1,resource_use,treatment_begins,521.2094333460852,3.0,1,1.0,,556,0
9327,380,115,1,resource_use,treatment_begins,526.3822599668748,1.0,1,2.0,,556,0
9328,383,44,2,resource_use,treatment_begins,526.9146053453272,4.0,1,3.0,,556,0
9329,394,45,2,resource_use,treatment_begins,554.1913498305421,2.0,1,4.0,,556,0
9330,140,46,2,queue,treatment_wait_begins,192.75850263079985,,1,1.0,,558,0
9331,148,47,2,queue,treatment_wait_begins,199.5301925701257,,1,2.0,,558,0
9332,153,48,2,queue,treatment_wait_begins,205.14039082741283,,1,3.0,,558,0
9333,155,49,2,queue,treatment_wait_begins,206.54063642859495,,1,4.0,,558,0
9334,157,50,2,queue,treatment_wait_begins,208.1453173837751,,1,5.0,,558,0
9335,159,51,2,queue,treatment_wait_begins,208.9739969202831,,1,6.0,,558,0
9336,161,52,2,queue,treatment_wait_begins,210.74581448374042,,1,7.0,,558,0
9337,163,53,2,queue,treatment_wait_begins,210.85151326578935,,1,8.0,,558,0
9338,165,54,2,queue,treatment_wait_begins,211.68829524636791,,1,9.0,,558,0
9339,167,55,2,queue,treatment_wait_begins,218.2635794691037,,1,10.0,,558,0
9340,181,56,2,queue,treatment_wait_begins,238.24236082502787,,1,11.0,,558,0
9341,185,58,2,queue,treatment_wait_begins,242.4802497949752,,1,12.0,,558,0
9342,187,59,2,queue,treatment_wait_begins,244.4690310645114,,1,13.0,,558,0
9343,189,60,2,queue,treatment_wait_begins,246.27574217918595,,1,14.0,,558,0
9344,193,62,2,queue,treatment_wait_begins,252.340535869662,,1,15.0,,558,0
9345,195,63,2,queue,treatment_wait_begins,259.21978013724924,,1,16.0,,558,0
9346,197,64,2,queue,treatment_wait_begins,266.7588257904633,,1,17.0,,558,0
9347,211,65,2,queue,treatment_wait_begins,293.3082397692622,,1,18.0,,558,0
9348,213,66,2,queue,treatment_wait_begins,303.841540943146,,1,19.0,,558,0
9349,215,67,2,queue,treatment_wait_begins,312.06587014562393,,1,20.0,,558,0
9350,226,68,2,queue,treatment_wait_begins,317.28332755550696,,1,21.0,,558,0
9351,228,69,2,queue,treatment_wait_begins,320.2459485503109,,1,22.0,,558,0
9352,230,70,2,queue,treatment_wait_begins,320.46821633167013,,1,23.0,,558,0
9353,235,71,2,queue,treatment_wait_begins,325.25123026577114,,1,24.0,,558,0
9354,241,74,2,queue,treatment_wait_begins,346.037960484565,,1,25.0,,558,0
9355,243,75,2,queue,treatment_wait_begins,347.69830455805135,,1,26.0,,558,0
9356,245,76,2,queue,treatment_wait_begins,347.94705816407,,1,27.0,,558,0
9357,247,77,2,queue,treatment_wait_begins,352.5711693396838,,1,28.0,,558,0
9358,263,79,2,queue,treatment_wait_begins,369.44362432169635,,1,29.0,,558,0
9359,265,80,2,queue,treatment_wait_begins,380.09833875091823,,1,30.0,,558,0
9360,267,81,2,queue,treatment_wait_begins,383.8634124776174,,1,31.0,,558,0
9361,269,82,2,queue,treatment_wait_begins,390.4333827158369,,1,32.0,,558,0
9362,271,83,2,queue,treatment_wait_begins,391.8772976892559,,1,33.0,,558,0
9363,273,84,2,queue,treatment_wait_begins,392.54938394344936,,1,34.0,,558,0
9364,275,85,2,queue,treatment_wait_begins,393.26178810715084,,1,35.0,,558,0
9365,277,86,2,queue,treatment_wait_begins,393.85019969752625,,1,36.0,,558,0
9366,279,87,2,queue,treatment_wait_begins,394.1235652920939,,1,37.0,,558,0
9367,290,88,2,queue,treatment_wait_begins,402.7065312495663,,1,38.0,,558,0
9368,295,89,2,queue,treatment_wait_begins,404.9496062434009,,1,39.0,,558,0
9369,297,90,2,queue,treatment_wait_begins,406.8802625567264,,1,40.0,,558,0
9370,299,91,2,queue,treatment_wait_begins,411.5550592296831,,1,41.0,,558,0
9371,303,93,2,queue,treatment_wait_begins,422.0828587162822,,1,42.0,,558,0
9372,305,94,2,queue,treatment_wait_begins,428.54263891348444,,1,43.0,,558,0
9373,307,95,2,queue,treatment_wait_begins,430.18884989348794,,1,44.0,,558,0
9374,309,96,2,queue,treatment_wait_begins,431.1918089653501,,1,45.0,,558,0
9375,314,97,2,queue,treatment_wait_begins,433.84690701169285,,1,46.0,20.0,558,0
9376,375,113,1,resource_use,treatment_begins,521.2094333460852,3.0,1,1.0,,558,0
9377,380,115,1,resource_use,treatment_begins,526.3822599668748,1.0,1,2.0,,558,0
9378,383,44,2,resource_use,treatment_begins,526.9146053453272,4.0,1,3.0,,558,0
9379,394,45,2,resource_use,treatment_begins,554.1913498305421,2.0,1,4.0,,558,0
9380,148,47,2,queue,treatment_wait_begins,199.5301925701257,,1,1.0,,560,0
9381,153,48,2,queue,treatment_wait_begins,205.14039082741283,,1,2.0,,560,0
9382,155,49,2,queue,treatment_wait_begins,206.54063642859495,,1,3.0,,560,0
9383,157,50,2,queue,treatment_wait_begins,208.1453173837751,,1,4.0,,560,0
9384,159,51,2,queue,treatment_wait_begins,208.9739969202831,,1,5.0,,560,0
9385,161,52,2,queue,treatment_wait_begins,210.74581448374042,,1,6.0,,560,0
9386,163,53,2,queue,treatment_wait_begins,210.85151326578935,,1,7.0,,560,0
9387,165,54,2,queue,treatment_wait_begins,211.68829524636791,,1,8.0,,560,0
9388,167,55,2,queue,treatment_wait_begins,218.2635794691037,,1,9.0,,560,0
9389,181,56,2,queue,treatment_wait_begins,238.24236082502787,,1,10.0,,560,0
9390,185,58,2,queue,treatment_wait_begins,242.4802497949752,,1,11.0,,560,0
9391,187,59,2,queue,treatment_wait_begins,244.4690310645114,,1,12.0,,560,0
9392,189,60,2,queue,treatment_wait_begins,246.27574217918595,,1,13.0,,560,0
9393,193,62,2,queue,treatment_wait_begins,252.340535869662,,1,14.0,,560,0
9394,195,63,2,queue,treatment_wait_begins,259.21978013724924,,1,15.0,,560,0
9395,197,64,2,queue,treatment_wait_begins,266.7588257904633,,1,16.0,,560,0
9396,211,65,2,queue,treatment_wait_begins,293.3082397692622,,1,17.0,,560,0
9397,213,66,2,queue,treatment_wait_begins,303.841540943146,,1,18.0,,560,0
9398,215,67,2,queue,treatment_wait_begins,312.06587014562393,,1,19.0,,560,0
9399,226,68,2,queue,treatment_wait_begins,317.28332755550696,,1,20.0,,560,0
9400,228,69,2,queue,treatment_wait_begins,320.2459485503109,,1,21.0,,560,0
9401,230,70,2,queue,treatment_wait_begins,320.46821633167013,,1,22.0,,560,0
9402,235,71,2,queue,treatment_wait_begins,325.25123026577114,,1,23.0,,560,0
9403,241,74,2,queue,treatment_wait_begins,346.037960484565,,1,24.0,,560,0
9404,243,75,2,queue,treatment_wait_begins,347.69830455805135,,1,25.0,,560,0
9405,245,76,2,queue,treatment_wait_begins,347.94705816407,,1,26.0,,560,0
9406,247,77,2,queue,treatment_wait_begins,352.5711693396838,,1,27.0,,560,0
9407,263,79,2,queue,treatment_wait_begins,369.44362432169635,,1,28.0,,560,0
9408,265,80,2,queue,treatment_wait_begins,380.09833875091823,,1,29.0,,560,0
9409,267,81,2,queue,treatment_wait_begins,383.8634124776174,,1,30.0,,560,0
9410,269,82,2,queue,treatment_wait_begins,390.4333827158369,,1,31.0,,560,0
9411,271,83,2,queue,treatment_wait_begins,391.8772976892559,,1,32.0,,560,0
9412,273,84,2,queue,treatment_wait_begins,392.54938394344936,,1,33.0,,560,0
9413,275,85,2,queue,treatment_wait_begins,393.26178810715084,,1,34.0,,560,0
9414,277,86,2,queue,treatment_wait_begins,393.85019969752625,,1,35.0,,560,0
9415,279,87,2,queue,treatment_wait_begins,394.1235652920939,,1,36.0,,560,0
9416,290,88,2,queue,treatment_wait_begins,402.7065312495663,,1,37.0,,560,0
9417,295,89,2,queue,treatment_wait_begins,404.9496062434009,,1,38.0,,560,0
9418,297,90,2,queue,treatment_wait_begins,406.8802625567264,,1,39.0,,560,0
9419,299,91,2,queue,treatment_wait_begins,411.5550592296831,,1,40.0,,560,0
9420,303,93,2,queue,treatment_wait_begins,422.0828587162822,,1,41.0,,560,0
9421,305,94,2,queue,treatment_wait_begins,428.54263891348444,,1,42.0,,560,0
9422,307,95,2,queue,treatment_wait_begins,430.18884989348794,,1,43.0,,560,0
9423,309,96,2,queue,treatment_wait_begins,431.1918089653501,,1,44.0,,560,0
9424,314,97,2,queue,treatment_wait_begins,433.84690701169285,,1,45.0,,560,63
9425,316,98,2,queue,treatment_wait_begins,435.3710613607267,,1,46.0,19.0,560,0
9426,375,113,1,resource_use,treatment_begins,521.2094333460852,3.0,1,1.0,,560,0
9427,383,44,2,resource_use,treatment_begins,526.9146053453272,4.0,1,2.0,,560,0
9428,394,45,2,resource_use,treatment_begins,554.1913498305421,2.0,1,3.0,,560,0
9429,401,46,2,resource_use,treatment_begins,559.4873956191101,1.0,1,4.0,,560,0
9430,148,47,2,queue,treatment_wait_begins,199.5301925701257,,1,1.0,,562,0
9431,153,48,2,queue,treatment_wait_begins,205.14039082741283,,1,2.0,,562,0
9432,155,49,2,queue,treatment_wait_begins,206.54063642859495,,1,3.0,,562,0
9433,157,50,2,queue,treatment_wait_begins,208.1453173837751,,1,4.0,,562,0
9434,159,51,2,queue,treatment_wait_begins,208.9739969202831,,1,5.0,,562,0
9435,161,52,2,queue,treatment_wait_begins,210.74581448374042,,1,6.0,,562,0
9436,163,53,2,queue,treatment_wait_begins,210.85151326578935,,1,7.0,,562,0
9437,165,54,2,queue,treatment_wait_begins,211.68829524636791,,1,8.0,,562,0
9438,167,55,2,queue,treatment_wait_begins,218.2635794691037,,1,9.0,,562,0
9439,181,56,2,queue,treatment_wait_begins,238.24236082502787,,1,10.0,,562,0
9440,185,58,2,queue,treatment_wait_begins,242.4802497949752,,1,11.0,,562,0
9441,187,59,2,queue,treatment_wait_begins,244.4690310645114,,1,12.0,,562,0
9442,189,60,2,queue,treatment_wait_begins,246.27574217918595,,1,13.0,,562,0
9443,193,62,2,queue,treatment_wait_begins,252.340535869662,,1,14.0,,562,0
9444,195,63,2,queue,treatment_wait_begins,259.21978013724924,,1,15.0,,562,0
9445,197,64,2,queue,treatment_wait_begins,266.7588257904633,,1,16.0,,562,0
9446,211,65,2,queue,treatment_wait_begins,293.3082397692622,,1,17.0,,562,0
9447,213,66,2,queue,treatment_wait_begins,303.841540943146,,1,18.0,,562,0
9448,215,67,2,queue,treatment_wait_begins,312.06587014562393,,1,19.0,,562,0
9449,226,68,2,queue,treatment_wait_begins,317.28332755550696,,1,20.0,,562,0
9450,228,69,2,queue,treatment_wait_begins,320.2459485503109,,1,21.0,,562,0
9451,230,70,2,queue,treatment_wait_begins,320.46821633167013,,1,22.0,,562,0
9452,235,71,2,queue,treatment_wait_begins,325.25123026577114,,1,23.0,,562,0
9453,241,74,2,queue,treatment_wait_begins,346.037960484565,,1,24.0,,562,0
9454,243,75,2,queue,treatment_wait_begins,347.69830455805135,,1,25.0,,562,0
9455,245,76,2,queue,treatment_wait_begins,347.94705816407,,1,26.0,,562,0
9456,247,77,2,queue,treatment_wait_begins,352.5711693396838,,1,27.0,,562,0
9457,263,79,2,queue,treatment_wait_begins,369.44362432169635,,1,28.0,,562,0
9458,265,80,2,queue,treatment_wait_begins,380.09833875091823,,1,29.0,,562,0
9459,267,81,2,queue,treatment_wait_begins,383.8634124776174,,1,30.0,,562,0
9460,269,82,2,queue,treatment_wait_begins,390.4333827158369,,1,31.0,,562,0
9461,271,83,2,queue,treatment_wait_begins,391.8772976892559,,1,32.0,,562,0
9462,273,84,2,queue,treatment_wait_begins,392.54938394344936,,1,33.0,,562,0
9463,275,85,2,queue,treatment_wait_begins,393.26178810715084,,1,34.0,,562,0
9464,277,86,2,queue,treatment_wait_begins,393.85019969752625,,1,35.0,,562,0
9465,279,87,2,queue,treatment_wait_begins,394.1235652920939,,1,36.0,,562,0
9466,290,88,2,queue,treatment_wait_begins,402.7065312495663,,1,37.0,,562,0
9467,295,89,2,queue,treatment_wait_begins,404.9496062434009,,1,38.0,,562,0
9468,297,90,2,queue,treatment_wait_begins,406.8802625567264,,1,39.0,,562,0
9469,299,91,2,queue,treatment_wait_begins,411.5550592296831,,1,40.0,,562,0
9470,303,93,2,queue,treatment_wait_begins,422.0828587162822,,1,41.0,,562,0
9471,305,94,2,queue,treatment_wait_begins,428.54263891348444,,1,42.0,,562,0
9472,307,95,2,queue,treatment_wait_begins,430.18884989348794,,1,43.0,,562,0
9473,309,96,2,queue,treatment_wait_begins,431.1918089653501,,1,44.0,,562,0
9474,314,97,2,queue,treatment_wait_begins,433.84690701169285,,1,45.0,,562,0
9475,316,98,2,queue,treatment_wait_begins,435.3710613607267,,1,46.0,19.0,562,0
9476,375,113,1,resource_use,treatment_begins,521.2094333460852,3.0,1,1.0,,562,0
9477,383,44,2,resource_use,treatment_begins,526.9146053453272,4.0,1,2.0,,562,0
9478,394,45,2,resource_use,treatment_begins,554.1913498305421,2.0,1,3.0,,562,0
9479,401,46,2,resource_use,treatment_begins,559.4873956191101,1.0,1,4.0,,562,0
9480,148,47,2,queue,treatment_wait_begins,199.5301925701257,,1,1.0,,564,0
9481,153,48,2,queue,treatment_wait_begins,205.14039082741283,,1,2.0,,564,0
9482,155,49,2,queue,treatment_wait_begins,206.54063642859495,,1,3.0,,564,0
9483,157,50,2,queue,treatment_wait_begins,208.1453173837751,,1,4.0,,564,0
9484,159,51,2,queue,treatment_wait_begins,208.9739969202831,,1,5.0,,564,0
9485,161,52,2,queue,treatment_wait_begins,210.74581448374042,,1,6.0,,564,0
9486,163,53,2,queue,treatment_wait_begins,210.85151326578935,,1,7.0,,564,0
9487,165,54,2,queue,treatment_wait_begins,211.68829524636791,,1,8.0,,564,0
9488,167,55,2,queue,treatment_wait_begins,218.2635794691037,,1,9.0,,564,0
9489,181,56,2,queue,treatment_wait_begins,238.24236082502787,,1,10.0,,564,0
9490,185,58,2,queue,treatment_wait_begins,242.4802497949752,,1,11.0,,564,0
9491,187,59,2,queue,treatment_wait_begins,244.4690310645114,,1,12.0,,564,0
9492,189,60,2,queue,treatment_wait_begins,246.27574217918595,,1,13.0,,564,0
9493,193,62,2,queue,treatment_wait_begins,252.340535869662,,1,14.0,,564,0
9494,195,63,2,queue,treatment_wait_begins,259.21978013724924,,1,15.0,,564,0
9495,197,64,2,queue,treatment_wait_begins,266.7588257904633,,1,16.0,,564,0
9496,211,65,2,queue,treatment_wait_begins,293.3082397692622,,1,17.0,,564,0
9497,213,66,2,queue,treatment_wait_begins,303.841540943146,,1,18.0,,564,0
9498,215,67,2,queue,treatment_wait_begins,312.06587014562393,,1,19.0,,564,0
9499,226,68,2,queue,treatment_wait_begins,317.28332755550696,,1,20.0,,564,0
9500,228,69,2,queue,treatment_wait_begins,320.2459485503109,,1,21.0,,564,0
9501,230,70,2,queue,treatment_wait_begins,320.46821633167013,,1,22.0,,564,0
9502,235,71,2,queue,treatment_wait_begins,325.25123026577114,,1,23.0,,564,0
9503,241,74,2,queue,treatment_wait_begins,346.037960484565,,1,24.0,,564,0
9504,243,75,2,queue,treatment_wait_begins,347.69830455805135,,1,25.0,,564,0
9505,245,76,2,queue,treatment_wait_begins,347.94705816407,,1,26.0,,564,0
9506,247,77,2,queue,treatment_wait_begins,352.5711693396838,,1,27.0,,564,0
9507,263,79,2,queue,treatment_wait_begins,369.44362432169635,,1,28.0,,564,0
9508,265,80,2,queue,treatment_wait_begins,380.09833875091823,,1,29.0,,564,0
9509,267,81,2,queue,treatment_wait_begins,383.8634124776174,,1,30.0,,564,0
9510,269,82,2,queue,treatment_wait_begins,390.4333827158369,,1,31.0,,564,0
9511,271,83,2,queue,treatment_wait_begins,391.8772976892559,,1,32.0,,564,0
9512,273,84,2,queue,treatment_wait_begins,392.54938394344936,,1,33.0,,564,0
9513,275,85,2,queue,treatment_wait_begins,393.26178810715084,,1,34.0,,564,0
9514,277,86,2,queue,treatment_wait_begins,393.85019969752625,,1,35.0,,564,0
9515,279,87,2,queue,treatment_wait_begins,394.1235652920939,,1,36.0,,564,0
9516,290,88,2,queue,treatment_wait_begins,402.7065312495663,,1,37.0,,564,0
9517,295,89,2,queue,treatment_wait_begins,404.9496062434009,,1,38.0,,564,0
9518,297,90,2,queue,treatment_wait_begins,406.8802625567264,,1,39.0,,564,0
9519,299,91,2,queue,treatment_wait_begins,411.5550592296831,,1,40.0,,564,0
9520,303,93,2,queue,treatment_wait_begins,422.0828587162822,,1,41.0,,564,0
9521,305,94,2,queue,treatment_wait_begins,428.54263891348444,,1,42.0,,564,0
9522,307,95,2,queue,treatment_wait_begins,430.18884989348794,,1,43.0,,564,0
9523,309,96,2,queue,treatment_wait_begins,431.1918089653501,,1,44.0,,564,0
9524,314,97,2,queue,treatment_wait_begins,433.84690701169285,,1,45.0,,564,0
9525,316,98,2,queue,treatment_wait_begins,435.3710613607267,,1,46.0,20.0,564,0
9526,375,113,1,resource_use,treatment_begins,521.2094333460852,3.0,1,1.0,,564,0
9527,383,44,2,resource_use,treatment_begins,526.9146053453272,4.0,1,2.0,,564,0
9528,394,45,2,resource_use,treatment_begins,554.1913498305421,2.0,1,3.0,,564,0
9529,401,46,2,resource_use,treatment_begins,559.4873956191101,1.0,1,4.0,,564,0
9530,155,49,2,queue,treatment_wait_begins,206.54063642859495,,1,1.0,,566,0
9531,157,50,2,queue,treatment_wait_begins,208.1453173837751,,1,2.0,,566,0
9532,159,51,2,queue,treatment_wait_begins,208.9739969202831,,1,3.0,,566,0
9533,161,52,2,queue,treatment_wait_begins,210.74581448374042,,1,4.0,,566,0
9534,163,53,2,queue,treatment_wait_begins,210.85151326578935,,1,5.0,,566,0
9535,165,54,2,queue,treatment_wait_begins,211.68829524636791,,1,6.0,,566,0
9536,167,55,2,queue,treatment_wait_begins,218.2635794691037,,1,7.0,,566,0
9537,181,56,2,queue,treatment_wait_begins,238.24236082502787,,1,8.0,,566,0
9538,185,58,2,queue,treatment_wait_begins,242.4802497949752,,1,9.0,,566,0
9539,187,59,2,queue,treatment_wait_begins,244.4690310645114,,1,10.0,,566,0
9540,189,60,2,queue,treatment_wait_begins,246.27574217918595,,1,11.0,,566,0
9541,193,62,2,queue,treatment_wait_begins,252.340535869662,,1,12.0,,566,0
9542,195,63,2,queue,treatment_wait_begins,259.21978013724924,,1,13.0,,566,0
9543,197,64,2,queue,treatment_wait_begins,266.7588257904633,,1,14.0,,566,0
9544,211,65,2,queue,treatment_wait_begins,293.3082397692622,,1,15.0,,566,0
9545,213,66,2,queue,treatment_wait_begins,303.841540943146,,1,16.0,,566,0
9546,215,67,2,queue,treatment_wait_begins,312.06587014562393,,1,17.0,,566,0
9547,226,68,2,queue,treatment_wait_begins,317.28332755550696,,1,18.0,,566,0
9548,228,69,2,queue,treatment_wait_begins,320.2459485503109,,1,19.0,,566,0
9549,230,70,2,queue,treatment_wait_begins,320.46821633167013,,1,20.0,,566,0
9550,235,71,2,queue,treatment_wait_begins,325.25123026577114,,1,21.0,,566,0
9551,241,74,2,queue,treatment_wait_begins,346.037960484565,,1,22.0,,566,0
9552,243,75,2,queue,treatment_wait_begins,347.69830455805135,,1,23.0,,566,0
9553,245,76,2,queue,treatment_wait_begins,347.94705816407,,1,24.0,,566,0
9554,247,77,2,queue,treatment_wait_begins,352.5711693396838,,1,25.0,,566,0
9555,263,79,2,queue,treatment_wait_begins,369.44362432169635,,1,26.0,,566,0
9556,265,80,2,queue,treatment_wait_begins,380.09833875091823,,1,27.0,,566,0
9557,267,81,2,queue,treatment_wait_begins,383.8634124776174,,1,28.0,,566,0
9558,269,82,2,queue,treatment_wait_begins,390.4333827158369,,1,29.0,,566,0
9559,271,83,2,queue,treatment_wait_begins,391.8772976892559,,1,30.0,,566,0
9560,273,84,2,queue,treatment_wait_begins,392.54938394344936,,1,31.0,,566,0
9561,275,85,2,queue,treatment_wait_begins,393.26178810715084,,1,32.0,,566,0
9562,277,86,2,queue,treatment_wait_begins,393.85019969752625,,1,33.0,,566,0
9563,279,87,2,queue,treatment_wait_begins,394.1235652920939,,1,34.0,,566,0
9564,290,88,2,queue,treatment_wait_begins,402.7065312495663,,1,35.0,,566,0
9565,295,89,2,queue,treatment_wait_begins,404.9496062434009,,1,36.0,,566,0
9566,297,90,2,queue,treatment_wait_begins,406.8802625567264,,1,37.0,,566,0
9567,299,91,2,queue,treatment_wait_begins,411.5550592296831,,1,38.0,,566,0
9568,303,93,2,queue,treatment_wait_begins,422.0828587162822,,1,39.0,,566,0
9569,305,94,2,queue,treatment_wait_begins,428.54263891348444,,1,40.0,,566,0
9570,307,95,2,queue,treatment_wait_begins,430.18884989348794,,1,41.0,,566,0
9571,309,96,2,queue,treatment_wait_begins,431.1918089653501,,1,42.0,,566,0
9572,314,97,2,queue,treatment_wait_begins,433.84690701169285,,1,43.0,,566,0
9573,316,98,2,queue,treatment_wait_begins,435.3710613607267,,1,44.0,,566,65
9574,318,99,2,queue,treatment_wait_begins,435.7497548551885,,1,45.0,,566,65
9575,320,100,2,queue,treatment_wait_begins,438.26755384744905,,1,46.0,20.0,566,0
9576,394,45,2,resource_use,treatment_begins,554.1913498305421,2.0,1,1.0,,566,0
9577,401,46,2,resource_use,treatment_begins,559.4873956191101,1.0,1,2.0,,566,0
9578,406,47,2,resource_use,treatment_begins,564.1463818012539,3.0,1,3.0,,566,0
9579,411,48,2,resource_use,treatment_begins,565.0568801115129,4.0,1,4.0,,566,0
9580,155,49,2,queue,treatment_wait_begins,206.54063642859495,,1,1.0,,568,0
9581,157,50,2,queue,treatment_wait_begins,208.1453173837751,,1,2.0,,568,0
9582,159,51,2,queue,treatment_wait_begins,208.9739969202831,,1,3.0,,568,0
9583,161,52,2,queue,treatment_wait_begins,210.74581448374042,,1,4.0,,568,0
9584,163,53,2,queue,treatment_wait_begins,210.85151326578935,,1,5.0,,568,0
9585,165,54,2,queue,treatment_wait_begins,211.68829524636791,,1,6.0,,568,0
9586,167,55,2,queue,treatment_wait_begins,218.2635794691037,,1,7.0,,568,0
9587,181,56,2,queue,treatment_wait_begins,238.24236082502787,,1,8.0,,568,0
9588,185,58,2,queue,treatment_wait_begins,242.4802497949752,,1,9.0,,568,0
9589,187,59,2,queue,treatment_wait_begins,244.4690310645114,,1,10.0,,568,0
9590,189,60,2,queue,treatment_wait_begins,246.27574217918595,,1,11.0,,568,0
9591,193,62,2,queue,treatment_wait_begins,252.340535869662,,1,12.0,,568,0
9592,195,63,2,queue,treatment_wait_begins,259.21978013724924,,1,13.0,,568,0
9593,197,64,2,queue,treatment_wait_begins,266.7588257904633,,1,14.0,,568,0
9594,211,65,2,queue,treatment_wait_begins,293.3082397692622,,1,15.0,,568,0
9595,213,66,2,queue,treatment_wait_begins,303.841540943146,,1,16.0,,568,0
9596,215,67,2,queue,treatment_wait_begins,312.06587014562393,,1,17.0,,568,0
9597,226,68,2,queue,treatment_wait_begins,317.28332755550696,,1,18.0,,568,0
9598,228,69,2,queue,treatment_wait_begins,320.2459485503109,,1,19.0,,568,0
9599,230,70,2,queue,treatment_wait_begins,320.46821633167013,,1,20.0,,568,0
9600,235,71,2,queue,treatment_wait_begins,325.25123026577114,,1,21.0,,568,0
9601,241,74,2,queue,treatment_wait_begins,346.037960484565,,1,22.0,,568,0
9602,243,75,2,queue,treatment_wait_begins,347.69830455805135,,1,23.0,,568,0
9603,245,76,2,queue,treatment_wait_begins,347.94705816407,,1,24.0,,568,0
9604,247,77,2,queue,treatment_wait_begins,352.5711693396838,,1,25.0,,568,0
9605,263,79,2,queue,treatment_wait_begins,369.44362432169635,,1,26.0,,568,0
9606,265,80,2,queue,treatment_wait_begins,380.09833875091823,,1,27.0,,568,0
9607,267,81,2,queue,treatment_wait_begins,383.8634124776174,,1,28.0,,568,0
9608,269,82,2,queue,treatment_wait_begins,390.4333827158369,,1,29.0,,568,0
9609,271,83,2,queue,treatment_wait_begins,391.8772976892559,,1,30.0,,568,0
9610,273,84,2,queue,treatment_wait_begins,392.54938394344936,,1,31.0,,568,0
9611,275,85,2,queue,treatment_wait_begins,393.26178810715084,,1,32.0,,568,0
9612,277,86,2,queue,treatment_wait_begins,393.85019969752625,,1,33.0,,568,0
9613,279,87,2,queue,treatment_wait_begins,394.1235652920939,,1,34.0,,568,0
9614,290,88,2,queue,treatment_wait_begins,402.7065312495663,,1,35.0,,568,0
9615,295,89,2,queue,treatment_wait_begins,404.9496062434009,,1,36.0,,568,0
9616,297,90,2,queue,treatment_wait_begins,406.8802625567264,,1,37.0,,568,0
9617,299,91,2,queue,treatment_wait_begins,411.5550592296831,,1,38.0,,568,0
9618,303,93,2,queue,treatment_wait_begins,422.0828587162822,,1,39.0,,568,0
9619,305,94,2,queue,treatment_wait_begins,428.54263891348444,,1,40.0,,568,0
9620,307,95,2,queue,treatment_wait_begins,430.18884989348794,,1,41.0,,568,0
9621,309,96,2,queue,treatment_wait_begins,431.1918089653501,,1,42.0,,568,0
9622,314,97,2,queue,treatment_wait_begins,433.84690701169285,,1,43.0,,568,0
9623,316,98,2,queue,treatment_wait_begins,435.3710613607267,,1,44.0,,568,0
9624,318,99,2,queue,treatment_wait_begins,435.7497548551885,,1,45.0,,568,0
9625,320,100,2,queue,treatment_wait_begins,438.26755384744905,,1,46.0,22.0,568,0
9626,394,45,2,resource_use,treatment_begins,554.1913498305421,2.0,1,1.0,,568,0
9627,401,46,2,resource_use,treatment_begins,559.4873956191101,1.0,1,2.0,,568,0
9628,406,47,2,resource_use,treatment_begins,564.1463818012539,3.0,1,3.0,,568,0
9629,411,48,2,resource_use,treatment_begins,565.0568801115129,4.0,1,4.0,,568,0
9630,155,49,2,queue,treatment_wait_begins,206.54063642859495,,1,1.0,,570,0
9631,157,50,2,queue,treatment_wait_begins,208.1453173837751,,1,2.0,,570,0
9632,159,51,2,queue,treatment_wait_begins,208.9739969202831,,1,3.0,,570,0
9633,161,52,2,queue,treatment_wait_begins,210.74581448374042,,1,4.0,,570,0
9634,163,53,2,queue,treatment_wait_begins,210.85151326578935,,1,5.0,,570,0
9635,165,54,2,queue,treatment_wait_begins,211.68829524636791,,1,6.0,,570,0
9636,167,55,2,queue,treatment_wait_begins,218.2635794691037,,1,7.0,,570,0
9637,181,56,2,queue,treatment_wait_begins,238.24236082502787,,1,8.0,,570,0
9638,185,58,2,queue,treatment_wait_begins,242.4802497949752,,1,9.0,,570,0
9639,187,59,2,queue,treatment_wait_begins,244.4690310645114,,1,10.0,,570,0
9640,189,60,2,queue,treatment_wait_begins,246.27574217918595,,1,11.0,,570,0
9641,193,62,2,queue,treatment_wait_begins,252.340535869662,,1,12.0,,570,0
9642,195,63,2,queue,treatment_wait_begins,259.21978013724924,,1,13.0,,570,0
9643,197,64,2,queue,treatment_wait_begins,266.7588257904633,,1,14.0,,570,0
9644,211,65,2,queue,treatment_wait_begins,293.3082397692622,,1,15.0,,570,0
9645,213,66,2,queue,treatment_wait_begins,303.841540943146,,1,16.0,,570,0
9646,215,67,2,queue,treatment_wait_begins,312.06587014562393,,1,17.0,,570,0
9647,226,68,2,queue,treatment_wait_begins,317.28332755550696,,1,18.0,,570,0
9648,228,69,2,queue,treatment_wait_begins,320.2459485503109,,1,19.0,,570,0
9649,230,70,2,queue,treatment_wait_begins,320.46821633167013,,1,20.0,,570,0
9650,235,71,2,queue,treatment_wait_begins,325.25123026577114,,1,21.0,,570,0
9651,241,74,2,queue,treatment_wait_begins,346.037960484565,,1,22.0,,570,0
9652,243,75,2,queue,treatment_wait_begins,347.69830455805135,,1,23.0,,570,0
9653,245,76,2,queue,treatment_wait_begins,347.94705816407,,1,24.0,,570,0
9654,247,77,2,queue,treatment_wait_begins,352.5711693396838,,1,25.0,,570,0
9655,263,79,2,queue,treatment_wait_begins,369.44362432169635,,1,26.0,,570,0
9656,265,80,2,queue,treatment_wait_begins,380.09833875091823,,1,27.0,,570,0
9657,267,81,2,queue,treatment_wait_begins,383.8634124776174,,1,28.0,,570,0
9658,269,82,2,queue,treatment_wait_begins,390.4333827158369,,1,29.0,,570,0
9659,271,83,2,queue,treatment_wait_begins,391.8772976892559,,1,30.0,,570,0
9660,273,84,2,queue,treatment_wait_begins,392.54938394344936,,1,31.0,,570,0
9661,275,85,2,queue,treatment_wait_begins,393.26178810715084,,1,32.0,,570,0
9662,277,86,2,queue,treatment_wait_begins,393.85019969752625,,1,33.0,,570,0
9663,279,87,2,queue,treatment_wait_begins,394.1235652920939,,1,34.0,,570,0
9664,290,88,2,queue,treatment_wait_begins,402.7065312495663,,1,35.0,,570,0
9665,295,89,2,queue,treatment_wait_begins,404.9496062434009,,1,36.0,,570,0
9666,297,90,2,queue,treatment_wait_begins,406.8802625567264,,1,37.0,,570,0
9667,299,91,2,queue,treatment_wait_begins,411.5550592296831,,1,38.0,,570,0
9668,303,93,2,queue,treatment_wait_begins,422.0828587162822,,1,39.0,,570,0
9669,305,94,2,queue,treatment_wait_begins,428.54263891348444,,1,40.0,,570,0
9670,307,95,2,queue,treatment_wait_begins,430.18884989348794,,1,41.0,,570,0
9671,309,96,2,queue,treatment_wait_begins,431.1918089653501,,1,42.0,,570,0
9672,314,97,2,queue,treatment_wait_begins,433.84690701169285,,1,43.0,,570,0
9673,316,98,2,queue,treatment_wait_begins,435.3710613607267,,1,44.0,,570,0
9674,318,99,2,queue,treatment_wait_begins,435.7497548551885,,1,45.0,,570,0
9675,320,100,2,queue,treatment_wait_begins,438.26755384744905,,1,46.0,22.0,570,0
9676,394,45,2,resource_use,treatment_begins,554.1913498305421,2.0,1,1.0,,570,0
9677,401,46,2,resource_use,treatment_begins,559.4873956191101,1.0,1,2.0,,570,0
9678,406,47,2,resource_use,treatment_begins,564.1463818012539,3.0,1,3.0,,570,0
9679,411,48,2,resource_use,treatment_begins,565.0568801115129,4.0,1,4.0,,570,0
9680,155,49,2,queue,treatment_wait_begins,206.54063642859495,,1,1.0,,572,0
9681,157,50,2,queue,treatment_wait_begins,208.1453173837751,,1,2.0,,572,0
9682,159,51,2,queue,treatment_wait_begins,208.9739969202831,,1,3.0,,572,0
9683,161,52,2,queue,treatment_wait_begins,210.74581448374042,,1,4.0,,572,0
9684,163,53,2,queue,treatment_wait_begins,210.85151326578935,,1,5.0,,572,0
9685,165,54,2,queue,treatment_wait_begins,211.68829524636791,,1,6.0,,572,0
9686,167,55,2,queue,treatment_wait_begins,218.2635794691037,,1,7.0,,572,0
9687,181,56,2,queue,treatment_wait_begins,238.24236082502787,,1,8.0,,572,0
9688,185,58,2,queue,treatment_wait_begins,242.4802497949752,,1,9.0,,572,0
9689,187,59,2,queue,treatment_wait_begins,244.4690310645114,,1,10.0,,572,0
9690,189,60,2,queue,treatment_wait_begins,246.27574217918595,,1,11.0,,572,0
9691,193,62,2,queue,treatment_wait_begins,252.340535869662,,1,12.0,,572,0
9692,195,63,2,queue,treatment_wait_begins,259.21978013724924,,1,13.0,,572,0
9693,197,64,2,queue,treatment_wait_begins,266.7588257904633,,1,14.0,,572,0
9694,211,65,2,queue,treatment_wait_begins,293.3082397692622,,1,15.0,,572,0
9695,213,66,2,queue,treatment_wait_begins,303.841540943146,,1,16.0,,572,0
9696,215,67,2,queue,treatment_wait_begins,312.06587014562393,,1,17.0,,572,0
9697,226,68,2,queue,treatment_wait_begins,317.28332755550696,,1,18.0,,572,0
9698,228,69,2,queue,treatment_wait_begins,320.2459485503109,,1,19.0,,572,0
9699,230,70,2,queue,treatment_wait_begins,320.46821633167013,,1,20.0,,572,0
9700,235,71,2,queue,treatment_wait_begins,325.25123026577114,,1,21.0,,572,0
9701,241,74,2,queue,treatment_wait_begins,346.037960484565,,1,22.0,,572,0
9702,243,75,2,queue,treatment_wait_begins,347.69830455805135,,1,23.0,,572,0
9703,245,76,2,queue,treatment_wait_begins,347.94705816407,,1,24.0,,572,0
9704,247,77,2,queue,treatment_wait_begins,352.5711693396838,,1,25.0,,572,0
9705,263,79,2,queue,treatment_wait_begins,369.44362432169635,,1,26.0,,572,0
9706,265,80,2,queue,treatment_wait_begins,380.09833875091823,,1,27.0,,572,0
9707,267,81,2,queue,treatment_wait_begins,383.8634124776174,,1,28.0,,572,0
9708,269,82,2,queue,treatment_wait_begins,390.4333827158369,,1,29.0,,572,0
9709,271,83,2,queue,treatment_wait_begins,391.8772976892559,,1,30.0,,572,0
9710,273,84,2,queue,treatment_wait_begins,392.54938394344936,,1,31.0,,572,0
9711,275,85,2,queue,treatment_wait_begins,393.26178810715084,,1,32.0,,572,0
9712,277,86,2,queue,treatment_wait_begins,393.85019969752625,,1,33.0,,572,0
9713,279,87,2,queue,treatment_wait_begins,394.1235652920939,,1,34.0,,572,0
9714,290,88,2,queue,treatment_wait_begins,402.7065312495663,,1,35.0,,572,0
9715,295,89,2,queue,treatment_wait_begins,404.9496062434009,,1,36.0,,572,0
9716,297,90,2,queue,treatment_wait_begins,406.8802625567264,,1,37.0,,572,0
9717,299,91,2,queue,treatment_wait_begins,411.5550592296831,,1,38.0,,572,0
9718,303,93,2,queue,treatment_wait_begins,422.0828587162822,,1,39.0,,572,0
9719,305,94,2,queue,treatment_wait_begins,428.54263891348444,,1,40.0,,572,0
9720,307,95,2,queue,treatment_wait_begins,430.18884989348794,,1,41.0,,572,0
9721,309,96,2,queue,treatment_wait_begins,431.1918089653501,,1,42.0,,572,0
9722,314,97,2,queue,treatment_wait_begins,433.84690701169285,,1,43.0,,572,0
9723,316,98,2,queue,treatment_wait_begins,435.3710613607267,,1,44.0,,572,0
9724,318,99,2,queue,treatment_wait_begins,435.7497548551885,,1,45.0,,572,0
9725,320,100,2,queue,treatment_wait_begins,438.26755384744905,,1,46.0,22.0,572,0
9726,394,45,2,resource_use,treatment_begins,554.1913498305421,2.0,1,1.0,,572,0
9727,401,46,2,resource_use,treatment_begins,559.4873956191101,1.0,1,2.0,,572,0
9728,406,47,2,resource_use,treatment_begins,564.1463818012539,3.0,1,3.0,,572,0
9729,411,48,2,resource_use,treatment_begins,565.0568801115129,4.0,1,4.0,,572,0
9730,155,49,2,queue,treatment_wait_begins,206.54063642859495,,1,1.0,,574,0
9731,157,50,2,queue,treatment_wait_begins,208.1453173837751,,1,2.0,,574,0
9732,159,51,2,queue,treatment_wait_begins,208.9739969202831,,1,3.0,,574,0
9733,161,52,2,queue,treatment_wait_begins,210.74581448374042,,1,4.0,,574,0
9734,163,53,2,queue,treatment_wait_begins,210.85151326578935,,1,5.0,,574,0
9735,165,54,2,queue,treatment_wait_begins,211.68829524636791,,1,6.0,,574,0
9736,167,55,2,queue,treatment_wait_begins,218.2635794691037,,1,7.0,,574,0
9737,181,56,2,queue,treatment_wait_begins,238.24236082502787,,1,8.0,,574,0
9738,185,58,2,queue,treatment_wait_begins,242.4802497949752,,1,9.0,,574,0
9739,187,59,2,queue,treatment_wait_begins,244.4690310645114,,1,10.0,,574,0
9740,189,60,2,queue,treatment_wait_begins,246.27574217918595,,1,11.0,,574,0
9741,193,62,2,queue,treatment_wait_begins,252.340535869662,,1,12.0,,574,0
9742,195,63,2,queue,treatment_wait_begins,259.21978013724924,,1,13.0,,574,0
9743,197,64,2,queue,treatment_wait_begins,266.7588257904633,,1,14.0,,574,0
9744,211,65,2,queue,treatment_wait_begins,293.3082397692622,,1,15.0,,574,0
9745,213,66,2,queue,treatment_wait_begins,303.841540943146,,1,16.0,,574,0
9746,215,67,2,queue,treatment_wait_begins,312.06587014562393,,1,17.0,,574,0
9747,226,68,2,queue,treatment_wait_begins,317.28332755550696,,1,18.0,,574,0
9748,228,69,2,queue,treatment_wait_begins,320.2459485503109,,1,19.0,,574,0
9749,230,70,2,queue,treatment_wait_begins,320.46821633167013,,1,20.0,,574,0
9750,235,71,2,queue,treatment_wait_begins,325.25123026577114,,1,21.0,,574,0
9751,241,74,2,queue,treatment_wait_begins,346.037960484565,,1,22.0,,574,0
9752,243,75,2,queue,treatment_wait_begins,347.69830455805135,,1,23.0,,574,0
9753,245,76,2,queue,treatment_wait_begins,347.94705816407,,1,24.0,,574,0
9754,247,77,2,queue,treatment_wait_begins,352.5711693396838,,1,25.0,,574,0
9755,263,79,2,queue,treatment_wait_begins,369.44362432169635,,1,26.0,,574,0
9756,265,80,2,queue,treatment_wait_begins,380.09833875091823,,1,27.0,,574,0
9757,267,81,2,queue,treatment_wait_begins,383.8634124776174,,1,28.0,,574,0
9758,269,82,2,queue,treatment_wait_begins,390.4333827158369,,1,29.0,,574,0
9759,271,83,2,queue,treatment_wait_begins,391.8772976892559,,1,30.0,,574,0
9760,273,84,2,queue,treatment_wait_begins,392.54938394344936,,1,31.0,,574,0
9761,275,85,2,queue,treatment_wait_begins,393.26178810715084,,1,32.0,,574,0
9762,277,86,2,queue,treatment_wait_begins,393.85019969752625,,1,33.0,,574,0
9763,279,87,2,queue,treatment_wait_begins,394.1235652920939,,1,34.0,,574,0
9764,290,88,2,queue,treatment_wait_begins,402.7065312495663,,1,35.0,,574,0
9765,295,89,2,queue,treatment_wait_begins,404.9496062434009,,1,36.0,,574,0
9766,297,90,2,queue,treatment_wait_begins,406.8802625567264,,1,37.0,,574,0
9767,299,91,2,queue,treatment_wait_begins,411.5550592296831,,1,38.0,,574,0
9768,303,93,2,queue,treatment_wait_begins,422.0828587162822,,1,39.0,,574,0
9769,305,94,2,queue,treatment_wait_begins,428.54263891348444,,1,40.0,,574,0
9770,307,95,2,queue,treatment_wait_begins,430.18884989348794,,1,41.0,,574,0
9771,309,96,2,queue,treatment_wait_begins,431.1918089653501,,1,42.0,,574,0
9772,314,97,2,queue,treatment_wait_begins,433.84690701169285,,1,43.0,,574,0
9773,316,98,2,queue,treatment_wait_begins,435.3710613607267,,1,44.0,,574,0
9774,318,99,2,queue,treatment_wait_begins,435.7497548551885,,1,45.0,,574,0
9775,320,100,2,queue,treatment_wait_begins,438.26755384744905,,1,46.0,23.0,574,0
9776,394,45,2,resource_use,treatment_begins,554.1913498305421,2.0,1,1.0,,574,0
9777,401,46,2,resource_use,treatment_begins,559.4873956191101,1.0,1,2.0,,574,0
9778,406,47,2,resource_use,treatment_begins,564.1463818012539,3.0,1,3.0,,574,0
9779,411,48,2,resource_use,treatment_begins,565.0568801115129,4.0,1,4.0,,574,0
9780,155,49,2,queue,treatment_wait_begins,206.54063642859495,,1,1.0,,576,0
9781,157,50,2,queue,treatment_wait_begins,208.1453173837751,,1,2.0,,576,0
9782,159,51,2,queue,treatment_wait_begins,208.9739969202831,,1,3.0,,576,0
9783,161,52,2,queue,treatment_wait_begins,210.74581448374042,,1,4.0,,576,0
9784,163,53,2,queue,treatment_wait_begins,210.85151326578935,,1,5.0,,576,0
9785,165,54,2,queue,treatment_wait_begins,211.68829524636791,,1,6.0,,576,0
9786,167,55,2,queue,treatment_wait_begins,218.2635794691037,,1,7.0,,576,0
9787,181,56,2,queue,treatment_wait_begins,238.24236082502787,,1,8.0,,576,0
9788,185,58,2,queue,treatment_wait_begins,242.4802497949752,,1,9.0,,576,0
9789,187,59,2,queue,treatment_wait_begins,244.4690310645114,,1,10.0,,576,0
9790,189,60,2,queue,treatment_wait_begins,246.27574217918595,,1,11.0,,576,0
9791,193,62,2,queue,treatment_wait_begins,252.340535869662,,1,12.0,,576,0
9792,195,63,2,queue,treatment_wait_begins,259.21978013724924,,1,13.0,,576,0
9793,197,64,2,queue,treatment_wait_begins,266.7588257904633,,1,14.0,,576,0
9794,211,65,2,queue,treatment_wait_begins,293.3082397692622,,1,15.0,,576,0
9795,213,66,2,queue,treatment_wait_begins,303.841540943146,,1,16.0,,576,0
9796,215,67,2,queue,treatment_wait_begins,312.06587014562393,,1,17.0,,576,0
9797,226,68,2,queue,treatment_wait_begins,317.28332755550696,,1,18.0,,576,0
9798,228,69,2,queue,treatment_wait_begins,320.2459485503109,,1,19.0,,576,0
9799,230,70,2,queue,treatment_wait_begins,320.46821633167013,,1,20.0,,576,0
9800,235,71,2,queue,treatment_wait_begins,325.25123026577114,,1,21.0,,576,0
9801,241,74,2,queue,treatment_wait_begins,346.037960484565,,1,22.0,,576,0
9802,243,75,2,queue,treatment_wait_begins,347.69830455805135,,1,23.0,,576,0
9803,245,76,2,queue,treatment_wait_begins,347.94705816407,,1,24.0,,576,0
9804,247,77,2,queue,treatment_wait_begins,352.5711693396838,,1,25.0,,576,0
9805,263,79,2,queue,treatment_wait_begins,369.44362432169635,,1,26.0,,576,0
9806,265,80,2,queue,treatment_wait_begins,380.09833875091823,,1,27.0,,576,0
9807,267,81,2,queue,treatment_wait_begins,383.8634124776174,,1,28.0,,576,0
9808,269,82,2,queue,treatment_wait_begins,390.4333827158369,,1,29.0,,576,0
9809,271,83,2,queue,treatment_wait_begins,391.8772976892559,,1,30.0,,576,0
9810,273,84,2,queue,treatment_wait_begins,392.54938394344936,,1,31.0,,576,0
9811,275,85,2,queue,treatment_wait_begins,393.26178810715084,,1,32.0,,576,0
9812,277,86,2,queue,treatment_wait_begins,393.85019969752625,,1,33.0,,576,0
9813,279,87,2,queue,treatment_wait_begins,394.1235652920939,,1,34.0,,576,0
9814,290,88,2,queue,treatment_wait_begins,402.7065312495663,,1,35.0,,576,0
9815,295,89,2,queue,treatment_wait_begins,404.9496062434009,,1,36.0,,576,0
9816,297,90,2,queue,treatment_wait_begins,406.8802625567264,,1,37.0,,576,0
9817,299,91,2,queue,treatment_wait_begins,411.5550592296831,,1,38.0,,576,0
9818,303,93,2,queue,treatment_wait_begins,422.0828587162822,,1,39.0,,576,0
9819,305,94,2,queue,treatment_wait_begins,428.54263891348444,,1,40.0,,576,0
9820,307,95,2,queue,treatment_wait_begins,430.18884989348794,,1,41.0,,576,0
9821,309,96,2,queue,treatment_wait_begins,431.1918089653501,,1,42.0,,576,0
9822,314,97,2,queue,treatment_wait_begins,433.84690701169285,,1,43.0,,576,0
9823,316,98,2,queue,treatment_wait_begins,435.3710613607267,,1,44.0,,576,0
9824,318,99,2,queue,treatment_wait_begins,435.7497548551885,,1,45.0,,576,0
9825,320,100,2,queue,treatment_wait_begins,438.26755384744905,,1,46.0,23.0,576,0
9826,394,45,2,resource_use,treatment_begins,554.1913498305421,2.0,1,1.0,,576,0
9827,401,46,2,resource_use,treatment_begins,559.4873956191101,1.0,1,2.0,,576,0
9828,406,47,2,resource_use,treatment_begins,564.1463818012539,3.0,1,3.0,,576,0
9829,411,48,2,resource_use,treatment_begins,565.0568801115129,4.0,1,4.0,,576,0
9830,155,49,2,queue,treatment_wait_begins,206.54063642859495,,1,1.0,,578,0
9831,157,50,2,queue,treatment_wait_begins,208.1453173837751,,1,2.0,,578,0
9832,159,51,2,queue,treatment_wait_begins,208.9739969202831,,1,3.0,,578,0
9833,161,52,2,queue,treatment_wait_begins,210.74581448374042,,1,4.0,,578,0
9834,163,53,2,queue,treatment_wait_begins,210.85151326578935,,1,5.0,,578,0
9835,165,54,2,queue,treatment_wait_begins,211.68829524636791,,1,6.0,,578,0
9836,167,55,2,queue,treatment_wait_begins,218.2635794691037,,1,7.0,,578,0
9837,181,56,2,queue,treatment_wait_begins,238.24236082502787,,1,8.0,,578,0
9838,185,58,2,queue,treatment_wait_begins,242.4802497949752,,1,9.0,,578,0
9839,187,59,2,queue,treatment_wait_begins,244.4690310645114,,1,10.0,,578,0
9840,189,60,2,queue,treatment_wait_begins,246.27574217918595,,1,11.0,,578,0
9841,193,62,2,queue,treatment_wait_begins,252.340535869662,,1,12.0,,578,0
9842,195,63,2,queue,treatment_wait_begins,259.21978013724924,,1,13.0,,578,0
9843,197,64,2,queue,treatment_wait_begins,266.7588257904633,,1,14.0,,578,0
9844,211,65,2,queue,treatment_wait_begins,293.3082397692622,,1,15.0,,578,0
9845,213,66,2,queue,treatment_wait_begins,303.841540943146,,1,16.0,,578,0
9846,215,67,2,queue,treatment_wait_begins,312.06587014562393,,1,17.0,,578,0
9847,226,68,2,queue,treatment_wait_begins,317.28332755550696,,1,18.0,,578,0
9848,228,69,2,queue,treatment_wait_begins,320.2459485503109,,1,19.0,,578,0
9849,230,70,2,queue,treatment_wait_begins,320.46821633167013,,1,20.0,,578,0
9850,235,71,2,queue,treatment_wait_begins,325.25123026577114,,1,21.0,,578,0
9851,241,74,2,queue,treatment_wait_begins,346.037960484565,,1,22.0,,578,0
9852,243,75,2,queue,treatment_wait_begins,347.69830455805135,,1,23.0,,578,0
9853,245,76,2,queue,treatment_wait_begins,347.94705816407,,1,24.0,,578,0
9854,247,77,2,queue,treatment_wait_begins,352.5711693396838,,1,25.0,,578,0
9855,263,79,2,queue,treatment_wait_begins,369.44362432169635,,1,26.0,,578,0
9856,265,80,2,queue,treatment_wait_begins,380.09833875091823,,1,27.0,,578,0
9857,267,81,2,queue,treatment_wait_begins,383.8634124776174,,1,28.0,,578,0
9858,269,82,2,queue,treatment_wait_begins,390.4333827158369,,1,29.0,,578,0
9859,271,83,2,queue,treatment_wait_begins,391.8772976892559,,1,30.0,,578,0
9860,273,84,2,queue,treatment_wait_begins,392.54938394344936,,1,31.0,,578,0
9861,275,85,2,queue,treatment_wait_begins,393.26178810715084,,1,32.0,,578,0
9862,277,86,2,queue,treatment_wait_begins,393.85019969752625,,1,33.0,,578,0
9863,279,87,2,queue,treatment_wait_begins,394.1235652920939,,1,34.0,,578,0
9864,290,88,2,queue,treatment_wait_begins,402.7065312495663,,1,35.0,,578,0
9865,295,89,2,queue,treatment_wait_begins,404.9496062434009,,1,36.0,,578,0
9866,297,90,2,queue,treatment_wait_begins,406.8802625567264,,1,37.0,,578,0
9867,299,91,2,queue,treatment_wait_begins,411.5550592296831,,1,38.0,,578,0
9868,303,93,2,queue,treatment_wait_begins,422.0828587162822,,1,39.0,,578,0
9869,305,94,2,queue,treatment_wait_begins,428.54263891348444,,1,40.0,,578,0
9870,307,95,2,queue,treatment_wait_begins,430.18884989348794,,1,41.0,,578,0
9871,309,96,2,queue,treatment_wait_begins,431.1918089653501,,1,42.0,,578,0
9872,314,97,2,queue,treatment_wait_begins,433.84690701169285,,1,43.0,,578,0
9873,316,98,2,queue,treatment_wait_begins,435.3710613607267,,1,44.0,,578,0
9874,318,99,2,queue,treatment_wait_begins,435.7497548551885,,1,45.0,,578,0
9875,320,100,2,queue,treatment_wait_begins,438.26755384744905,,1,46.0,24.0,578,0
9876,394,45,2,resource_use,treatment_begins,554.1913498305421,2.0,1,1.0,,578,0
9877,401,46,2,resource_use,treatment_begins,559.4873956191101,1.0,1,2.0,,578,0
9878,406,47,2,resource_use,treatment_begins,564.1463818012539,3.0,1,3.0,,578,0
9879,411,48,2,resource_use,treatment_begins,565.0568801115129,4.0,1,4.0,,578,0
9880,155,49,2,queue,treatment_wait_begins,206.54063642859495,,1,1.0,,580,0
9881,157,50,2,queue,treatment_wait_begins,208.1453173837751,,1,2.0,,580,0
9882,159,51,2,queue,treatment_wait_begins,208.9739969202831,,1,3.0,,580,0
9883,161,52,2,queue,treatment_wait_begins,210.74581448374042,,1,4.0,,580,0
9884,163,53,2,queue,treatment_wait_begins,210.85151326578935,,1,5.0,,580,0
9885,165,54,2,queue,treatment_wait_begins,211.68829524636791,,1,6.0,,580,0
9886,167,55,2,queue,treatment_wait_begins,218.2635794691037,,1,7.0,,580,0
9887,181,56,2,queue,treatment_wait_begins,238.24236082502787,,1,8.0,,580,0
9888,185,58,2,queue,treatment_wait_begins,242.4802497949752,,1,9.0,,580,0
9889,187,59,2,queue,treatment_wait_begins,244.4690310645114,,1,10.0,,580,0
9890,189,60,2,queue,treatment_wait_begins,246.27574217918595,,1,11.0,,580,0
9891,193,62,2,queue,treatment_wait_begins,252.340535869662,,1,12.0,,580,0
9892,195,63,2,queue,treatment_wait_begins,259.21978013724924,,1,13.0,,580,0
9893,197,64,2,queue,treatment_wait_begins,266.7588257904633,,1,14.0,,580,0
9894,211,65,2,queue,treatment_wait_begins,293.3082397692622,,1,15.0,,580,0
9895,213,66,2,queue,treatment_wait_begins,303.841540943146,,1,16.0,,580,0
9896,215,67,2,queue,treatment_wait_begins,312.06587014562393,,1,17.0,,580,0
9897,226,68,2,queue,treatment_wait_begins,317.28332755550696,,1,18.0,,580,0
9898,228,69,2,queue,treatment_wait_begins,320.2459485503109,,1,19.0,,580,0
9899,230,70,2,queue,treatment_wait_begins,320.46821633167013,,1,20.0,,580,0
9900,235,71,2,queue,treatment_wait_begins,325.25123026577114,,1,21.0,,580,0
9901,241,74,2,queue,treatment_wait_begins,346.037960484565,,1,22.0,,580,0
9902,243,75,2,queue,treatment_wait_begins,347.69830455805135,,1,23.0,,580,0
9903,245,76,2,queue,treatment_wait_begins,347.94705816407,,1,24.0,,580,0
9904,247,77,2,queue,treatment_wait_begins,352.5711693396838,,1,25.0,,580,0
9905,263,79,2,queue,treatment_wait_begins,369.44362432169635,,1,26.0,,580,0
9906,265,80,2,queue,treatment_wait_begins,380.09833875091823,,1,27.0,,580,0
9907,267,81,2,queue,treatment_wait_begins,383.8634124776174,,1,28.0,,580,0
9908,269,82,2,queue,treatment_wait_begins,390.4333827158369,,1,29.0,,580,0
9909,271,83,2,queue,treatment_wait_begins,391.8772976892559,,1,30.0,,580,0
9910,273,84,2,queue,treatment_wait_begins,392.54938394344936,,1,31.0,,580,0
9911,275,85,2,queue,treatment_wait_begins,393.26178810715084,,1,32.0,,580,0
9912,277,86,2,queue,treatment_wait_begins,393.85019969752625,,1,33.0,,580,0
9913,279,87,2,queue,treatment_wait_begins,394.1235652920939,,1,34.0,,580,0
9914,290,88,2,queue,treatment_wait_begins,402.7065312495663,,1,35.0,,580,0
9915,295,89,2,queue,treatment_wait_begins,404.9496062434009,,1,36.0,,580,0
9916,297,90,2,queue,treatment_wait_begins,406.8802625567264,,1,37.0,,580,0
9917,299,91,2,queue,treatment_wait_begins,411.5550592296831,,1,38.0,,580,0
9918,303,93,2,queue,treatment_wait_begins,422.0828587162822,,1,39.0,,580,0
9919,305,94,2,queue,treatment_wait_begins,428.54263891348444,,1,40.0,,580,0
9920,307,95,2,queue,treatment_wait_begins,430.18884989348794,,1,41.0,,580,0
9921,309,96,2,queue,treatment_wait_begins,431.1918089653501,,1,42.0,,580,0
9922,314,97,2,queue,treatment_wait_begins,433.84690701169285,,1,43.0,,580,0
9923,316,98,2,queue,treatment_wait_begins,435.3710613607267,,1,44.0,,580,0
9924,318,99,2,queue,treatment_wait_begins,435.7497548551885,,1,45.0,,580,0
9925,320,100,2,queue,treatment_wait_begins,438.26755384744905,,1,46.0,26.0,580,0
9926,394,45,2,resource_use,treatment_begins,554.1913498305421,2.0,1,1.0,,580,0
9927,401,46,2,resource_use,treatment_begins,559.4873956191101,1.0,1,2.0,,580,0
9928,406,47,2,resource_use,treatment_begins,564.1463818012539,3.0,1,3.0,,580,0
9929,411,48,2,resource_use,treatment_begins,565.0568801115129,4.0,1,4.0,,580,0
9930,155,49,2,queue,treatment_wait_begins,206.54063642859495,,1,1.0,,582,0
9931,157,50,2,queue,treatment_wait_begins,208.1453173837751,,1,2.0,,582,0
9932,159,51,2,queue,treatment_wait_begins,208.9739969202831,,1,3.0,,582,0
9933,161,52,2,queue,treatment_wait_begins,210.74581448374042,,1,4.0,,582,0
9934,163,53,2,queue,treatment_wait_begins,210.85151326578935,,1,5.0,,582,0
9935,165,54,2,queue,treatment_wait_begins,211.68829524636791,,1,6.0,,582,0
9936,167,55,2,queue,treatment_wait_begins,218.2635794691037,,1,7.0,,582,0
9937,181,56,2,queue,treatment_wait_begins,238.24236082502787,,1,8.0,,582,0
9938,185,58,2,queue,treatment_wait_begins,242.4802497949752,,1,9.0,,582,0
9939,187,59,2,queue,treatment_wait_begins,244.4690310645114,,1,10.0,,582,0
9940,189,60,2,queue,treatment_wait_begins,246.27574217918595,,1,11.0,,582,0
9941,193,62,2,queue,treatment_wait_begins,252.340535869662,,1,12.0,,582,0
9942,195,63,2,queue,treatment_wait_begins,259.21978013724924,,1,13.0,,582,0
9943,197,64,2,queue,treatment_wait_begins,266.7588257904633,,1,14.0,,582,0
9944,211,65,2,queue,treatment_wait_begins,293.3082397692622,,1,15.0,,582,0
9945,213,66,2,queue,treatment_wait_begins,303.841540943146,,1,16.0,,582,0
9946,215,67,2,queue,treatment_wait_begins,312.06587014562393,,1,17.0,,582,0
9947,226,68,2,queue,treatment_wait_begins,317.28332755550696,,1,18.0,,582,0
9948,228,69,2,queue,treatment_wait_begins,320.2459485503109,,1,19.0,,582,0
9949,230,70,2,queue,treatment_wait_begins,320.46821633167013,,1,20.0,,582,0
9950,235,71,2,queue,treatment_wait_begins,325.25123026577114,,1,21.0,,582,0
9951,241,74,2,queue,treatment_wait_begins,346.037960484565,,1,22.0,,582,0
9952,243,75,2,queue,treatment_wait_begins,347.69830455805135,,1,23.0,,582,0
9953,245,76,2,queue,treatment_wait_begins,347.94705816407,,1,24.0,,582,0
9954,247,77,2,queue,treatment_wait_begins,352.5711693396838,,1,25.0,,582,0
9955,263,79,2,queue,treatment_wait_begins,369.44362432169635,,1,26.0,,582,0
9956,265,80,2,queue,treatment_wait_begins,380.09833875091823,,1,27.0,,582,0
9957,267,81,2,queue,treatment_wait_begins,383.8634124776174,,1,28.0,,582,0
9958,269,82,2,queue,treatment_wait_begins,390.4333827158369,,1,29.0,,582,0
9959,271,83,2,queue,treatment_wait_begins,391.8772976892559,,1,30.0,,582,0
9960,273,84,2,queue,treatment_wait_begins,392.54938394344936,,1,31.0,,582,0
9961,275,85,2,queue,treatment_wait_begins,393.26178810715084,,1,32.0,,582,0
9962,277,86,2,queue,treatment_wait_begins,393.85019969752625,,1,33.0,,582,0
9963,279,87,2,queue,treatment_wait_begins,394.1235652920939,,1,34.0,,582,0
9964,290,88,2,queue,treatment_wait_begins,402.7065312495663,,1,35.0,,582,0
9965,295,89,2,queue,treatment_wait_begins,404.9496062434009,,1,36.0,,582,0
9966,297,90,2,queue,treatment_wait_begins,406.8802625567264,,1,37.0,,582,0
9967,299,91,2,queue,treatment_wait_begins,411.5550592296831,,1,38.0,,582,0
9968,303,93,2,queue,treatment_wait_begins,422.0828587162822,,1,39.0,,582,0
9969,305,94,2,queue,treatment_wait_begins,428.54263891348444,,1,40.0,,582,0
9970,307,95,2,queue,treatment_wait_begins,430.18884989348794,,1,41.0,,582,0
9971,309,96,2,queue,treatment_wait_begins,431.1918089653501,,1,42.0,,582,0
9972,314,97,2,queue,treatment_wait_begins,433.84690701169285,,1,43.0,,582,0
9973,316,98,2,queue,treatment_wait_begins,435.3710613607267,,1,44.0,,582,0
9974,318,99,2,queue,treatment_wait_begins,435.7497548551885,,1,45.0,,582,0
9975,320,100,2,queue,treatment_wait_begins,438.26755384744905,,1,46.0,26.0,582,0
9976,394,45,2,resource_use,treatment_begins,554.1913498305421,2.0,1,1.0,,582,0
9977,401,46,2,resource_use,treatment_begins,559.4873956191101,1.0,1,2.0,,582,0
9978,406,47,2,resource_use,treatment_begins,564.1463818012539,3.0,1,3.0,,582,0
9979,411,48,2,resource_use,treatment_begins,565.0568801115129,4.0,1,4.0,,582,0
9980,155,49,2,queue,treatment_wait_begins,206.54063642859495,,1,1.0,,584,0
9981,157,50,2,queue,treatment_wait_begins,208.1453173837751,,1,2.0,,584,0
9982,159,51,2,queue,treatment_wait_begins,208.9739969202831,,1,3.0,,584,0
9983,161,52,2,queue,treatment_wait_begins,210.74581448374042,,1,4.0,,584,0
9984,163,53,2,queue,treatment_wait_begins,210.85151326578935,,1,5.0,,584,0
9985,165,54,2,queue,treatment_wait_begins,211.68829524636791,,1,6.0,,584,0
9986,167,55,2,queue,treatment_wait_begins,218.2635794691037,,1,7.0,,584,0
9987,181,56,2,queue,treatment_wait_begins,238.24236082502787,,1,8.0,,584,0
9988,185,58,2,queue,treatment_wait_begins,242.4802497949752,,1,9.0,,584,0
9989,187,59,2,queue,treatment_wait_begins,244.4690310645114,,1,10.0,,584,0
9990,189,60,2,queue,treatment_wait_begins,246.27574217918595,,1,11.0,,584,0
9991,193,62,2,queue,treatment_wait_begins,252.340535869662,,1,12.0,,584,0
9992,195,63,2,queue,treatment_wait_begins,259.21978013724924,,1,13.0,,584,0
9993,197,64,2,queue,treatment_wait_begins,266.7588257904633,,1,14.0,,584,0
9994,211,65,2,queue,treatment_wait_begins,293.3082397692622,,1,15.0,,584,0
9995,213,66,2,queue,treatment_wait_begins,303.841540943146,,1,16.0,,584,0
9996,215,67,2,queue,treatment_wait_begins,312.06587014562393,,1,17.0,,584,0
9997,226,68,2,queue,treatment_wait_begins,317.28332755550696,,1,18.0,,584,0
9998,228,69,2,queue,treatment_wait_begins,320.2459485503109,,1,19.0,,584,0
9999,230,70,2,queue,treatment_wait_begins,320.46821633167013,,1,20.0,,584,0
10000,235,71,2,queue,treatment_wait_begins,325.25123026577114,,1,21.0,,584,0
10001,241,74,2,queue,treatment_wait_begins,346.037960484565,,1,22.0,,584,0
10002,243,75,2,queue,treatment_wait_begins,347.69830455805135,,1,23.0,,584,0
10003,245,76,2,queue,treatment_wait_begins,347.94705816407,,1,24.0,,584,0
10004,247,77,2,queue,treatment_wait_begins,352.5711693396838,,1,25.0,,584,0
10005,263,79,2,queue,treatment_wait_begins,369.44362432169635,,1,26.0,,584,0
10006,265,80,2,queue,treatment_wait_begins,380.09833875091823,,1,27.0,,584,0
10007,267,81,2,queue,treatment_wait_begins,383.8634124776174,,1,28.0,,584,0
10008,269,82,2,queue,treatment_wait_begins,390.4333827158369,,1,29.0,,584,0
10009,271,83,2,queue,treatment_wait_begins,391.8772976892559,,1,30.0,,584,0
10010,273,84,2,queue,treatment_wait_begins,392.54938394344936,,1,31.0,,584,0
10011,275,85,2,queue,treatment_wait_begins,393.26178810715084,,1,32.0,,584,0
10012,277,86,2,queue,treatment_wait_begins,393.85019969752625,,1,33.0,,584,0
10013,279,87,2,queue,treatment_wait_begins,394.1235652920939,,1,34.0,,584,0
10014,290,88,2,queue,treatment_wait_begins,402.7065312495663,,1,35.0,,584,0
10015,295,89,2,queue,treatment_wait_begins,404.9496062434009,,1,36.0,,584,0
10016,297,90,2,queue,treatment_wait_begins,406.8802625567264,,1,37.0,,584,0
10017,299,91,2,queue,treatment_wait_begins,411.5550592296831,,1,38.0,,584,0
10018,303,93,2,queue,treatment_wait_begins,422.0828587162822,,1,39.0,,584,0
10019,305,94,2,queue,treatment_wait_begins,428.54263891348444,,1,40.0,,584,0
10020,307,95,2,queue,treatment_wait_begins,430.18884989348794,,1,41.0,,584,0
10021,309,96,2,queue,treatment_wait_begins,431.1918089653501,,1,42.0,,584,0
10022,314,97,2,queue,treatment_wait_begins,433.84690701169285,,1,43.0,,584,0
10023,316,98,2,queue,treatment_wait_begins,435.3710613607267,,1,44.0,,584,0
10024,318,99,2,queue,treatment_wait_begins,435.7497548551885,,1,45.0,,584,0
10025,320,100,2,queue,treatment_wait_begins,438.26755384744905,,1,46.0,26.0,584,0
10026,394,45,2,resource_use,treatment_begins,554.1913498305421,2.0,1,1.0,,584,0
10027,401,46,2,resource_use,treatment_begins,559.4873956191101,1.0,1,2.0,,584,0
10028,406,47,2,resource_use,treatment_begins,564.1463818012539,3.0,1,3.0,,584,0
10029,411,48,2,resource_use,treatment_begins,565.0568801115129,4.0,1,4.0,,584,0
10030,155,49,2,queue,treatment_wait_begins,206.54063642859495,,1,1.0,,586,0
10031,157,50,2,queue,treatment_wait_begins,208.1453173837751,,1,2.0,,586,0
10032,159,51,2,queue,treatment_wait_begins,208.9739969202831,,1,3.0,,586,0
10033,161,52,2,queue,treatment_wait_begins,210.74581448374042,,1,4.0,,586,0
10034,163,53,2,queue,treatment_wait_begins,210.85151326578935,,1,5.0,,586,0
10035,165,54,2,queue,treatment_wait_begins,211.68829524636791,,1,6.0,,586,0
10036,167,55,2,queue,treatment_wait_begins,218.2635794691037,,1,7.0,,586,0
10037,181,56,2,queue,treatment_wait_begins,238.24236082502787,,1,8.0,,586,0
10038,185,58,2,queue,treatment_wait_begins,242.4802497949752,,1,9.0,,586,0
10039,187,59,2,queue,treatment_wait_begins,244.4690310645114,,1,10.0,,586,0
10040,189,60,2,queue,treatment_wait_begins,246.27574217918595,,1,11.0,,586,0
10041,193,62,2,queue,treatment_wait_begins,252.340535869662,,1,12.0,,586,0
10042,195,63,2,queue,treatment_wait_begins,259.21978013724924,,1,13.0,,586,0
10043,197,64,2,queue,treatment_wait_begins,266.7588257904633,,1,14.0,,586,0
10044,211,65,2,queue,treatment_wait_begins,293.3082397692622,,1,15.0,,586,0
10045,213,66,2,queue,treatment_wait_begins,303.841540943146,,1,16.0,,586,0
10046,215,67,2,queue,treatment_wait_begins,312.06587014562393,,1,17.0,,586,0
10047,226,68,2,queue,treatment_wait_begins,317.28332755550696,,1,18.0,,586,0
10048,228,69,2,queue,treatment_wait_begins,320.2459485503109,,1,19.0,,586,0
10049,230,70,2,queue,treatment_wait_begins,320.46821633167013,,1,20.0,,586,0
10050,235,71,2,queue,treatment_wait_begins,325.25123026577114,,1,21.0,,586,0
10051,241,74,2,queue,treatment_wait_begins,346.037960484565,,1,22.0,,586,0
10052,243,75,2,queue,treatment_wait_begins,347.69830455805135,,1,23.0,,586,0
10053,245,76,2,queue,treatment_wait_begins,347.94705816407,,1,24.0,,586,0
10054,247,77,2,queue,treatment_wait_begins,352.5711693396838,,1,25.0,,586,0
10055,263,79,2,queue,treatment_wait_begins,369.44362432169635,,1,26.0,,586,0
10056,265,80,2,queue,treatment_wait_begins,380.09833875091823,,1,27.0,,586,0
10057,267,81,2,queue,treatment_wait_begins,383.8634124776174,,1,28.0,,586,0
10058,269,82,2,queue,treatment_wait_begins,390.4333827158369,,1,29.0,,586,0
10059,271,83,2,queue,treatment_wait_begins,391.8772976892559,,1,30.0,,586,0
10060,273,84,2,queue,treatment_wait_begins,392.54938394344936,,1,31.0,,586,0
10061,275,85,2,queue,treatment_wait_begins,393.26178810715084,,1,32.0,,586,0
10062,277,86,2,queue,treatment_wait_begins,393.85019969752625,,1,33.0,,586,0
10063,279,87,2,queue,treatment_wait_begins,394.1235652920939,,1,34.0,,586,0
10064,290,88,2,queue,treatment_wait_begins,402.7065312495663,,1,35.0,,586,0
10065,295,89,2,queue,treatment_wait_begins,404.9496062434009,,1,36.0,,586,0
10066,297,90,2,queue,treatment_wait_begins,406.8802625567264,,1,37.0,,586,0
10067,299,91,2,queue,treatment_wait_begins,411.5550592296831,,1,38.0,,586,0
10068,303,93,2,queue,treatment_wait_begins,422.0828587162822,,1,39.0,,586,0
10069,305,94,2,queue,treatment_wait_begins,428.54263891348444,,1,40.0,,586,0
10070,307,95,2,queue,treatment_wait_begins,430.18884989348794,,1,41.0,,586,0
10071,309,96,2,queue,treatment_wait_begins,431.1918089653501,,1,42.0,,586,0
10072,314,97,2,queue,treatment_wait_begins,433.84690701169285,,1,43.0,,586,0
10073,316,98,2,queue,treatment_wait_begins,435.3710613607267,,1,44.0,,586,0
10074,318,99,2,queue,treatment_wait_begins,435.7497548551885,,1,45.0,,586,0
10075,320,100,2,queue,treatment_wait_begins,438.26755384744905,,1,46.0,26.0,586,0
10076,394,45,2,resource_use,treatment_begins,554.1913498305421,2.0,1,1.0,,586,0
10077,401,46,2,resource_use,treatment_begins,559.4873956191101,1.0,1,2.0,,586,0
10078,406,47,2,resource_use,treatment_begins,564.1463818012539,3.0,1,3.0,,586,0
10079,411,48,2,resource_use,treatment_begins,565.0568801115129,4.0,1,4.0,,586,0
10080,155,49,2,queue,treatment_wait_begins,206.54063642859495,,1,1.0,,588,0
10081,157,50,2,queue,treatment_wait_begins,208.1453173837751,,1,2.0,,588,0
10082,159,51,2,queue,treatment_wait_begins,208.9739969202831,,1,3.0,,588,0
10083,161,52,2,queue,treatment_wait_begins,210.74581448374042,,1,4.0,,588,0
10084,163,53,2,queue,treatment_wait_begins,210.85151326578935,,1,5.0,,588,0
10085,165,54,2,queue,treatment_wait_begins,211.68829524636791,,1,6.0,,588,0
10086,167,55,2,queue,treatment_wait_begins,218.2635794691037,,1,7.0,,588,0
10087,181,56,2,queue,treatment_wait_begins,238.24236082502787,,1,8.0,,588,0
10088,185,58,2,queue,treatment_wait_begins,242.4802497949752,,1,9.0,,588,0
10089,187,59,2,queue,treatment_wait_begins,244.4690310645114,,1,10.0,,588,0
10090,189,60,2,queue,treatment_wait_begins,246.27574217918595,,1,11.0,,588,0
10091,193,62,2,queue,treatment_wait_begins,252.340535869662,,1,12.0,,588,0
10092,195,63,2,queue,treatment_wait_begins,259.21978013724924,,1,13.0,,588,0
10093,197,64,2,queue,treatment_wait_begins,266.7588257904633,,1,14.0,,588,0
10094,211,65,2,queue,treatment_wait_begins,293.3082397692622,,1,15.0,,588,0
10095,213,66,2,queue,treatment_wait_begins,303.841540943146,,1,16.0,,588,0
10096,215,67,2,queue,treatment_wait_begins,312.06587014562393,,1,17.0,,588,0
10097,226,68,2,queue,treatment_wait_begins,317.28332755550696,,1,18.0,,588,0
10098,228,69,2,queue,treatment_wait_begins,320.2459485503109,,1,19.0,,588,0
10099,230,70,2,queue,treatment_wait_begins,320.46821633167013,,1,20.0,,588,0
10100,235,71,2,queue,treatment_wait_begins,325.25123026577114,,1,21.0,,588,0
10101,241,74,2,queue,treatment_wait_begins,346.037960484565,,1,22.0,,588,0
10102,243,75,2,queue,treatment_wait_begins,347.69830455805135,,1,23.0,,588,0
10103,245,76,2,queue,treatment_wait_begins,347.94705816407,,1,24.0,,588,0
10104,247,77,2,queue,treatment_wait_begins,352.5711693396838,,1,25.0,,588,0
10105,263,79,2,queue,treatment_wait_begins,369.44362432169635,,1,26.0,,588,0
10106,265,80,2,queue,treatment_wait_begins,380.09833875091823,,1,27.0,,588,0
10107,267,81,2,queue,treatment_wait_begins,383.8634124776174,,1,28.0,,588,0
10108,269,82,2,queue,treatment_wait_begins,390.4333827158369,,1,29.0,,588,0
10109,271,83,2,queue,treatment_wait_begins,391.8772976892559,,1,30.0,,588,0
10110,273,84,2,queue,treatment_wait_begins,392.54938394344936,,1,31.0,,588,0
10111,275,85,2,queue,treatment_wait_begins,393.26178810715084,,1,32.0,,588,0
10112,277,86,2,queue,treatment_wait_begins,393.85019969752625,,1,33.0,,588,0
10113,279,87,2,queue,treatment_wait_begins,394.1235652920939,,1,34.0,,588,0
10114,290,88,2,queue,treatment_wait_begins,402.7065312495663,,1,35.0,,588,0
10115,295,89,2,queue,treatment_wait_begins,404.9496062434009,,1,36.0,,588,0
10116,297,90,2,queue,treatment_wait_begins,406.8802625567264,,1,37.0,,588,0
10117,299,91,2,queue,treatment_wait_begins,411.5550592296831,,1,38.0,,588,0
10118,303,93,2,queue,treatment_wait_begins,422.0828587162822,,1,39.0,,588,0
10119,305,94,2,queue,treatment_wait_begins,428.54263891348444,,1,40.0,,588,0
10120,307,95,2,queue,treatment_wait_begins,430.18884989348794,,1,41.0,,588,0
10121,309,96,2,queue,treatment_wait_begins,431.1918089653501,,1,42.0,,588,0
10122,314,97,2,queue,treatment_wait_begins,433.84690701169285,,1,43.0,,588,0
10123,316,98,2,queue,treatment_wait_begins,435.3710613607267,,1,44.0,,588,0
10124,318,99,2,queue,treatment_wait_begins,435.7497548551885,,1,45.0,,588,0
10125,320,100,2,queue,treatment_wait_begins,438.26755384744905,,1,46.0,26.0,588,0
10126,394,45,2,resource_use,treatment_begins,554.1913498305421,2.0,1,1.0,,588,0
10127,401,46,2,resource_use,treatment_begins,559.4873956191101,1.0,1,2.0,,588,0
10128,406,47,2,resource_use,treatment_begins,564.1463818012539,3.0,1,3.0,,588,0
10129,411,48,2,resource_use,treatment_begins,565.0568801115129,4.0,1,4.0,,588,0
10130,155,49,2,queue,treatment_wait_begins,206.54063642859495,,1,1.0,,590,0
10131,157,50,2,queue,treatment_wait_begins,208.1453173837751,,1,2.0,,590,0
10132,159,51,2,queue,treatment_wait_begins,208.9739969202831,,1,3.0,,590,0
10133,161,52,2,queue,treatment_wait_begins,210.74581448374042,,1,4.0,,590,0
10134,163,53,2,queue,treatment_wait_begins,210.85151326578935,,1,5.0,,590,0
10135,165,54,2,queue,treatment_wait_begins,211.68829524636791,,1,6.0,,590,0
10136,167,55,2,queue,treatment_wait_begins,218.2635794691037,,1,7.0,,590,0
10137,181,56,2,queue,treatment_wait_begins,238.24236082502787,,1,8.0,,590,0
10138,185,58,2,queue,treatment_wait_begins,242.4802497949752,,1,9.0,,590,0
10139,187,59,2,queue,treatment_wait_begins,244.4690310645114,,1,10.0,,590,0
10140,189,60,2,queue,treatment_wait_begins,246.27574217918595,,1,11.0,,590,0
10141,193,62,2,queue,treatment_wait_begins,252.340535869662,,1,12.0,,590,0
10142,195,63,2,queue,treatment_wait_begins,259.21978013724924,,1,13.0,,590,0
10143,197,64,2,queue,treatment_wait_begins,266.7588257904633,,1,14.0,,590,0
10144,211,65,2,queue,treatment_wait_begins,293.3082397692622,,1,15.0,,590,0
10145,213,66,2,queue,treatment_wait_begins,303.841540943146,,1,16.0,,590,0
10146,215,67,2,queue,treatment_wait_begins,312.06587014562393,,1,17.0,,590,0
10147,226,68,2,queue,treatment_wait_begins,317.28332755550696,,1,18.0,,590,0
10148,228,69,2,queue,treatment_wait_begins,320.2459485503109,,1,19.0,,590,0
10149,230,70,2,queue,treatment_wait_begins,320.46821633167013,,1,20.0,,590,0
10150,235,71,2,queue,treatment_wait_begins,325.25123026577114,,1,21.0,,590,0
10151,241,74,2,queue,treatment_wait_begins,346.037960484565,,1,22.0,,590,0
10152,243,75,2,queue,treatment_wait_begins,347.69830455805135,,1,23.0,,590,0
10153,245,76,2,queue,treatment_wait_begins,347.94705816407,,1,24.0,,590,0
10154,247,77,2,queue,treatment_wait_begins,352.5711693396838,,1,25.0,,590,0
10155,263,79,2,queue,treatment_wait_begins,369.44362432169635,,1,26.0,,590,0
10156,265,80,2,queue,treatment_wait_begins,380.09833875091823,,1,27.0,,590,0
10157,267,81,2,queue,treatment_wait_begins,383.8634124776174,,1,28.0,,590,0
10158,269,82,2,queue,treatment_wait_begins,390.4333827158369,,1,29.0,,590,0
10159,271,83,2,queue,treatment_wait_begins,391.8772976892559,,1,30.0,,590,0
10160,273,84,2,queue,treatment_wait_begins,392.54938394344936,,1,31.0,,590,0
10161,275,85,2,queue,treatment_wait_begins,393.26178810715084,,1,32.0,,590,0
10162,277,86,2,queue,treatment_wait_begins,393.85019969752625,,1,33.0,,590,0
10163,279,87,2,queue,treatment_wait_begins,394.1235652920939,,1,34.0,,590,0
10164,290,88,2,queue,treatment_wait_begins,402.7065312495663,,1,35.0,,590,0
10165,295,89,2,queue,treatment_wait_begins,404.9496062434009,,1,36.0,,590,0
10166,297,90,2,queue,treatment_wait_begins,406.8802625567264,,1,37.0,,590,0
10167,299,91,2,queue,treatment_wait_begins,411.5550592296831,,1,38.0,,590,0
10168,303,93,2,queue,treatment_wait_begins,422.0828587162822,,1,39.0,,590,0
10169,305,94,2,queue,treatment_wait_begins,428.54263891348444,,1,40.0,,590,0
10170,307,95,2,queue,treatment_wait_begins,430.18884989348794,,1,41.0,,590,0
10171,309,96,2,queue,treatment_wait_begins,431.1918089653501,,1,42.0,,590,0
10172,314,97,2,queue,treatment_wait_begins,433.84690701169285,,1,43.0,,590,0
10173,316,98,2,queue,treatment_wait_begins,435.3710613607267,,1,44.0,,590,0
10174,318,99,2,queue,treatment_wait_begins,435.7497548551885,,1,45.0,,590,0
10175,320,100,2,queue,treatment_wait_begins,438.26755384744905,,1,46.0,26.0,590,0
10176,394,45,2,resource_use,treatment_begins,554.1913498305421,2.0,1,1.0,,590,0
10177,401,46,2,resource_use,treatment_begins,559.4873956191101,1.0,1,2.0,,590,0
10178,406,47,2,resource_use,treatment_begins,564.1463818012539,3.0,1,3.0,,590,0
10179,411,48,2,resource_use,treatment_begins,565.0568801115129,4.0,1,4.0,,590,0
10180,155,49,2,queue,treatment_wait_begins,206.54063642859495,,1,1.0,,592,0
10181,157,50,2,queue,treatment_wait_begins,208.1453173837751,,1,2.0,,592,0
10182,159,51,2,queue,treatment_wait_begins,208.9739969202831,,1,3.0,,592,0
10183,161,52,2,queue,treatment_wait_begins,210.74581448374042,,1,4.0,,592,0
10184,163,53,2,queue,treatment_wait_begins,210.85151326578935,,1,5.0,,592,0
10185,165,54,2,queue,treatment_wait_begins,211.68829524636791,,1,6.0,,592,0
10186,167,55,2,queue,treatment_wait_begins,218.2635794691037,,1,7.0,,592,0
10187,181,56,2,queue,treatment_wait_begins,238.24236082502787,,1,8.0,,592,0
10188,185,58,2,queue,treatment_wait_begins,242.4802497949752,,1,9.0,,592,0
10189,187,59,2,queue,treatment_wait_begins,244.4690310645114,,1,10.0,,592,0
10190,189,60,2,queue,treatment_wait_begins,246.27574217918595,,1,11.0,,592,0
10191,193,62,2,queue,treatment_wait_begins,252.340535869662,,1,12.0,,592,0
10192,195,63,2,queue,treatment_wait_begins,259.21978013724924,,1,13.0,,592,0
10193,197,64,2,queue,treatment_wait_begins,266.7588257904633,,1,14.0,,592,0
10194,211,65,2,queue,treatment_wait_begins,293.3082397692622,,1,15.0,,592,0
10195,213,66,2,queue,treatment_wait_begins,303.841540943146,,1,16.0,,592,0
10196,215,67,2,queue,treatment_wait_begins,312.06587014562393,,1,17.0,,592,0
10197,226,68,2,queue,treatment_wait_begins,317.28332755550696,,1,18.0,,592,0
10198,228,69,2,queue,treatment_wait_begins,320.2459485503109,,1,19.0,,592,0
10199,230,70,2,queue,treatment_wait_begins,320.46821633167013,,1,20.0,,592,0
10200,235,71,2,queue,treatment_wait_begins,325.25123026577114,,1,21.0,,592,0
10201,241,74,2,queue,treatment_wait_begins,346.037960484565,,1,22.0,,592,0
10202,243,75,2,queue,treatment_wait_begins,347.69830455805135,,1,23.0,,592,0
10203,245,76,2,queue,treatment_wait_begins,347.94705816407,,1,24.0,,592,0
10204,247,77,2,queue,treatment_wait_begins,352.5711693396838,,1,25.0,,592,0
10205,263,79,2,queue,treatment_wait_begins,369.44362432169635,,1,26.0,,592,0
10206,265,80,2,queue,treatment_wait_begins,380.09833875091823,,1,27.0,,592,0
10207,267,81,2,queue,treatment_wait_begins,383.8634124776174,,1,28.0,,592,0
10208,269,82,2,queue,treatment_wait_begins,390.4333827158369,,1,29.0,,592,0
10209,271,83,2,queue,treatment_wait_begins,391.8772976892559,,1,30.0,,592,0
10210,273,84,2,queue,treatment_wait_begins,392.54938394344936,,1,31.0,,592,0
10211,275,85,2,queue,treatment_wait_begins,393.26178810715084,,1,32.0,,592,0
10212,277,86,2,queue,treatment_wait_begins,393.85019969752625,,1,33.0,,592,0
10213,279,87,2,queue,treatment_wait_begins,394.1235652920939,,1,34.0,,592,0
10214,290,88,2,queue,treatment_wait_begins,402.7065312495663,,1,35.0,,592,0
10215,295,89,2,queue,treatment_wait_begins,404.9496062434009,,1,36.0,,592,0
10216,297,90,2,queue,treatment_wait_begins,406.8802625567264,,1,37.0,,592,0
10217,299,91,2,queue,treatment_wait_begins,411.5550592296831,,1,38.0,,592,0
10218,303,93,2,queue,treatment_wait_begins,422.0828587162822,,1,39.0,,592,0
10219,305,94,2,queue,treatment_wait_begins,428.54263891348444,,1,40.0,,592,0
10220,307,95,2,queue,treatment_wait_begins,430.18884989348794,,1,41.0,,592,0
10221,309,96,2,queue,treatment_wait_begins,431.1918089653501,,1,42.0,,592,0
10222,314,97,2,queue,treatment_wait_begins,433.84690701169285,,1,43.0,,592,0
10223,316,98,2,queue,treatment_wait_begins,435.3710613607267,,1,44.0,,592,0
10224,318,99,2,queue,treatment_wait_begins,435.7497548551885,,1,45.0,,592,0
10225,320,100,2,queue,treatment_wait_begins,438.26755384744905,,1,46.0,25.0,592,0
10226,401,46,2,resource_use,treatment_begins,559.4873956191101,1.0,1,1.0,,592,0
10227,406,47,2,resource_use,treatment_begins,564.1463818012539,3.0,1,2.0,,592,0
10228,411,48,2,resource_use,treatment_begins,565.0568801115129,4.0,1,3.0,,592,0
10229,428,124,1,resource_use,treatment_begins,591.6245692350104,2.0,1,4.0,,592,13
10230,155,49,2,queue,treatment_wait_begins,206.54063642859495,,1,1.0,,594,0
10231,157,50,2,queue,treatment_wait_begins,208.1453173837751,,1,2.0,,594,0
10232,159,51,2,queue,treatment_wait_begins,208.9739969202831,,1,3.0,,594,0
10233,161,52,2,queue,treatment_wait_begins,210.74581448374042,,1,4.0,,594,0
10234,163,53,2,queue,treatment_wait_begins,210.85151326578935,,1,5.0,,594,0
10235,165,54,2,queue,treatment_wait_begins,211.68829524636791,,1,6.0,,594,0
10236,167,55,2,queue,treatment_wait_begins,218.2635794691037,,1,7.0,,594,0
10237,181,56,2,queue,treatment_wait_begins,238.24236082502787,,1,8.0,,594,0
10238,185,58,2,queue,treatment_wait_begins,242.4802497949752,,1,9.0,,594,0
10239,187,59,2,queue,treatment_wait_begins,244.4690310645114,,1,10.0,,594,0
10240,189,60,2,queue,treatment_wait_begins,246.27574217918595,,1,11.0,,594,0
10241,193,62,2,queue,treatment_wait_begins,252.340535869662,,1,12.0,,594,0
10242,195,63,2,queue,treatment_wait_begins,259.21978013724924,,1,13.0,,594,0
10243,197,64,2,queue,treatment_wait_begins,266.7588257904633,,1,14.0,,594,0
10244,211,65,2,queue,treatment_wait_begins,293.3082397692622,,1,15.0,,594,0
10245,213,66,2,queue,treatment_wait_begins,303.841540943146,,1,16.0,,594,0
10246,215,67,2,queue,treatment_wait_begins,312.06587014562393,,1,17.0,,594,0
10247,226,68,2,queue,treatment_wait_begins,317.28332755550696,,1,18.0,,594,0
10248,228,69,2,queue,treatment_wait_begins,320.2459485503109,,1,19.0,,594,0
10249,230,70,2,queue,treatment_wait_begins,320.46821633167013,,1,20.0,,594,0
10250,235,71,2,queue,treatment_wait_begins,325.25123026577114,,1,21.0,,594,0
10251,241,74,2,queue,treatment_wait_begins,346.037960484565,,1,22.0,,594,0
10252,243,75,2,queue,treatment_wait_begins,347.69830455805135,,1,23.0,,594,0
10253,245,76,2,queue,treatment_wait_begins,347.94705816407,,1,24.0,,594,0
10254,247,77,2,queue,treatment_wait_begins,352.5711693396838,,1,25.0,,594,0
10255,263,79,2,queue,treatment_wait_begins,369.44362432169635,,1,26.0,,594,0
10256,265,80,2,queue,treatment_wait_begins,380.09833875091823,,1,27.0,,594,0
10257,267,81,2,queue,treatment_wait_begins,383.8634124776174,,1,28.0,,594,0
10258,269,82,2,queue,treatment_wait_begins,390.4333827158369,,1,29.0,,594,0
10259,271,83,2,queue,treatment_wait_begins,391.8772976892559,,1,30.0,,594,0
10260,273,84,2,queue,treatment_wait_begins,392.54938394344936,,1,31.0,,594,0
10261,275,85,2,queue,treatment_wait_begins,393.26178810715084,,1,32.0,,594,0
10262,277,86,2,queue,treatment_wait_begins,393.85019969752625,,1,33.0,,594,0
10263,279,87,2,queue,treatment_wait_begins,394.1235652920939,,1,34.0,,594,0
10264,290,88,2,queue,treatment_wait_begins,402.7065312495663,,1,35.0,,594,0
10265,295,89,2,queue,treatment_wait_begins,404.9496062434009,,1,36.0,,594,0
10266,297,90,2,queue,treatment_wait_begins,406.8802625567264,,1,37.0,,594,0
10267,299,91,2,queue,treatment_wait_begins,411.5550592296831,,1,38.0,,594,0
10268,303,93,2,queue,treatment_wait_begins,422.0828587162822,,1,39.0,,594,0
10269,305,94,2,queue,treatment_wait_begins,428.54263891348444,,1,40.0,,594,0
10270,307,95,2,queue,treatment_wait_begins,430.18884989348794,,1,41.0,,594,0
10271,309,96,2,queue,treatment_wait_begins,431.1918089653501,,1,42.0,,594,0
10272,314,97,2,queue,treatment_wait_begins,433.84690701169285,,1,43.0,,594,0
10273,316,98,2,queue,treatment_wait_begins,435.3710613607267,,1,44.0,,594,0
10274,318,99,2,queue,treatment_wait_begins,435.7497548551885,,1,45.0,,594,0
10275,320,100,2,queue,treatment_wait_begins,438.26755384744905,,1,46.0,26.0,594,0
10276,401,46,2,resource_use,treatment_begins,559.4873956191101,1.0,1,1.0,,594,0
10277,406,47,2,resource_use,treatment_begins,564.1463818012539,3.0,1,2.0,,594,0
10278,411,48,2,resource_use,treatment_begins,565.0568801115129,4.0,1,3.0,,594,0
10279,428,124,1,resource_use,treatment_begins,591.6245692350104,2.0,1,4.0,,594,0
10280,155,49,2,queue,treatment_wait_begins,206.54063642859495,,1,1.0,,596,0
10281,157,50,2,queue,treatment_wait_begins,208.1453173837751,,1,2.0,,596,0
10282,159,51,2,queue,treatment_wait_begins,208.9739969202831,,1,3.0,,596,0
10283,161,52,2,queue,treatment_wait_begins,210.74581448374042,,1,4.0,,596,0
10284,163,53,2,queue,treatment_wait_begins,210.85151326578935,,1,5.0,,596,0
10285,165,54,2,queue,treatment_wait_begins,211.68829524636791,,1,6.0,,596,0
10286,167,55,2,queue,treatment_wait_begins,218.2635794691037,,1,7.0,,596,0
10287,181,56,2,queue,treatment_wait_begins,238.24236082502787,,1,8.0,,596,0
10288,185,58,2,queue,treatment_wait_begins,242.4802497949752,,1,9.0,,596,0
10289,187,59,2,queue,treatment_wait_begins,244.4690310645114,,1,10.0,,596,0
10290,189,60,2,queue,treatment_wait_begins,246.27574217918595,,1,11.0,,596,0
10291,193,62,2,queue,treatment_wait_begins,252.340535869662,,1,12.0,,596,0
10292,195,63,2,queue,treatment_wait_begins,259.21978013724924,,1,13.0,,596,0
10293,197,64,2,queue,treatment_wait_begins,266.7588257904633,,1,14.0,,596,0
10294,211,65,2,queue,treatment_wait_begins,293.3082397692622,,1,15.0,,596,0
10295,213,66,2,queue,treatment_wait_begins,303.841540943146,,1,16.0,,596,0
10296,215,67,2,queue,treatment_wait_begins,312.06587014562393,,1,17.0,,596,0
10297,226,68,2,queue,treatment_wait_begins,317.28332755550696,,1,18.0,,596,0
10298,228,69,2,queue,treatment_wait_begins,320.2459485503109,,1,19.0,,596,0
10299,230,70,2,queue,treatment_wait_begins,320.46821633167013,,1,20.0,,596,0
10300,235,71,2,queue,treatment_wait_begins,325.25123026577114,,1,21.0,,596,0
10301,241,74,2,queue,treatment_wait_begins,346.037960484565,,1,22.0,,596,0
10302,243,75,2,queue,treatment_wait_begins,347.69830455805135,,1,23.0,,596,0
10303,245,76,2,queue,treatment_wait_begins,347.94705816407,,1,24.0,,596,0
10304,247,77,2,queue,treatment_wait_begins,352.5711693396838,,1,25.0,,596,0
10305,263,79,2,queue,treatment_wait_begins,369.44362432169635,,1,26.0,,596,0
10306,265,80,2,queue,treatment_wait_begins,380.09833875091823,,1,27.0,,596,0
10307,267,81,2,queue,treatment_wait_begins,383.8634124776174,,1,28.0,,596,0
10308,269,82,2,queue,treatment_wait_begins,390.4333827158369,,1,29.0,,596,0
10309,271,83,2,queue,treatment_wait_begins,391.8772976892559,,1,30.0,,596,0
10310,273,84,2,queue,treatment_wait_begins,392.54938394344936,,1,31.0,,596,0
10311,275,85,2,queue,treatment_wait_begins,393.26178810715084,,1,32.0,,596,0
10312,277,86,2,queue,treatment_wait_begins,393.85019969752625,,1,33.0,,596,0
10313,279,87,2,queue,treatment_wait_begins,394.1235652920939,,1,34.0,,596,0
10314,290,88,2,queue,treatment_wait_begins,402.7065312495663,,1,35.0,,596,0
10315,295,89,2,queue,treatment_wait_begins,404.9496062434009,,1,36.0,,596,0
10316,297,90,2,queue,treatment_wait_begins,406.8802625567264,,1,37.0,,596,0
10317,299,91,2,queue,treatment_wait_begins,411.5550592296831,,1,38.0,,596,0
10318,303,93,2,queue,treatment_wait_begins,422.0828587162822,,1,39.0,,596,0
10319,305,94,2,queue,treatment_wait_begins,428.54263891348444,,1,40.0,,596,0
10320,307,95,2,queue,treatment_wait_begins,430.18884989348794,,1,41.0,,596,0
10321,309,96,2,queue,treatment_wait_begins,431.1918089653501,,1,42.0,,596,0
10322,314,97,2,queue,treatment_wait_begins,433.84690701169285,,1,43.0,,596,0
10323,316,98,2,queue,treatment_wait_begins,435.3710613607267,,1,44.0,,596,0
10324,318,99,2,queue,treatment_wait_begins,435.7497548551885,,1,45.0,,596,0
10325,320,100,2,queue,treatment_wait_begins,438.26755384744905,,1,46.0,26.0,596,0
10326,401,46,2,resource_use,treatment_begins,559.4873956191101,1.0,1,1.0,,596,0
10327,406,47,2,resource_use,treatment_begins,564.1463818012539,3.0,1,2.0,,596,0
10328,411,48,2,resource_use,treatment_begins,565.0568801115129,4.0,1,3.0,,596,0
10329,428,124,1,resource_use,treatment_begins,591.6245692350104,2.0,1,4.0,,596,0
10330,155,49,2,queue,treatment_wait_begins,206.54063642859495,,1,1.0,,598,0
10331,157,50,2,queue,treatment_wait_begins,208.1453173837751,,1,2.0,,598,0
10332,159,51,2,queue,treatment_wait_begins,208.9739969202831,,1,3.0,,598,0
10333,161,52,2,queue,treatment_wait_begins,210.74581448374042,,1,4.0,,598,0
10334,163,53,2,queue,treatment_wait_begins,210.85151326578935,,1,5.0,,598,0
10335,165,54,2,queue,treatment_wait_begins,211.68829524636791,,1,6.0,,598,0
10336,167,55,2,queue,treatment_wait_begins,218.2635794691037,,1,7.0,,598,0
10337,181,56,2,queue,treatment_wait_begins,238.24236082502787,,1,8.0,,598,0
10338,185,58,2,queue,treatment_wait_begins,242.4802497949752,,1,9.0,,598,0
10339,187,59,2,queue,treatment_wait_begins,244.4690310645114,,1,10.0,,598,0
10340,189,60,2,queue,treatment_wait_begins,246.27574217918595,,1,11.0,,598,0
10341,193,62,2,queue,treatment_wait_begins,252.340535869662,,1,12.0,,598,0
10342,195,63,2,queue,treatment_wait_begins,259.21978013724924,,1,13.0,,598,0
10343,197,64,2,queue,treatment_wait_begins,266.7588257904633,,1,14.0,,598,0
10344,211,65,2,queue,treatment_wait_begins,293.3082397692622,,1,15.0,,598,0
10345,213,66,2,queue,treatment_wait_begins,303.841540943146,,1,16.0,,598,0
10346,215,67,2,queue,treatment_wait_begins,312.06587014562393,,1,17.0,,598,0
10347,226,68,2,queue,treatment_wait_begins,317.28332755550696,,1,18.0,,598,0
10348,228,69,2,queue,treatment_wait_begins,320.2459485503109,,1,19.0,,598,0
10349,230,70,2,queue,treatment_wait_begins,320.46821633167013,,1,20.0,,598,0
10350,235,71,2,queue,treatment_wait_begins,325.25123026577114,,1,21.0,,598,0
10351,241,74,2,queue,treatment_wait_begins,346.037960484565,,1,22.0,,598,0
10352,243,75,2,queue,treatment_wait_begins,347.69830455805135,,1,23.0,,598,0
10353,245,76,2,queue,treatment_wait_begins,347.94705816407,,1,24.0,,598,0
10354,247,77,2,queue,treatment_wait_begins,352.5711693396838,,1,25.0,,598,0
10355,263,79,2,queue,treatment_wait_begins,369.44362432169635,,1,26.0,,598,0
10356,265,80,2,queue,treatment_wait_begins,380.09833875091823,,1,27.0,,598,0
10357,267,81,2,queue,treatment_wait_begins,383.8634124776174,,1,28.0,,598,0
10358,269,82,2,queue,treatment_wait_begins,390.4333827158369,,1,29.0,,598,0
10359,271,83,2,queue,treatment_wait_begins,391.8772976892559,,1,30.0,,598,0
10360,273,84,2,queue,treatment_wait_begins,392.54938394344936,,1,31.0,,598,0
10361,275,85,2,queue,treatment_wait_begins,393.26178810715084,,1,32.0,,598,0
10362,277,86,2,queue,treatment_wait_begins,393.85019969752625,,1,33.0,,598,0
10363,279,87,2,queue,treatment_wait_begins,394.1235652920939,,1,34.0,,598,0
10364,290,88,2,queue,treatment_wait_begins,402.7065312495663,,1,35.0,,598,0
10365,295,89,2,queue,treatment_wait_begins,404.9496062434009,,1,36.0,,598,0
10366,297,90,2,queue,treatment_wait_begins,406.8802625567264,,1,37.0,,598,0
10367,299,91,2,queue,treatment_wait_begins,411.5550592296831,,1,38.0,,598,0
10368,303,93,2,queue,treatment_wait_begins,422.0828587162822,,1,39.0,,598,0
10369,305,94,2,queue,treatment_wait_begins,428.54263891348444,,1,40.0,,598,0
10370,307,95,2,queue,treatment_wait_begins,430.18884989348794,,1,41.0,,598,0
10371,309,96,2,queue,treatment_wait_begins,431.1918089653501,,1,42.0,,598,0
10372,314,97,2,queue,treatment_wait_begins,433.84690701169285,,1,43.0,,598,0
10373,316,98,2,queue,treatment_wait_begins,435.3710613607267,,1,44.0,,598,0
10374,318,99,2,queue,treatment_wait_begins,435.7497548551885,,1,45.0,,598,0
10375,320,100,2,queue,treatment_wait_begins,438.26755384744905,,1,46.0,26.0,598,0
10376,406,47,2,resource_use,treatment_begins,564.1463818012539,3.0,1,1.0,,598,0
10377,411,48,2,resource_use,treatment_begins,565.0568801115129,4.0,1,2.0,,598,0
10378,428,124,1,resource_use,treatment_begins,591.6245692350104,2.0,1,3.0,,598,0
10379,433,125,1,resource_use,treatment_begins,596.1433898790066,1.0,1,4.0,,598,15
10380,155,49,2,queue,treatment_wait_begins,206.54063642859495,,1,1.0,,600,0
10381,157,50,2,queue,treatment_wait_begins,208.1453173837751,,1,2.0,,600,0
10382,159,51,2,queue,treatment_wait_begins,208.9739969202831,,1,3.0,,600,0
10383,161,52,2,queue,treatment_wait_begins,210.74581448374042,,1,4.0,,600,0
10384,163,53,2,queue,treatment_wait_begins,210.85151326578935,,1,5.0,,600,0
10385,165,54,2,queue,treatment_wait_begins,211.68829524636791,,1,6.0,,600,0
10386,167,55,2,queue,treatment_wait_begins,218.2635794691037,,1,7.0,,600,0
10387,181,56,2,queue,treatment_wait_begins,238.24236082502787,,1,8.0,,600,0
10388,185,58,2,queue,treatment_wait_begins,242.4802497949752,,1,9.0,,600,0
10389,187,59,2,queue,treatment_wait_begins,244.4690310645114,,1,10.0,,600,0
10390,189,60,2,queue,treatment_wait_begins,246.27574217918595,,1,11.0,,600,0
10391,193,62,2,queue,treatment_wait_begins,252.340535869662,,1,12.0,,600,0
10392,195,63,2,queue,treatment_wait_begins,259.21978013724924,,1,13.0,,600,0
10393,197,64,2,queue,treatment_wait_begins,266.7588257904633,,1,14.0,,600,0
10394,211,65,2,queue,treatment_wait_begins,293.3082397692622,,1,15.0,,600,0
10395,213,66,2,queue,treatment_wait_begins,303.841540943146,,1,16.0,,600,0
10396,215,67,2,queue,treatment_wait_begins,312.06587014562393,,1,17.0,,600,0
10397,226,68,2,queue,treatment_wait_begins,317.28332755550696,,1,18.0,,600,0
10398,228,69,2,queue,treatment_wait_begins,320.2459485503109,,1,19.0,,600,0
10399,230,70,2,queue,treatment_wait_begins,320.46821633167013,,1,20.0,,600,0
10400,235,71,2,queue,treatment_wait_begins,325.25123026577114,,1,21.0,,600,0
10401,241,74,2,queue,treatment_wait_begins,346.037960484565,,1,22.0,,600,0
10402,243,75,2,queue,treatment_wait_begins,347.69830455805135,,1,23.0,,600,0
10403,245,76,2,queue,treatment_wait_begins,347.94705816407,,1,24.0,,600,0
10404,247,77,2,queue,treatment_wait_begins,352.5711693396838,,1,25.0,,600,0
10405,263,79,2,queue,treatment_wait_begins,369.44362432169635,,1,26.0,,600,0
10406,265,80,2,queue,treatment_wait_begins,380.09833875091823,,1,27.0,,600,0
10407,267,81,2,queue,treatment_wait_begins,383.8634124776174,,1,28.0,,600,0
10408,269,82,2,queue,treatment_wait_begins,390.4333827158369,,1,29.0,,600,0
10409,271,83,2,queue,treatment_wait_begins,391.8772976892559,,1,30.0,,600,0
10410,273,84,2,queue,treatment_wait_begins,392.54938394344936,,1,31.0,,600,0
10411,275,85,2,queue,treatment_wait_begins,393.26178810715084,,1,32.0,,600,0
10412,277,86,2,queue,treatment_wait_begins,393.85019969752625,,1,33.0,,600,0
10413,279,87,2,queue,treatment_wait_begins,394.1235652920939,,1,34.0,,600,0
10414,290,88,2,queue,treatment_wait_begins,402.7065312495663,,1,35.0,,600,0
10415,295,89,2,queue,treatment_wait_begins,404.9496062434009,,1,36.0,,600,0
10416,297,90,2,queue,treatment_wait_begins,406.8802625567264,,1,37.0,,600,0
10417,299,91,2,queue,treatment_wait_begins,411.5550592296831,,1,38.0,,600,0
10418,303,93,2,queue,treatment_wait_begins,422.0828587162822,,1,39.0,,600,0
10419,305,94,2,queue,treatment_wait_begins,428.54263891348444,,1,40.0,,600,0
10420,307,95,2,queue,treatment_wait_begins,430.18884989348794,,1,41.0,,600,0
10421,309,96,2,queue,treatment_wait_begins,431.1918089653501,,1,42.0,,600,0
10422,314,97,2,queue,treatment_wait_begins,433.84690701169285,,1,43.0,,600,0
10423,316,98,2,queue,treatment_wait_begins,435.3710613607267,,1,44.0,,600,0
10424,318,99,2,queue,treatment_wait_begins,435.7497548551885,,1,45.0,,600,0
10425,320,100,2,queue,treatment_wait_begins,438.26755384744905,,1,46.0,26.0,600,0
10426,406,47,2,resource_use,treatment_begins,564.1463818012539,3.0,1,1.0,,600,0
10427,411,48,2,resource_use,treatment_begins,565.0568801115129,4.0,1,2.0,,600,0
10428,428,124,1,resource_use,treatment_begins,591.6245692350104,2.0,1,3.0,,600,0
10429,433,125,1,resource_use,treatment_begins,596.1433898790066,1.0,1,4.0,,600,0
