,index,patient,pathway,event_type,event,time,resource_id,run,rank,snapshot_time,additional,x,y_final,label,resource,x_final,row
0,2,1,1,resource_use,treatment_begins,0.0,1.0,1,1.0,0,,205,175.0,Being Treated,n_cubicles,205.0,0.0
1,2,1,1,resource_use,treatment_begins,0.0,1.0,1,1.0,2,,205,175.0,Being Treated,n_cubicles,205.0,0.0
2,2,1,1,resource_use,treatment_begins,0.0,1.0,1,1.0,4,,205,175.0,Being Treated,n_cubicles,205.0,0.0
3,2,1,1,resource_use,treatment_begins,0.0,1.0,1,1.0,6,,205,175.0,Being Treated,n_cubicles,205.0,0.0
4,2,1,1,resource_use,treatment_begins,0.0,1.0,1,1.0,8,,205,175.0,Being Treated,n_cubicles,205.0,0.0
5,2,1,1,resource_use,treatment_begins,0.0,1.0,1,1.0,10,,205,175.0,Being Treated,n_cubicles,205.0,0.0
6,2,1,1,resource_use,treatment_begins,0.0,1.0,1,1.0,12,,205,175.0,Being Treated,n_cubicles,205.0,0.0
7,2,1,1,resource_use,treatment_begins,0.0,1.0,1,1.0,14,,205,175.0,Being Treated,n_cubicles,205.0,0.0
8,5,2,2,resource_use,treatment_begins,12.021043019829973,2.0,1,2.0,14,,205,175.0,Being Treated,n_cubicles,195.0,0.0
9,2,1,1,resource_use,treatment_begins,0.0,1.0,1,1.0,16,,205,175.0,Being Treated,n_cubicles,205.0,0.0
10,5,2,2,resource_use,treatment_begins,12.021043019829973,2.0,1,2.0,16,,205,175.0,Being Treated,n_cubicles,195.0,0.0
11,2,1,1,resource_use,treatment_begins,0.0,1.0,1,1.0,18,,205,175.0,Being Treated,n_cubicles,205.0,0.0
12,5,2,2,resource_use,treatment_begins,12.021043019829973,2.0,1,2.0,18,,205,175.0,Being Treated,n_cubicles,195.0,0.0
13,2,1,1,resource_use,treatment_begins,0.0,1.0,1,1.0,20,,205,175.0,Being Treated,n_cubicles,205.0,0.0
14,5,2,2,resource_use,treatment_begins,12.021043019829973,2.0,1,2.0,20,,205,175.0,Being Treated,n_cubicles,195.0,0.0
15,2,1,1,resource_use,treatment_begins,0.0,1.0,1,1.0,22,,205,175.0,Being Treated,n_cubicles,205.0,0.0
16,5,2,2,resource_use,treatment_begins,12.021043019829973,2.0,1,2.0,22,,205,175.0,Being Treated,n_cubicles,195.0,0.0
17,2,1,1,resource_use,treatment_begins,0.0,1.0,1,1.0,24,,205,175.0,Being Treated,n_cubicles,205.0,0.0
18,5,2,2,resource_use,treatment_begins,12.021043019829973,2.0,1,2.0,24,,205,175.0,Being Treated,n_cubicles,195.0,0.0
19,8,3,2,resource_use,treatment_begins,23.70199129895224,3.0,1,3.0,24,,205,175.0,Being Treated,n_cubicles,185.0,0.0
20,2,1,1,resource_use,treatment_begins,0.0,1.0,1,1.0,26,,205,175.0,Being Treated,n_cubicles,205.0,0.0
21,5,2,2,resource_use,treatment_begins,12.021043019829973,2.0,1,2.0,26,,205,175.0,Being Treated,n_cubicles,195.0,0.0
22,8,3,2,resource_use,treatment_begins,23.70199129895224,3.0,1,3.0,26,,205,175.0,Being Treated,n_cubicles,185.0,0.0
23,2,1,1,resource_use,treatment_begins,0.0,1.0,1,1.0,28,,205,175.0,Being Treated,n_cubicles,205.0,0.0
24,5,2,2,resource_use,treatment_begins,12.021043019829973,2.0,1,2.0,28,,205,175.0,Being Treated,n_cubicles,195.0,0.0
25,8,3,2,resource_use,treatment_begins,23.70199129895224,3.0,1,3.0,28,,205,175.0,Being Treated,n_cubicles,185.0,0.0
26,2,1,1,resource_use,treatment_begins,0.0,1.0,1,1.0,30,,205,175.0,Being Treated,n_cubicles,205.0,0.0
27,5,2,2,resource_use,treatment_begins,12.021043019829973,2.0,1,2.0,30,,205,175.0,Being Treated,n_cubicles,195.0,0.0
28,8,3,2,resource_use,treatment_begins,23.70199129895224,3.0,1,3.0,30,,205,175.0,Being Treated,n_cubicles,185.0,0.0
29,2,1,1,resource_use,treatment_begins,0.0,1.0,1,1.0,32,,205,175.0,Being Treated,n_cubicles,205.0,0.0
30,5,2,2,resource_use,treatment_begins,12.021043019829973,2.0,1,2.0,32,,205,175.0,Being Treated,n_cubicles,195.0,0.0
31,8,3,2,resource_use,treatment_begins,23.70199129895224,3.0,1,3.0,32,,205,175.0,Being Treated,n_cubicles,185.0,0.0
32,2,1,1,resource_use,treatment_begins,0.0,1.0,1,1.0,34,,205,175.0,Being Treated,n_cubicles,205.0,0.0
33,5,2,2,resource_use,treatment_begins,12.021043019829973,2.0,1,2.0,34,,205,175.0,Being Treated,n_cubicles,195.0,0.0
34,8,3,2,resource_use,treatment_begins,23.70199129895224,3.0,1,3.0,34,,205,175.0,Being Treated,n_cubicles,185.0,0.0
35,2,1,1,resource_use,treatment_begins,0.0,1.0,1,1.0,36,,205,175.0,Being Treated,n_cubicles,205.0,0.0
36,5,2,2,resource_use,treatment_begins,12.021043019829973,2.0,1,2.0,36,,205,175.0,Being Treated,n_cubicles,195.0,0.0
37,8,3,2,resource_use,treatment_begins,23.70199129895224,3.0,1,3.0,36,,205,175.0,Being Treated,n_cubicles,185.0,0.0
38,11,4,2,resource_use,treatment_begins,35.625796298323515,4.0,1,4.0,36,,205,175.0,Being Treated,n_cubicles,175.0,0.0
39,2,1,1,resource_use,treatment_begins,0.0,1.0,1,1.0,38,,205,175.0,Being Treated,n_cubicles,205.0,0.0
40,5,2,2,resource_use,treatment_begins,12.021043019829973,2.0,1,2.0,38,,205,175.0,Being Treated,n_cubicles,195.0,0.0
41,8,3,2,resource_use,treatment_begins,23.70199129895224,3.0,1,3.0,38,,205,175.0,Being Treated,n_cubicles,185.0,0.0
42,11,4,2,resource_use,treatment_begins,35.625796298323515,4.0,1,4.0,38,,205,175.0,Being Treated,n_cubicles,175.0,0.0
45,2,1,1,resource_use,treatment_begins,0.0,1.0,1,1.0,40,,205,175.0,Being Treated,n_cubicles,205.0,0.0
46,5,2,2,resource_use,treatment_begins,12.021043019829973,2.0,1,2.0,40,,205,175.0,Being Treated,n_cubicles,195.0,0.0
47,8,3,2,resource_use,treatment_begins,23.70199129895224,3.0,1,3.0,40,,205,175.0,Being Treated,n_cubicles,185.0,0.0
48,11,4,2,resource_use,treatment_begins,35.625796298323515,4.0,1,4.0,40,,205,175.0,Being Treated,n_cubicles,175.0,0.0
52,5,2,2,resource_use,treatment_begins,12.021043019829973,2.0,1,1.0,42,,205,175.0,Being Treated,n_cubicles,195.0,0.0
53,8,3,2,resource_use,treatment_begins,23.70199129895224,3.0,1,2.0,42,,205,175.0,Being Treated,n_cubicles,185.0,0.0
54,11,4,2,resource_use,treatment_begins,35.625796298323515,4.0,1,3.0,42,,205,175.0,Being Treated,n_cubicles,175.0,0.0
55,18,5,2,resource_use,treatment_begins,41.22601356669928,1.0,1,4.0,42,,205,175.0,Being Treated,n_cubicles,205.0,0.0
57,5,2,2,resource_use,treatment_begins,12.021043019829973,2.0,1,1.0,44,,205,175.0,Being Treated,n_cubicles,195.0,0.0
58,8,3,2,resource_use,treatment_begins,23.70199129895224,3.0,1,2.0,44,,205,175.0,Being Treated,n_cubicles,185.0,0.0
59,11,4,2,resource_use,treatment_begins,35.625796298323515,4.0,1,3.0,44,,205,175.0,Being Treated,n_cubicles,175.0,0.0
60,18,5,2,resource_use,treatment_begins,41.22601356669928,1.0,1,4.0,44,,205,175.0,Being Treated,n_cubicles,205.0,0.0
62,5,2,2,resource_use,treatment_begins,12.021043019829973,2.0,1,1.0,46,,205,175.0,Being Treated,n_cubicles,195.0,0.0
63,8,3,2,resource_use,treatment_begins,23.70199129895224,3.0,1,2.0,46,,205,175.0,Being Treated,n_cubicles,185.0,0.0
64,11,4,2,resource_use,treatment_begins,35.625796298323515,4.0,1,3.0,46,,205,175.0,Being Treated,n_cubicles,175.0,0.0
65,18,5,2,resource_use,treatment_begins,41.22601356669928,1.0,1,4.0,46,,205,175.0,Being Treated,n_cubicles,205.0,0.0
69,8,3,2,resource_use,treatment_begins,23.70199129895224,3.0,1,1.0,48,,205,175.0,Being Treated,n_cubicles,185.0,0.0
70,11,4,2,resource_use,treatment_begins,35.625796298323515,4.0,1,2.0,48,,205,175.0,Being Treated,n_cubicles,175.0,0.0
71,18,5,2,resource_use,treatment_begins,41.22601356669928,1.0,1,3.0,48,,205,175.0,Being Treated,n_cubicles,205.0,0.0
72,23,6,2,resource_use,treatment_begins,46.891253581909204,2.0,1,4.0,48,,205,175.0,Being Treated,n_cubicles,195.0,0.0
74,8,3,2,resource_use,treatment_begins,23.70199129895224,3.0,1,1.0,50,,205,175.0,Being Treated,n_cubicles,185.0,0.0
75,11,4,2,resource_use,treatment_begins,35.625796298323515,4.0,1,2.0,50,,205,175.0,Being Treated,n_cubicles,175.0,0.0
76,18,5,2,resource_use,treatment_begins,41.22601356669928,1.0,1,3.0,50,,205,175.0,Being Treated,n_cubicles,205.0,0.0
77,23,6,2,resource_use,treatment_begins,46.891253581909204,2.0,1,4.0,50,,205,175.0,Being Treated,n_cubicles,195.0,0.0
79,8,3,2,resource_use,treatment_begins,23.70199129895224,3.0,1,1.0,52,,205,175.0,Being Treated,n_cubicles,185.0,0.0
80,11,4,2,resource_use,treatment_begins,35.625796298323515,4.0,1,2.0,52,,205,175.0,Being Treated,n_cubicles,175.0,0.0
81,18,5,2,resource_use,treatment_begins,41.22601356669928,1.0,1,3.0,52,,205,175.0,Being Treated,n_cubicles,205.0,0.0
82,23,6,2,resource_use,treatment_begins,46.891253581909204,2.0,1,4.0,52,,205,175.0,Being Treated,n_cubicles,195.0,0.0
85,8,3,2,resource_use,treatment_begins,23.70199129895224,3.0,1,1.0,54,,205,175.0,Being Treated,n_cubicles,185.0,0.0
86,11,4,2,resource_use,treatment_begins,35.625796298323515,4.0,1,2.0,54,,205,175.0,Being Treated,n_cubicles,175.0,0.0
87,18,5,2,resource_use,treatment_begins,41.22601356669928,1.0,1,3.0,54,,205,175.0,Being Treated,n_cubicles,205.0,0.0
88,23,6,2,resource_use,treatment_begins,46.891253581909204,2.0,1,4.0,54,,205,175.0,Being Treated,n_cubicles,195.0,0.0
91,8,3,2,resource_use,treatment_begins,23.70199129895224,3.0,1,1.0,56,,205,175.0,Being Treated,n_cubicles,185.0,0.0
92,11,4,2,resource_use,treatment_begins,35.625796298323515,4.0,1,2.0,56,,205,175.0,Being Treated,n_cubicles,175.0,0.0
93,18,5,2,resource_use,treatment_begins,41.22601356669928,1.0,1,3.0,56,,205,175.0,Being Treated,n_cubicles,205.0,0.0
94,23,6,2,resource_use,treatment_begins,46.891253581909204,2.0,1,4.0,56,,205,175.0,Being Treated,n_cubicles,195.0,0.0
97,8,3,2,resource_use,treatment_begins,23.70199129895224,3.0,1,1.0,58,,205,175.0,Being Treated,n_cubicles,185.0,0.0
98,11,4,2,resource_use,treatment_begins,35.625796298323515,4.0,1,2.0,58,,205,175.0,Being Treated,n_cubicles,175.0,0.0
99,18,5,2,resource_use,treatment_begins,41.22601356669928,1.0,1,3.0,58,,205,175.0,Being Treated,n_cubicles,205.0,0.0
100,23,6,2,resource_use,treatment_begins,46.891253581909204,2.0,1,4.0,58,,205,175.0,Being Treated,n_cubicles,195.0,0.0
103,8,3,2,resource_use,treatment_begins,23.70199129895224,3.0,1,1.0,60,,205,175.0,Being Treated,n_cubicles,185.0,0.0
104,11,4,2,resource_use,treatment_begins,35.625796298323515,4.0,1,2.0,60,,205,175.0,Being Treated,n_cubicles,175.0,0.0
105,18,5,2,resource_use,treatment_begins,41.22601356669928,1.0,1,3.0,60,,205,175.0,Being Treated,n_cubicles,205.0,0.0
106,23,6,2,resource_use,treatment_begins,46.891253581909204,2.0,1,4.0,60,,205,175.0,Being Treated,n_cubicles,195.0,0.0
109,8,3,2,resource_use,treatment_begins,23.70199129895224,3.0,1,1.0,62,,205,175.0,Being Treated,n_cubicles,185.0,0.0
110,11,4,2,resource_use,treatment_begins,35.625796298323515,4.0,1,2.0,62,,205,175.0,Being Treated,n_cubicles,175.0,0.0
111,18,5,2,resource_use,treatment_begins,41.22601356669928,1.0,1,3.0,62,,205,175.0,Being Treated,n_cubicles,205.0,0.0
112,23,6,2,resource_use,treatment_begins,46.891253581909204,2.0,1,4.0,62,,205,175.0,Being Treated,n_cubicles,195.0,0.0
115,8,3,2,resource_use,treatment_begins,23.70199129895224,3.0,1,1.0,64,,205,175.0,Being Treated,n_cubicles,185.0,0.0
116,11,4,2,resource_use,treatment_begins,35.625796298323515,4.0,1,2.0,64,,205,175.0,Being Treated,n_cubicles,175.0,0.0
117,18,5,2,resource_use,treatment_begins,41.22601356669928,1.0,1,3.0,64,,205,175.0,Being Treated,n_cubicles,205.0,0.0
118,23,6,2,resource_use,treatment_begins,46.891253581909204,2.0,1,4.0,64,,205,175.0,Being Treated,n_cubicles,195.0,0.0
121,8,3,2,resource_use,treatment_begins,23.70199129895224,3.0,1,1.0,66,,205,175.0,Being Treated,n_cubicles,185.0,0.0
122,11,4,2,resource_use,treatment_begins,35.625796298323515,4.0,1,2.0,66,,205,175.0,Being Treated,n_cubicles,175.0,0.0
123,18,5,2,resource_use,treatment_begins,41.22601356669928,1.0,1,3.0,66,,205,175.0,Being Treated,n_cubicles,205.0,0.0
124,23,6,2,resource_use,treatment_begins,46.891253581909204,2.0,1,4.0,66,,205,175.0,Being Treated,n_cubicles,195.0,0.0
128,11,4,2,resource_use,treatment_begins,35.625796298323515,4.0,1,1.0,68,,205,175.0,Being Treated,n_cubicles,175.0,0.0
129,18,5,2,resource_use,treatment_begins,41.22601356669928,1.0,1,2.0,68,,205,175.0,Being Treated,n_cubicles,205.0,0.0
130,23,6,2,resource_use,treatment_begins,46.891253581909204,2.0,1,3.0,68,,205,175.0,Being Treated,n_cubicles,195.0,0.0
131,28,7,2,resource_use,treatment_begins,67.28077406655834,3.0,1,4.0,68,,205,175.0,Being Treated,n_cubicles,185.0,0.0
135,11,4,2,resource_use,treatment_begins,35.625796298323515,4.0,1,1.0,70,,205,175.0,Being Treated,n_cubicles,175.0,0.0
136,18,5,2,resource_use,treatment_begins,41.22601356669928,1.0,1,2.0,70,,205,175.0,Being Treated,n_cubicles,205.0,0.0
137,23,6,2,resource_use,treatment_begins,46.891253581909204,2.0,1,3.0,70,,205,175.0,Being Treated,n_cubicles,195.0,0.0
138,28,7,2,resource_use,treatment_begins,67.28077406655834,3.0,1,4.0,70,,205,175.0,Being Treated,n_cubicles,185.0,0.0
142,11,4,2,resource_use,treatment_begins,35.625796298323515,4.0,1,1.0,72,,205,175.0,Being Treated,n_cubicles,175.0,0.0
143,18,5,2,resource_use,treatment_begins,41.22601356669928,1.0,1,2.0,72,,205,175.0,Being Treated,n_cubicles,205.0,0.0
144,23,6,2,resource_use,treatment_begins,46.891253581909204,2.0,1,3.0,72,,205,175.0,Being Treated,n_cubicles,195.0,0.0
145,28,7,2,resource_use,treatment_begins,67.28077406655834,3.0,1,4.0,72,,205,175.0,Being Treated,n_cubicles,185.0,0.0
150,11,4,2,resource_use,treatment_begins,35.625796298323515,4.0,1,1.0,74,,205,175.0,Being Treated,n_cubicles,175.0,0.0
151,23,6,2,resource_use,treatment_begins,46.891253581909204,2.0,1,2.0,74,,205,175.0,Being Treated,n_cubicles,195.0,0.0
152,28,7,2,resource_use,treatment_begins,67.28077406655834,3.0,1,3.0,74,,205,175.0,Being Treated,n_cubicles,185.0,0.0
153,35,9,1,resource_use,treatment_begins,72.35665649200652,1.0,1,4.0,74,,205,175.0,Being Treated,n_cubicles,205.0,0.0
158,11,4,2,resource_use,treatment_begins,35.625796298323515,4.0,1,1.0,76,,205,175.0,Being Treated,n_cubicles,175.0,0.0
159,23,6,2,resource_use,treatment_begins,46.891253581909204,2.0,1,2.0,76,,205,175.0,Being Treated,n_cubicles,195.0,0.0
160,28,7,2,resource_use,treatment_begins,67.28077406655834,3.0,1,3.0,76,,205,175.0,Being Treated,n_cubicles,185.0,0.0
161,35,9,1,resource_use,treatment_begins,72.35665649200652,1.0,1,4.0,76,,205,175.0,Being Treated,n_cubicles,205.0,0.0
166,11,4,2,resource_use,treatment_begins,35.625796298323515,4.0,1,1.0,78,,205,175.0,Being Treated,n_cubicles,175.0,0.0
167,23,6,2,resource_use,treatment_begins,46.891253581909204,2.0,1,2.0,78,,205,175.0,Being Treated,n_cubicles,195.0,0.0
168,28,7,2,resource_use,treatment_begins,67.28077406655834,3.0,1,3.0,78,,205,175.0,Being Treated,n_cubicles,185.0,0.0
169,35,9,1,resource_use,treatment_begins,72.35665649200652,1.0,1,4.0,78,,205,175.0,Being Treated,n_cubicles,205.0,0.0
174,11,4,2,resource_use,treatment_begins,35.625796298323515,4.0,1,1.0,80,,205,175.0,Being Treated,n_cubicles,175.0,0.0
175,23,6,2,resource_use,treatment_begins,46.891253581909204,2.0,1,2.0,80,,205,175.0,Being Treated,n_cubicles,195.0,0.0
176,28,7,2,resource_use,treatment_begins,67.28077406655834,3.0,1,3.0,80,,205,175.0,Being Treated,n_cubicles,185.0,0.0
177,35,9,1,resource_use,treatment_begins,72.35665649200652,1.0,1,4.0,80,,205,175.0,Being Treated,n_cubicles,205.0,0.0
185,28,7,2,resource_use,treatment_begins,67.28077406655834,3.0,1,1.0,82,,205,175.0,Being Treated,n_cubicles,185.0,0.0
186,35,9,1,resource_use,treatment_begins,72.35665649200652,1.0,1,2.0,82,,205,175.0,Being Treated,n_cubicles,205.0,0.0
187,44,10,1,resource_use,treatment_begins,80.24848909995538,4.0,1,3.0,82,,205,175.0,Being Treated,n_cubicles,175.0,0.0
188,47,8,2,resource_use,treatment_begins,80.6414226555737,2.0,1,4.0,82,,205,175.0,Being Treated,n_cubicles,195.0,0.0
192,28,7,2,resource_use,treatment_begins,67.28077406655834,3.0,1,1.0,84,,205,175.0,Being Treated,n_cubicles,185.0,0.0
193,35,9,1,resource_use,treatment_begins,72.35665649200652,1.0,1,2.0,84,,205,175.0,Being Treated,n_cubicles,205.0,0.0
194,44,10,1,resource_use,treatment_begins,80.24848909995538,4.0,1,3.0,84,,205,175.0,Being Treated,n_cubicles,175.0,0.0
195,47,8,2,resource_use,treatment_begins,80.6414226555737,2.0,1,4.0,84,,205,175.0,Being Treated,n_cubicles,195.0,0.0
199,28,7,2,resource_use,treatment_begins,67.28077406655834,3.0,1,1.0,86,,205,175.0,Being Treated,n_cubicles,185.0,0.0
200,35,9,1,resource_use,treatment_begins,72.35665649200652,1.0,1,2.0,86,,205,175.0,Being Treated,n_cubicles,205.0,0.0
201,44,10,1,resource_use,treatment_begins,80.24848909995538,4.0,1,3.0,86,,205,175.0,Being Treated,n_cubicles,175.0,0.0
202,47,8,2,resource_use,treatment_begins,80.6414226555737,2.0,1,4.0,86,,205,175.0,Being Treated,n_cubicles,195.0,0.0
206,28,7,2,resource_use,treatment_begins,67.28077406655834,3.0,1,1.0,88,,205,175.0,Being Treated,n_cubicles,185.0,0.0
207,35,9,1,resource_use,treatment_begins,72.35665649200652,1.0,1,2.0,88,,205,175.0,Being Treated,n_cubicles,205.0,0.0
208,44,10,1,resource_use,treatment_begins,80.24848909995538,4.0,1,3.0,88,,205,175.0,Being Treated,n_cubicles,175.0,0.0
209,47,8,2,resource_use,treatment_begins,80.6414226555737,2.0,1,4.0,88,,205,175.0,Being Treated,n_cubicles,195.0,0.0
214,28,7,2,resource_use,treatment_begins,67.28077406655834,3.0,1,1.0,90,,205,175.0,Being Treated,n_cubicles,185.0,0.0
215,35,9,1,resource_use,treatment_begins,72.35665649200652,1.0,1,2.0,90,,205,175.0,Being Treated,n_cubicles,205.0,0.0
216,44,10,1,resource_use,treatment_begins,80.24848909995538,4.0,1,3.0,90,,205,175.0,Being Treated,n_cubicles,175.0,0.0
217,47,8,2,resource_use,treatment_begins,80.6414226555737,2.0,1,4.0,90,,205,175.0,Being Treated,n_cubicles,195.0,0.0
223,28,7,2,resource_use,treatment_begins,67.28077406655834,3.0,1,1.0,92,,205,175.0,Being Treated,n_cubicles,185.0,0.0
224,35,9,1,resource_use,treatment_begins,72.35665649200652,1.0,1,2.0,92,,205,175.0,Being Treated,n_cubicles,205.0,0.0
225,44,10,1,resource_use,treatment_begins,80.24848909995538,4.0,1,3.0,92,,205,175.0,Being Treated,n_cubicles,175.0,0.0
226,47,8,2,resource_use,treatment_begins,80.6414226555737,2.0,1,4.0,92,,205,175.0,Being Treated,n_cubicles,195.0,0.0
232,28,7,2,resource_use,treatment_begins,67.28077406655834,3.0,1,1.0,94,,205,175.0,Being Treated,n_cubicles,185.0,0.0
233,35,9,1,resource_use,treatment_begins,72.35665649200652,1.0,1,2.0,94,,205,175.0,Being Treated,n_cubicles,205.0,0.0
234,44,10,1,resource_use,treatment_begins,80.24848909995538,4.0,1,3.0,94,,205,175.0,Being Treated,n_cubicles,175.0,0.0
235,47,8,2,resource_use,treatment_begins,80.6414226555737,2.0,1,4.0,94,,205,175.0,Being Treated,n_cubicles,195.0,0.0
241,28,7,2,resource_use,treatment_begins,67.28077406655834,3.0,1,1.0,96,,205,175.0,Being Treated,n_cubicles,185.0,0.0
242,35,9,1,resource_use,treatment_begins,72.35665649200652,1.0,1,2.0,96,,205,175.0,Being Treated,n_cubicles,205.0,0.0
243,44,10,1,resource_use,treatment_begins,80.24848909995538,4.0,1,3.0,96,,205,175.0,Being Treated,n_cubicles,175.0,0.0
244,47,8,2,resource_use,treatment_begins,80.6414226555737,2.0,1,4.0,96,,205,175.0,Being Treated,n_cubicles,195.0,0.0
251,28,7,2,resource_use,treatment_begins,67.28077406655834,3.0,1,1.0,98,,205,175.0,Being Treated,n_cubicles,185.0,0.0
252,35,9,1,resource_use,treatment_begins,72.35665649200652,1.0,1,2.0,98,,205,175.0,Being Treated,n_cubicles,205.0,0.0
253,44,10,1,resource_use,treatment_begins,80.24848909995538,4.0,1,3.0,98,,205,175.0,Being Treated,n_cubicles,175.0,0.0
254,47,8,2,resource_use,treatment_begins,80.6414226555737,2.0,1,4.0,98,,205,175.0,Being Treated,n_cubicles,195.0,0.0
263,28,7,2,resource_use,treatment_begins,67.28077406655834,3.0,1,1.0,100,,205,175.0,Being Treated,n_cubicles,185.0,0.0
264,35,9,1,resource_use,treatment_begins,72.35665649200652,1.0,1,2.0,100,,205,175.0,Being Treated,n_cubicles,205.0,0.0
265,44,10,1,resource_use,treatment_begins,80.24848909995538,4.0,1,3.0,100,,205,175.0,Being Treated,n_cubicles,175.0,0.0
266,47,8,2,resource_use,treatment_begins,80.6414226555737,2.0,1,4.0,100,,205,175.0,Being Treated,n_cubicles,195.0,0.0
276,28,7,2,resource_use,treatment_begins,67.28077406655834,3.0,1,1.0,102,,205,175.0,Being Treated,n_cubicles,185.0,0.0
277,35,9,1,resource_use,treatment_begins,72.35665649200652,1.0,1,2.0,102,,205,175.0,Being Treated,n_cubicles,205.0,0.0
278,44,10,1,resource_use,treatment_begins,80.24848909995538,4.0,1,3.0,102,,205,175.0,Being Treated,n_cubicles,175.0,0.0
279,47,8,2,resource_use,treatment_begins,80.6414226555737,2.0,1,4.0,102,,205,175.0,Being Treated,n_cubicles,195.0,0.0
289,28,7,2,resource_use,treatment_begins,67.28077406655834,3.0,1,1.0,104,,205,175.0,Being Treated,n_cubicles,185.0,0.0
290,35,9,1,resource_use,treatment_begins,72.35665649200652,1.0,1,2.0,104,,205,175.0,Being Treated,n_cubicles,205.0,0.0
291,44,10,1,resource_use,treatment_begins,80.24848909995538,4.0,1,3.0,104,,205,175.0,Being Treated,n_cubicles,175.0,0.0
292,47,8,2,resource_use,treatment_begins,80.6414226555737,2.0,1,4.0,104,,205,175.0,Being Treated,n_cubicles,195.0,0.0
303,28,7,2,resource_use,treatment_begins,67.28077406655834,3.0,1,1.0,106,,205,175.0,Being Treated,n_cubicles,185.0,0.0
304,35,9,1,resource_use,treatment_begins,72.35665649200652,1.0,1,2.0,106,,205,175.0,Being Treated,n_cubicles,205.0,0.0
305,44,10,1,resource_use,treatment_begins,80.24848909995538,4.0,1,3.0,106,,205,175.0,Being Treated,n_cubicles,175.0,0.0
306,47,8,2,resource_use,treatment_begins,80.6414226555737,2.0,1,4.0,106,,205,175.0,Being Treated,n_cubicles,195.0,0.0
319,35,9,1,resource_use,treatment_begins,72.35665649200652,1.0,1,1.0,108,,205,175.0,Being Treated,n_cubicles,205.0,0.0
320,44,10,1,resource_use,treatment_begins,80.24848909995538,4.0,1,2.0,108,,205,175.0,Being Treated,n_cubicles,175.0,0.0
321,47,8,2,resource_use,treatment_begins,80.6414226555737,2.0,1,3.0,108,,205,175.0,Being Treated,n_cubicles,195.0,0.0
322,66,14,1,resource_use,treatment_begins,107.60875370936559,3.0,1,4.0,108,,205,175.0,Being Treated,n_cubicles,185.0,0.0
333,35,9,1,resource_use,treatment_begins,72.35665649200652,1.0,1,1.0,110,,205,175.0,Being Treated,n_cubicles,205.0,0.0
334,44,10,1,resource_use,treatment_begins,80.24848909995538,4.0,1,2.0,110,,205,175.0,Being Treated,n_cubicles,175.0,0.0
335,47,8,2,resource_use,treatment_begins,80.6414226555737,2.0,1,3.0,110,,205,175.0,Being Treated,n_cubicles,195.0,0.0
336,66,14,1,resource_use,treatment_begins,107.60875370936559,3.0,1,4.0,110,,205,175.0,Being Treated,n_cubicles,185.0,0.0
348,44,10,1,resource_use,treatment_begins,80.24848909995538,4.0,1,1.0,112,,205,175.0,Being Treated,n_cubicles,175.0,0.0
349,47,8,2,resource_use,treatment_begins,80.6414226555737,2.0,1,2.0,112,,205,175.0,Being Treated,n_cubicles,195.0,0.0
350,66,14,1,resource_use,treatment_begins,107.60875370936559,3.0,1,3.0,112,,205,175.0,Being Treated,n_cubicles,185.0,0.0
351,69,20,1,resource_use,treatment_begins,110.51521835406044,1.0,1,4.0,112,,205,175.0,Being Treated,n_cubicles,205.0,0.0
362,44,10,1,resource_use,treatment_begins,80.24848909995538,4.0,1,1.0,114,,205,175.0,Being Treated,n_cubicles,175.0,0.0
363,47,8,2,resource_use,treatment_begins,80.6414226555737,2.0,1,2.0,114,,205,175.0,Being Treated,n_cubicles,195.0,0.0
364,66,14,1,resource_use,treatment_begins,107.60875370936559,3.0,1,3.0,114,,205,175.0,Being Treated,n_cubicles,185.0,0.0
365,69,20,1,resource_use,treatment_begins,110.51521835406044,1.0,1,4.0,114,,205,175.0,Being Treated,n_cubicles,205.0,0.0
377,44,10,1,resource_use,treatment_begins,80.24848909995538,4.0,1,1.0,116,,205,175.0,Being Treated,n_cubicles,175.0,0.0
378,47,8,2,resource_use,treatment_begins,80.6414226555737,2.0,1,2.0,116,,205,175.0,Being Treated,n_cubicles,195.0,0.0
379,66,14,1,resource_use,treatment_begins,107.60875370936559,3.0,1,3.0,116,,205,175.0,Being Treated,n_cubicles,185.0,0.0
380,69,20,1,resource_use,treatment_begins,110.51521835406044,1.0,1,4.0,116,,205,175.0,Being Treated,n_cubicles,205.0,0.0
393,44,10,1,resource_use,treatment_begins,80.24848909995538,4.0,1,1.0,118,,205,175.0,Being Treated,n_cubicles,175.0,0.0
394,66,14,1,resource_use,treatment_begins,107.60875370936559,3.0,1,2.0,118,,205,175.0,Being Treated,n_cubicles,185.0,0.0
395,69,20,1,resource_use,treatment_begins,110.51521835406044,1.0,1,3.0,118,,205,175.0,Being Treated,n_cubicles,205.0,0.0
396,76,21,1,resource_use,treatment_begins,116.33282776713702,2.0,1,4.0,118,,205,175.0,Being Treated,n_cubicles,195.0,0.0
408,66,14,1,resource_use,treatment_begins,107.60875370936559,3.0,1,1.0,120,,205,175.0,Being Treated,n_cubicles,185.0,0.0
409,69,20,1,resource_use,treatment_begins,110.51521835406044,1.0,1,2.0,120,,205,175.0,Being Treated,n_cubicles,205.0,0.0
410,76,21,1,resource_use,treatment_begins,116.33282776713702,2.0,1,3.0,120,,205,175.0,Being Treated,n_cubicles,195.0,0.0
411,79,11,2,resource_use,treatment_begins,119.8566567640836,4.0,1,4.0,120,,205,175.0,Being Treated,n_cubicles,175.0,0.0
421,66,14,1,resource_use,treatment_begins,107.60875370936559,3.0,1,1.0,122,,205,175.0,Being Treated,n_cubicles,185.0,0.0
422,69,20,1,resource_use,treatment_begins,110.51521835406044,1.0,1,2.0,122,,205,175.0,Being Treated,n_cubicles,205.0,0.0
423,76,21,1,resource_use,treatment_begins,116.33282776713702,2.0,1,3.0,122,,205,175.0,Being Treated,n_cubicles,195.0,0.0
424,79,11,2,resource_use,treatment_begins,119.8566567640836,4.0,1,4.0,122,,205,175.0,Being Treated,n_cubicles,175.0,0.0
435,66,14,1,resource_use,treatment_begins,107.60875370936559,3.0,1,1.0,124,,205,175.0,Being Treated,n_cubicles,185.0,0.0
436,69,20,1,resource_use,treatment_begins,110.51521835406044,1.0,1,2.0,124,,205,175.0,Being Treated,n_cubicles,205.0,0.0
437,76,21,1,resource_use,treatment_begins,116.33282776713702,2.0,1,3.0,124,,205,175.0,Being Treated,n_cubicles,195.0,0.0
438,79,11,2,resource_use,treatment_begins,119.8566567640836,4.0,1,4.0,124,,205,175.0,Being Treated,n_cubicles,175.0,0.0
449,66,14,1,resource_use,treatment_begins,107.60875370936559,3.0,1,1.0,126,,205,175.0,Being Treated,n_cubicles,185.0,0.0
450,69,20,1,resource_use,treatment_begins,110.51521835406044,1.0,1,2.0,126,,205,175.0,Being Treated,n_cubicles,205.0,0.0
451,76,21,1,resource_use,treatment_begins,116.33282776713702,2.0,1,3.0,126,,205,175.0,Being Treated,n_cubicles,195.0,0.0
452,79,11,2,resource_use,treatment_begins,119.8566567640836,4.0,1,4.0,126,,205,175.0,Being Treated,n_cubicles,175.0,0.0
463,66,14,1,resource_use,treatment_begins,107.60875370936559,3.0,1,1.0,128,,205,175.0,Being Treated,n_cubicles,185.0,0.0
464,69,20,1,resource_use,treatment_begins,110.51521835406044,1.0,1,2.0,128,,205,175.0,Being Treated,n_cubicles,205.0,0.0
465,76,21,1,resource_use,treatment_begins,116.33282776713702,2.0,1,3.0,128,,205,175.0,Being Treated,n_cubicles,195.0,0.0
466,79,11,2,resource_use,treatment_begins,119.8566567640836,4.0,1,4.0,128,,205,175.0,Being Treated,n_cubicles,175.0,0.0
478,66,14,1,resource_use,treatment_begins,107.60875370936559,3.0,1,1.0,130,,205,175.0,Being Treated,n_cubicles,185.0,0.0
479,69,20,1,resource_use,treatment_begins,110.51521835406044,1.0,1,2.0,130,,205,175.0,Being Treated,n_cubicles,205.0,0.0
480,76,21,1,resource_use,treatment_begins,116.33282776713702,2.0,1,3.0,130,,205,175.0,Being Treated,n_cubicles,195.0,0.0
481,79,11,2,resource_use,treatment_begins,119.8566567640836,4.0,1,4.0,130,,205,175.0,Being Treated,n_cubicles,175.0,0.0
493,66,14,1,resource_use,treatment_begins,107.60875370936559,3.0,1,1.0,132,,205,175.0,Being Treated,n_cubicles,185.0,0.0
494,69,20,1,resource_use,treatment_begins,110.51521835406044,1.0,1,2.0,132,,205,175.0,Being Treated,n_cubicles,205.0,0.0
495,76,21,1,resource_use,treatment_begins,116.33282776713702,2.0,1,3.0,132,,205,175.0,Being Treated,n_cubicles,195.0,0.0
496,79,11,2,resource_use,treatment_begins,119.8566567640836,4.0,1,4.0,132,,205,175.0,Being Treated,n_cubicles,175.0,0.0
509,66,14,1,resource_use,treatment_begins,107.60875370936559,3.0,1,1.0,134,,205,175.0,Being Treated,n_cubicles,185.0,0.0
510,69,20,1,resource_use,treatment_begins,110.51521835406044,1.0,1,2.0,134,,205,175.0,Being Treated,n_cubicles,205.0,0.0
511,76,21,1,resource_use,treatment_begins,116.33282776713702,2.0,1,3.0,134,,205,175.0,Being Treated,n_cubicles,195.0,0.0
512,79,11,2,resource_use,treatment_begins,119.8566567640836,4.0,1,4.0,134,,205,175.0,Being Treated,n_cubicles,175.0,0.0
526,66,14,1,resource_use,treatment_begins,107.60875370936559,3.0,1,1.0,136,,205,175.0,Being Treated,n_cubicles,185.0,0.0
527,69,20,1,resource_use,treatment_begins,110.51521835406044,1.0,1,2.0,136,,205,175.0,Being Treated,n_cubicles,205.0,0.0
528,76,21,1,resource_use,treatment_begins,116.33282776713702,2.0,1,3.0,136,,205,175.0,Being Treated,n_cubicles,195.0,0.0
529,79,11,2,resource_use,treatment_begins,119.8566567640836,4.0,1,4.0,136,,205,175.0,Being Treated,n_cubicles,175.0,0.0
545,66,14,1,resource_use,treatment_begins,107.60875370936559,3.0,1,1.0,138,,205,175.0,Being Treated,n_cubicles,185.0,0.0
546,69,20,1,resource_use,treatment_begins,110.51521835406044,1.0,1,2.0,138,,205,175.0,Being Treated,n_cubicles,205.0,0.0
547,76,21,1,resource_use,treatment_begins,116.33282776713702,2.0,1,3.0,138,,205,175.0,Being Treated,n_cubicles,195.0,0.0
548,79,11,2,resource_use,treatment_begins,119.8566567640836,4.0,1,4.0,138,,205,175.0,Being Treated,n_cubicles,175.0,0.0
565,66,14,1,resource_use,treatment_begins,107.60875370936559,3.0,1,1.0,140,,205,175.0,Being Treated,n_cubicles,185.0,0.0
566,69,20,1,resource_use,treatment_begins,110.51521835406044,1.0,1,2.0,140,,205,175.0,Being Treated,n_cubicles,205.0,0.0
567,76,21,1,resource_use,treatment_begins,116.33282776713702,2.0,1,3.0,140,,205,175.0,Being Treated,n_cubicles,195.0,0.0
568,79,11,2,resource_use,treatment_begins,119.8566567640836,4.0,1,4.0,140,,205,175.0,Being Treated,n_cubicles,175.0,0.0
586,66,14,1,resource_use,treatment_begins,107.60875370936559,3.0,1,1.0,142,,205,175.0,Being Treated,n_cubicles,185.0,0.0
587,69,20,1,resource_use,treatment_begins,110.51521835406044,1.0,1,2.0,142,,205,175.0,Being Treated,n_cubicles,205.0,0.0
588,76,21,1,resource_use,treatment_begins,116.33282776713702,2.0,1,3.0,142,,205,175.0,Being Treated,n_cubicles,195.0,0.0
589,79,11,2,resource_use,treatment_begins,119.8566567640836,4.0,1,4.0,142,,205,175.0,Being Treated,n_cubicles,175.0,0.0
608,66,14,1,resource_use,treatment_begins,107.60875370936559,3.0,1,1.0,144,,205,175.0,Being Treated,n_cubicles,185.0,0.0
609,69,20,1,resource_use,treatment_begins,110.51521835406044,1.0,1,2.0,144,,205,175.0,Being Treated,n_cubicles,205.0,0.0
610,76,21,1,resource_use,treatment_begins,116.33282776713702,2.0,1,3.0,144,,205,175.0,Being Treated,n_cubicles,195.0,0.0
611,79,11,2,resource_use,treatment_begins,119.8566567640836,4.0,1,4.0,144,,205,175.0,Being Treated,n_cubicles,175.0,0.0
630,66,14,1,resource_use,treatment_begins,107.60875370936559,3.0,1,1.0,146,,205,175.0,Being Treated,n_cubicles,185.0,0.0
631,69,20,1,resource_use,treatment_begins,110.51521835406044,1.0,1,2.0,146,,205,175.0,Being Treated,n_cubicles,205.0,0.0
632,76,21,1,resource_use,treatment_begins,116.33282776713702,2.0,1,3.0,146,,205,175.0,Being Treated,n_cubicles,195.0,0.0
633,79,11,2,resource_use,treatment_begins,119.8566567640836,4.0,1,4.0,146,,205,175.0,Being Treated,n_cubicles,175.0,0.0
652,66,14,1,resource_use,treatment_begins,107.60875370936559,3.0,1,1.0,148,,205,175.0,Being Treated,n_cubicles,185.0,0.0
653,69,20,1,resource_use,treatment_begins,110.51521835406044,1.0,1,2.0,148,,205,175.0,Being Treated,n_cubicles,205.0,0.0
654,76,21,1,resource_use,treatment_begins,116.33282776713702,2.0,1,3.0,148,,205,175.0,Being Treated,n_cubicles,195.0,0.0
655,79,11,2,resource_use,treatment_begins,119.8566567640836,4.0,1,4.0,148,,205,175.0,Being Treated,n_cubicles,175.0,0.0
674,66,14,1,resource_use,treatment_begins,107.60875370936559,3.0,1,1.0,150,,205,175.0,Being Treated,n_cubicles,185.0,0.0
675,69,20,1,resource_use,treatment_begins,110.51521835406044,1.0,1,2.0,150,,205,175.0,Being Treated,n_cubicles,205.0,0.0
676,76,21,1,resource_use,treatment_begins,116.33282776713702,2.0,1,3.0,150,,205,175.0,Being Treated,n_cubicles,195.0,0.0
677,79,11,2,resource_use,treatment_begins,119.8566567640836,4.0,1,4.0,150,,205,175.0,Being Treated,n_cubicles,175.0,0.0
698,69,20,1,resource_use,treatment_begins,110.51521835406044,1.0,1,1.0,152,,205,175.0,Being Treated,n_cubicles,205.0,0.0
699,76,21,1,resource_use,treatment_begins,116.33282776713702,2.0,1,2.0,152,,205,175.0,Being Treated,n_cubicles,195.0,0.0
700,79,11,2,resource_use,treatment_begins,119.8566567640836,4.0,1,3.0,152,,205,175.0,Being Treated,n_cubicles,175.0,0.0
701,104,27,1,resource_use,treatment_begins,151.89288091863907,3.0,1,4.0,152,,205,175.0,Being Treated,n_cubicles,185.0,0.0
721,69,20,1,resource_use,treatment_begins,110.51521835406044,1.0,1,1.0,154,,205,175.0,Being Treated,n_cubicles,205.0,0.0
722,76,21,1,resource_use,treatment_begins,116.33282776713702,2.0,1,2.0,154,,205,175.0,Being Treated,n_cubicles,195.0,0.0
723,79,11,2,resource_use,treatment_begins,119.8566567640836,4.0,1,3.0,154,,205,175.0,Being Treated,n_cubicles,175.0,0.0
724,104,27,1,resource_use,treatment_begins,151.89288091863907,3.0,1,4.0,154,,205,175.0,Being Treated,n_cubicles,185.0,0.0
746,76,21,1,resource_use,treatment_begins,116.33282776713702,2.0,1,1.0,156,,205,175.0,Being Treated,n_cubicles,195.0,0.0
747,79,11,2,resource_use,treatment_begins,119.8566567640836,4.0,1,2.0,156,,205,175.0,Being Treated,n_cubicles,175.0,0.0
748,104,27,1,resource_use,treatment_begins,151.89288091863907,3.0,1,3.0,156,,205,175.0,Being Treated,n_cubicles,185.0,0.0
749,109,12,2,resource_use,treatment_begins,154.2426115557411,1.0,1,4.0,156,,205,175.0,Being Treated,n_cubicles,205.0,0.0
771,79,11,2,resource_use,treatment_begins,119.8566567640836,4.0,1,1.0,158,,205,175.0,Being Treated,n_cubicles,175.0,0.0
772,104,27,1,resource_use,treatment_begins,151.89288091863907,3.0,1,2.0,158,,205,175.0,Being Treated,n_cubicles,185.0,0.0
773,109,12,2,resource_use,treatment_begins,154.2426115557411,1.0,1,3.0,158,,205,175.0,Being Treated,n_cubicles,205.0,0.0
774,114,36,1,resource_use,treatment_begins,156.3516230782147,2.0,1,4.0,158,,205,175.0,Being Treated,n_cubicles,195.0,0.0
794,79,11,2,resource_use,treatment_begins,119.8566567640836,4.0,1,1.0,160,,205,175.0,Being Treated,n_cubicles,175.0,0.0
795,104,27,1,resource_use,treatment_begins,151.89288091863907,3.0,1,2.0,160,,205,175.0,Being Treated,n_cubicles,185.0,0.0
796,109,12,2,resource_use,treatment_begins,154.2426115557411,1.0,1,3.0,160,,205,175.0,Being Treated,n_cubicles,205.0,0.0
797,114,36,1,resource_use,treatment_begins,156.3516230782147,2.0,1,4.0,160,,205,175.0,Being Treated,n_cubicles,195.0,0.0
818,79,11,2,resource_use,treatment_begins,119.8566567640836,4.0,1,1.0,162,,205,175.0,Being Treated,n_cubicles,175.0,0.0
819,104,27,1,resource_use,treatment_begins,151.89288091863907,3.0,1,2.0,162,,205,175.0,Being Treated,n_cubicles,185.0,0.0
820,109,12,2,resource_use,treatment_begins,154.2426115557411,1.0,1,3.0,162,,205,175.0,Being Treated,n_cubicles,205.0,0.0
821,114,36,1,resource_use,treatment_begins,156.3516230782147,2.0,1,4.0,162,,205,175.0,Being Treated,n_cubicles,195.0,0.0
844,79,11,2,resource_use,treatment_begins,119.8566567640836,4.0,1,1.0,164,,205,175.0,Being Treated,n_cubicles,175.0,0.0
845,104,27,1,resource_use,treatment_begins,151.89288091863907,3.0,1,2.0,164,,205,175.0,Being Treated,n_cubicles,185.0,0.0
846,109,12,2,resource_use,treatment_begins,154.2426115557411,1.0,1,3.0,164,,205,175.0,Being Treated,n_cubicles,205.0,0.0
847,114,36,1,resource_use,treatment_begins,156.3516230782147,2.0,1,4.0,164,,205,175.0,Being Treated,n_cubicles,195.0,0.0
871,104,27,1,resource_use,treatment_begins,151.89288091863907,3.0,1,1.0,166,,205,175.0,Being Treated,n_cubicles,185.0,0.0
872,109,12,2,resource_use,treatment_begins,154.2426115557411,1.0,1,2.0,166,,205,175.0,Being Treated,n_cubicles,205.0,0.0
873,114,36,1,resource_use,treatment_begins,156.3516230782147,2.0,1,3.0,166,,205,175.0,Being Treated,n_cubicles,195.0,0.0
874,123,13,2,resource_use,treatment_begins,165.5287157863366,4.0,1,4.0,166,,205,175.0,Being Treated,n_cubicles,175.0,0.0
896,104,27,1,resource_use,treatment_begins,151.89288091863907,3.0,1,1.0,168,,205,175.0,Being Treated,n_cubicles,185.0,0.0
897,109,12,2,resource_use,treatment_begins,154.2426115557411,1.0,1,2.0,168,,205,175.0,Being Treated,n_cubicles,205.0,0.0
898,114,36,1,resource_use,treatment_begins,156.3516230782147,2.0,1,3.0,168,,205,175.0,Being Treated,n_cubicles,195.0,0.0
899,123,13,2,resource_use,treatment_begins,165.5287157863366,4.0,1,4.0,168,,205,175.0,Being Treated,n_cubicles,175.0,0.0
923,104,27,1,resource_use,treatment_begins,151.89288091863907,3.0,1,1.0,170,,205,175.0,Being Treated,n_cubicles,185.0,0.0
924,109,12,2,resource_use,treatment_begins,154.2426115557411,1.0,1,2.0,170,,205,175.0,Being Treated,n_cubicles,205.0,0.0
925,114,36,1,resource_use,treatment_begins,156.3516230782147,2.0,1,3.0,170,,205,175.0,Being Treated,n_cubicles,195.0,0.0
926,123,13,2,resource_use,treatment_begins,165.5287157863366,4.0,1,4.0,170,,205,175.0,Being Treated,n_cubicles,175.0,0.0
950,104,27,1,resource_use,treatment_begins,151.89288091863907,3.0,1,1.0,172,,205,175.0,Being Treated,n_cubicles,185.0,0.0
951,109,12,2,resource_use,treatment_begins,154.2426115557411,1.0,1,2.0,172,,205,175.0,Being Treated,n_cubicles,205.0,0.0
952,114,36,1,resource_use,treatment_begins,156.3516230782147,2.0,1,3.0,172,,205,175.0,Being Treated,n_cubicles,195.0,0.0
953,123,13,2,resource_use,treatment_begins,165.5287157863366,4.0,1,4.0,172,,205,175.0,Being Treated,n_cubicles,175.0,0.0
977,104,27,1,resource_use,treatment_begins,151.89288091863907,3.0,1,1.0,174,,205,175.0,Being Treated,n_cubicles,185.0,0.0
978,109,12,2,resource_use,treatment_begins,154.2426115557411,1.0,1,2.0,174,,205,175.0,Being Treated,n_cubicles,205.0,0.0
979,114,36,1,resource_use,treatment_begins,156.3516230782147,2.0,1,3.0,174,,205,175.0,Being Treated,n_cubicles,195.0,0.0
980,123,13,2,resource_use,treatment_begins,165.5287157863366,4.0,1,4.0,174,,205,175.0,Being Treated,n_cubicles,175.0,0.0
1004,104,27,1,resource_use,treatment_begins,151.89288091863907,3.0,1,1.0,176,,205,175.0,Being Treated,n_cubicles,185.0,0.0
1005,109,12,2,resource_use,treatment_begins,154.2426115557411,1.0,1,2.0,176,,205,175.0,Being Treated,n_cubicles,205.0,0.0
1006,114,36,1,resource_use,treatment_begins,156.3516230782147,2.0,1,3.0,176,,205,175.0,Being Treated,n_cubicles,195.0,0.0
1007,123,13,2,resource_use,treatment_begins,165.5287157863366,4.0,1,4.0,176,,205,175.0,Being Treated,n_cubicles,175.0,0.0
1032,104,27,1,resource_use,treatment_begins,151.89288091863907,3.0,1,1.0,178,,205,175.0,Being Treated,n_cubicles,185.0,0.0
1033,109,12,2,resource_use,treatment_begins,154.2426115557411,1.0,1,2.0,178,,205,175.0,Being Treated,n_cubicles,205.0,0.0
1034,114,36,1,resource_use,treatment_begins,156.3516230782147,2.0,1,3.0,178,,205,175.0,Being Treated,n_cubicles,195.0,0.0
1035,123,13,2,resource_use,treatment_begins,165.5287157863366,4.0,1,4.0,178,,205,175.0,Being Treated,n_cubicles,175.0,0.0
1060,104,27,1,resource_use,treatment_begins,151.89288091863907,3.0,1,1.0,180,,205,175.0,Being Treated,n_cubicles,185.0,0.0
1061,109,12,2,resource_use,treatment_begins,154.2426115557411,1.0,1,2.0,180,,205,175.0,Being Treated,n_cubicles,205.0,0.0
1062,114,36,1,resource_use,treatment_begins,156.3516230782147,2.0,1,3.0,180,,205,175.0,Being Treated,n_cubicles,195.0,0.0
1063,123,13,2,resource_use,treatment_begins,165.5287157863366,4.0,1,4.0,180,,205,175.0,Being Treated,n_cubicles,175.0,0.0
1088,104,27,1,resource_use,treatment_begins,151.89288091863907,3.0,1,1.0,182,,205,175.0,Being Treated,n_cubicles,185.0,0.0
1089,109,12,2,resource_use,treatment_begins,154.2426115557411,1.0,1,2.0,182,,205,175.0,Being Treated,n_cubicles,205.0,0.0
1090,114,36,1,resource_use,treatment_begins,156.3516230782147,2.0,1,3.0,182,,205,175.0,Being Treated,n_cubicles,195.0,0.0
1091,123,13,2,resource_use,treatment_begins,165.5287157863366,4.0,1,4.0,182,,205,175.0,Being Treated,n_cubicles,175.0,0.0
1117,104,27,1,resource_use,treatment_begins,151.89288091863907,3.0,1,1.0,184,,205,175.0,Being Treated,n_cubicles,185.0,0.0
1118,109,12,2,resource_use,treatment_begins,154.2426115557411,1.0,1,2.0,184,,205,175.0,Being Treated,n_cubicles,205.0,0.0
1119,114,36,1,resource_use,treatment_begins,156.3516230782147,2.0,1,3.0,184,,205,175.0,Being Treated,n_cubicles,195.0,0.0
1120,123,13,2,resource_use,treatment_begins,165.5287157863366,4.0,1,4.0,184,,205,175.0,Being Treated,n_cubicles,175.0,0.0
1146,104,27,1,resource_use,treatment_begins,151.89288091863907,3.0,1,1.0,186,,205,175.0,Being Treated,n_cubicles,185.0,0.0
1147,109,12,2,resource_use,treatment_begins,154.2426115557411,1.0,1,2.0,186,,205,175.0,Being Treated,n_cubicles,205.0,0.0
1148,114,36,1,resource_use,treatment_begins,156.3516230782147,2.0,1,3.0,186,,205,175.0,Being Treated,n_cubicles,195.0,0.0
1149,123,13,2,resource_use,treatment_begins,165.5287157863366,4.0,1,4.0,186,,205,175.0,Being Treated,n_cubicles,175.0,0.0
1175,104,27,1,resource_use,treatment_begins,151.89288091863907,3.0,1,1.0,188,,205,175.0,Being Treated,n_cubicles,185.0,0.0
1176,109,12,2,resource_use,treatment_begins,154.2426115557411,1.0,1,2.0,188,,205,175.0,Being Treated,n_cubicles,205.0,0.0
1177,114,36,1,resource_use,treatment_begins,156.3516230782147,2.0,1,3.0,188,,205,175.0,Being Treated,n_cubicles,195.0,0.0
1178,123,13,2,resource_use,treatment_begins,165.5287157863366,4.0,1,4.0,188,,205,175.0,Being Treated,n_cubicles,175.0,0.0
1207,104,27,1,resource_use,treatment_begins,151.89288091863907,3.0,1,1.0,190,,205,175.0,Being Treated,n_cubicles,185.0,0.0
1208,114,36,1,resource_use,treatment_begins,156.3516230782147,2.0,1,2.0,190,,205,175.0,Being Treated,n_cubicles,195.0,0.0
1209,123,13,2,resource_use,treatment_begins,165.5287157863366,4.0,1,3.0,190,,205,175.0,Being Treated,n_cubicles,175.0,0.0
1210,138,40,1,resource_use,treatment_begins,189.9062580756693,1.0,1,4.0,190,,205,175.0,Being Treated,n_cubicles,205.0,0.0
1237,104,27,1,resource_use,treatment_begins,151.89288091863907,3.0,1,1.0,192,,205,175.0,Being Treated,n_cubicles,185.0,0.0
1238,114,36,1,resource_use,treatment_begins,156.3516230782147,2.0,1,2.0,192,,205,175.0,Being Treated,n_cubicles,195.0,0.0
1239,123,13,2,resource_use,treatment_begins,165.5287157863366,4.0,1,3.0,192,,205,175.0,Being Treated,n_cubicles,175.0,0.0
1240,138,40,1,resource_use,treatment_begins,189.9062580756693,1.0,1,4.0,192,,205,175.0,Being Treated,n_cubicles,205.0,0.0
1268,114,36,1,resource_use,treatment_begins,156.3516230782147,2.0,1,1.0,194,,205,175.0,Being Treated,n_cubicles,195.0,0.0
1269,123,13,2,resource_use,treatment_begins,165.5287157863366,4.0,1,2.0,194,,205,175.0,Being Treated,n_cubicles,175.0,0.0
1270,138,40,1,resource_use,treatment_begins,189.9062580756693,1.0,1,3.0,194,,205,175.0,Being Treated,n_cubicles,205.0,0.0
1271,143,43,1,resource_use,treatment_begins,193.96308146336526,3.0,1,4.0,194,,205,175.0,Being Treated,n_cubicles,185.0,0.0
1298,114,36,1,resource_use,treatment_begins,156.3516230782147,2.0,1,1.0,196,,205,175.0,Being Treated,n_cubicles,195.0,0.0
1299,123,13,2,resource_use,treatment_begins,165.5287157863366,4.0,1,2.0,196,,205,175.0,Being Treated,n_cubicles,175.0,0.0
1300,138,40,1,resource_use,treatment_begins,189.9062580756693,1.0,1,3.0,196,,205,175.0,Being Treated,n_cubicles,205.0,0.0
1301,143,43,1,resource_use,treatment_begins,193.96308146336526,3.0,1,4.0,196,,205,175.0,Being Treated,n_cubicles,185.0,0.0
1329,123,13,2,resource_use,treatment_begins,165.5287157863366,4.0,1,1.0,198,,205,175.0,Being Treated,n_cubicles,175.0,0.0
1330,138,40,1,resource_use,treatment_begins,189.9062580756693,1.0,1,2.0,198,,205,175.0,Being Treated,n_cubicles,205.0,0.0
1331,143,43,1,resource_use,treatment_begins,193.96308146336526,3.0,1,3.0,198,,205,175.0,Being Treated,n_cubicles,185.0,0.0
1332,146,15,2,resource_use,treatment_begins,197.907654145809,2.0,1,4.0,198,,205,175.0,Being Treated,n_cubicles,195.0,0.0
1358,123,13,2,resource_use,treatment_begins,165.5287157863366,4.0,1,1.0,200,,205,175.0,Being Treated,n_cubicles,175.0,0.0
1359,138,40,1,resource_use,treatment_begins,189.9062580756693,1.0,1,2.0,200,,205,175.0,Being Treated,n_cubicles,205.0,0.0
1360,143,43,1,resource_use,treatment_begins,193.96308146336526,3.0,1,3.0,200,,205,175.0,Being Treated,n_cubicles,185.0,0.0
1361,146,15,2,resource_use,treatment_begins,197.907654145809,2.0,1,4.0,200,,205,175.0,Being Treated,n_cubicles,195.0,0.0
1389,138,40,1,resource_use,treatment_begins,189.9062580756693,1.0,1,1.0,202,,205,175.0,Being Treated,n_cubicles,205.0,0.0
1390,143,43,1,resource_use,treatment_begins,193.96308146336526,3.0,1,2.0,202,,205,175.0,Being Treated,n_cubicles,185.0,0.0
1391,146,15,2,resource_use,treatment_begins,197.907654145809,2.0,1,3.0,202,,205,175.0,Being Treated,n_cubicles,195.0,0.0
1392,151,16,2,resource_use,treatment_begins,200.75284436160058,4.0,1,4.0,202,,205,175.0,Being Treated,n_cubicles,175.0,0.0
1418,138,40,1,resource_use,treatment_begins,189.9062580756693,1.0,1,1.0,204,,205,175.0,Being Treated,n_cubicles,205.0,0.0
1419,143,43,1,resource_use,treatment_begins,193.96308146336526,3.0,1,2.0,204,,205,175.0,Being Treated,n_cubicles,185.0,0.0
1420,146,15,2,resource_use,treatment_begins,197.907654145809,2.0,1,3.0,204,,205,175.0,Being Treated,n_cubicles,195.0,0.0
1421,151,16,2,resource_use,treatment_begins,200.75284436160058,4.0,1,4.0,204,,205,175.0,Being Treated,n_cubicles,175.0,0.0
1447,138,40,1,resource_use,treatment_begins,189.9062580756693,1.0,1,1.0,206,,205,175.0,Being Treated,n_cubicles,205.0,0.0
1448,143,43,1,resource_use,treatment_begins,193.96308146336526,3.0,1,2.0,206,,205,175.0,Being Treated,n_cubicles,185.0,0.0
1449,146,15,2,resource_use,treatment_begins,197.907654145809,2.0,1,3.0,206,,205,175.0,Being Treated,n_cubicles,195.0,0.0
1450,151,16,2,resource_use,treatment_begins,200.75284436160058,4.0,1,4.0,206,,205,175.0,Being Treated,n_cubicles,175.0,0.0
1477,138,40,1,resource_use,treatment_begins,189.9062580756693,1.0,1,1.0,208,,205,175.0,Being Treated,n_cubicles,205.0,0.0
1478,143,43,1,resource_use,treatment_begins,193.96308146336526,3.0,1,2.0,208,,205,175.0,Being Treated,n_cubicles,185.0,0.0
1479,146,15,2,resource_use,treatment_begins,197.907654145809,2.0,1,3.0,208,,205,175.0,Being Treated,n_cubicles,195.0,0.0
1480,151,16,2,resource_use,treatment_begins,200.75284436160058,4.0,1,4.0,208,,205,175.0,Being Treated,n_cubicles,175.0,0.0
1508,138,40,1,resource_use,treatment_begins,189.9062580756693,1.0,1,1.0,210,,205,175.0,Being Treated,n_cubicles,205.0,0.0
1509,143,43,1,resource_use,treatment_begins,193.96308146336526,3.0,1,2.0,210,,205,175.0,Being Treated,n_cubicles,185.0,0.0
1510,146,15,2,resource_use,treatment_begins,197.907654145809,2.0,1,3.0,210,,205,175.0,Being Treated,n_cubicles,195.0,0.0
1511,151,16,2,resource_use,treatment_begins,200.75284436160058,4.0,1,4.0,210,,205,175.0,Being Treated,n_cubicles,175.0,0.0
1541,138,40,1,resource_use,treatment_begins,189.9062580756693,1.0,1,1.0,212,,205,175.0,Being Treated,n_cubicles,205.0,0.0
1542,143,43,1,resource_use,treatment_begins,193.96308146336526,3.0,1,2.0,212,,205,175.0,Being Treated,n_cubicles,185.0,0.0
1543,146,15,2,resource_use,treatment_begins,197.907654145809,2.0,1,3.0,212,,205,175.0,Being Treated,n_cubicles,195.0,0.0
1544,151,16,2,resource_use,treatment_begins,200.75284436160058,4.0,1,4.0,212,,205,175.0,Being Treated,n_cubicles,175.0,0.0
1577,138,40,1,resource_use,treatment_begins,189.9062580756693,1.0,1,1.0,214,,205,175.0,Being Treated,n_cubicles,205.0,0.0
1578,143,43,1,resource_use,treatment_begins,193.96308146336526,3.0,1,2.0,214,,205,175.0,Being Treated,n_cubicles,185.0,0.0
1579,146,15,2,resource_use,treatment_begins,197.907654145809,2.0,1,3.0,214,,205,175.0,Being Treated,n_cubicles,195.0,0.0
1580,151,16,2,resource_use,treatment_begins,200.75284436160058,4.0,1,4.0,214,,205,175.0,Being Treated,n_cubicles,175.0,0.0
1613,138,40,1,resource_use,treatment_begins,189.9062580756693,1.0,1,1.0,216,,205,175.0,Being Treated,n_cubicles,205.0,0.0
1614,143,43,1,resource_use,treatment_begins,193.96308146336526,3.0,1,2.0,216,,205,175.0,Being Treated,n_cubicles,185.0,0.0
1615,146,15,2,resource_use,treatment_begins,197.907654145809,2.0,1,3.0,216,,205,175.0,Being Treated,n_cubicles,195.0,0.0
1616,151,16,2,resource_use,treatment_begins,200.75284436160058,4.0,1,4.0,216,,205,175.0,Being Treated,n_cubicles,175.0,0.0
1649,138,40,1,resource_use,treatment_begins,189.9062580756693,1.0,1,1.0,218,,205,175.0,Being Treated,n_cubicles,205.0,0.0
1650,143,43,1,resource_use,treatment_begins,193.96308146336526,3.0,1,2.0,218,,205,175.0,Being Treated,n_cubicles,185.0,0.0
1651,146,15,2,resource_use,treatment_begins,197.907654145809,2.0,1,3.0,218,,205,175.0,Being Treated,n_cubicles,195.0,0.0
1652,151,16,2,resource_use,treatment_begins,200.75284436160058,4.0,1,4.0,218,,205,175.0,Being Treated,n_cubicles,175.0,0.0
1685,138,40,1,resource_use,treatment_begins,189.9062580756693,1.0,1,1.0,220,,205,175.0,Being Treated,n_cubicles,205.0,0.0
1686,143,43,1,resource_use,treatment_begins,193.96308146336526,3.0,1,2.0,220,,205,175.0,Being Treated,n_cubicles,185.0,0.0
1687,146,15,2,resource_use,treatment_begins,197.907654145809,2.0,1,3.0,220,,205,175.0,Being Treated,n_cubicles,195.0,0.0
1688,151,16,2,resource_use,treatment_begins,200.75284436160058,4.0,1,4.0,220,,205,175.0,Being Treated,n_cubicles,175.0,0.0
1722,138,40,1,resource_use,treatment_begins,189.9062580756693,1.0,1,1.0,222,,205,175.0,Being Treated,n_cubicles,205.0,0.0
1723,143,43,1,resource_use,treatment_begins,193.96308146336526,3.0,1,2.0,222,,205,175.0,Being Treated,n_cubicles,185.0,0.0
1724,146,15,2,resource_use,treatment_begins,197.907654145809,2.0,1,3.0,222,,205,175.0,Being Treated,n_cubicles,195.0,0.0
1725,151,16,2,resource_use,treatment_begins,200.75284436160058,4.0,1,4.0,222,,205,175.0,Being Treated,n_cubicles,175.0,0.0
1759,138,40,1,resource_use,treatment_begins,189.9062580756693,1.0,1,1.0,224,,205,175.0,Being Treated,n_cubicles,205.0,0.0
1760,143,43,1,resource_use,treatment_begins,193.96308146336526,3.0,1,2.0,224,,205,175.0,Being Treated,n_cubicles,185.0,0.0
1761,146,15,2,resource_use,treatment_begins,197.907654145809,2.0,1,3.0,224,,205,175.0,Being Treated,n_cubicles,195.0,0.0
1762,151,16,2,resource_use,treatment_begins,200.75284436160058,4.0,1,4.0,224,,205,175.0,Being Treated,n_cubicles,175.0,0.0
1796,138,40,1,resource_use,treatment_begins,189.9062580756693,1.0,1,1.0,226,,205,175.0,Being Treated,n_cubicles,205.0,0.0
1797,143,43,1,resource_use,treatment_begins,193.96308146336526,3.0,1,2.0,226,,205,175.0,Being Treated,n_cubicles,185.0,0.0
1798,146,15,2,resource_use,treatment_begins,197.907654145809,2.0,1,3.0,226,,205,175.0,Being Treated,n_cubicles,195.0,0.0
1799,151,16,2,resource_use,treatment_begins,200.75284436160058,4.0,1,4.0,226,,205,175.0,Being Treated,n_cubicles,175.0,0.0
1833,138,40,1,resource_use,treatment_begins,189.9062580756693,1.0,1,1.0,228,,205,175.0,Being Treated,n_cubicles,205.0,0.0
1834,143,43,1,resource_use,treatment_begins,193.96308146336526,3.0,1,2.0,228,,205,175.0,Being Treated,n_cubicles,185.0,0.0
1835,146,15,2,resource_use,treatment_begins,197.907654145809,2.0,1,3.0,228,,205,175.0,Being Treated,n_cubicles,195.0,0.0
1836,151,16,2,resource_use,treatment_begins,200.75284436160058,4.0,1,4.0,228,,205,175.0,Being Treated,n_cubicles,175.0,0.0
1870,138,40,1,resource_use,treatment_begins,189.9062580756693,1.0,1,1.0,230,,205,175.0,Being Treated,n_cubicles,205.0,0.0
1871,143,43,1,resource_use,treatment_begins,193.96308146336526,3.0,1,2.0,230,,205,175.0,Being Treated,n_cubicles,185.0,0.0
1872,146,15,2,resource_use,treatment_begins,197.907654145809,2.0,1,3.0,230,,205,175.0,Being Treated,n_cubicles,195.0,0.0
1873,151,16,2,resource_use,treatment_begins,200.75284436160058,4.0,1,4.0,230,,205,175.0,Being Treated,n_cubicles,175.0,0.0
1907,138,40,1,resource_use,treatment_begins,189.9062580756693,1.0,1,1.0,232,,205,175.0,Being Treated,n_cubicles,205.0,0.0
1908,143,43,1,resource_use,treatment_begins,193.96308146336526,3.0,1,2.0,232,,205,175.0,Being Treated,n_cubicles,185.0,0.0
1909,146,15,2,resource_use,treatment_begins,197.907654145809,2.0,1,3.0,232,,205,175.0,Being Treated,n_cubicles,195.0,0.0
1910,151,16,2,resource_use,treatment_begins,200.75284436160058,4.0,1,4.0,232,,205,175.0,Being Treated,n_cubicles,175.0,0.0
1945,138,40,1,resource_use,treatment_begins,189.9062580756693,1.0,1,1.0,234,,205,175.0,Being Treated,n_cubicles,205.0,0.0
1946,146,15,2,resource_use,treatment_begins,197.907654145809,2.0,1,2.0,234,,205,175.0,Being Treated,n_cubicles,195.0,0.0
1947,151,16,2,resource_use,treatment_begins,200.75284436160058,4.0,1,3.0,234,,205,175.0,Being Treated,n_cubicles,175.0,0.0
1948,170,17,2,resource_use,treatment_begins,233.40821948692576,3.0,1,4.0,234,,205,175.0,Being Treated,n_cubicles,185.0,0.0
1982,146,15,2,resource_use,treatment_begins,197.907654145809,2.0,1,1.0,236,,205,175.0,Being Treated,n_cubicles,195.0,0.0
1983,151,16,2,resource_use,treatment_begins,200.75284436160058,4.0,1,2.0,236,,205,175.0,Being Treated,n_cubicles,175.0,0.0
1984,170,17,2,resource_use,treatment_begins,233.40821948692576,3.0,1,3.0,236,,205,175.0,Being Treated,n_cubicles,185.0,0.0
1985,173,18,2,resource_use,treatment_begins,234.18516005122223,1.0,1,4.0,236,,205,175.0,Being Treated,n_cubicles,205.0,0.0
2019,170,17,2,resource_use,treatment_begins,233.40821948692576,3.0,1,1.0,238,,205,175.0,Being Treated,n_cubicles,185.0,0.0
2020,173,18,2,resource_use,treatment_begins,234.18516005122223,1.0,1,2.0,238,,205,175.0,Being Treated,n_cubicles,205.0,0.0
2021,176,19,2,resource_use,treatment_begins,236.69558253423583,2.0,1,3.0,238,,205,175.0,Being Treated,n_cubicles,195.0,0.0
2022,179,22,2,resource_use,treatment_begins,237.21740575373775,4.0,1,4.0,238,,205,175.0,Being Treated,n_cubicles,175.0,0.0
2052,170,17,2,resource_use,treatment_begins,233.40821948692576,3.0,1,1.0,240,,205,175.0,Being Treated,n_cubicles,185.0,0.0
2053,173,18,2,resource_use,treatment_begins,234.18516005122223,1.0,1,2.0,240,,205,175.0,Being Treated,n_cubicles,205.0,0.0
2054,176,19,2,resource_use,treatment_begins,236.69558253423583,2.0,1,3.0,240,,205,175.0,Being Treated,n_cubicles,195.0,0.0
2055,179,22,2,resource_use,treatment_begins,237.21740575373775,4.0,1,4.0,240,,205,175.0,Being Treated,n_cubicles,175.0,0.0
2086,170,17,2,resource_use,treatment_begins,233.40821948692576,3.0,1,1.0,242,,205,175.0,Being Treated,n_cubicles,185.0,0.0
2087,173,18,2,resource_use,treatment_begins,234.18516005122223,1.0,1,2.0,242,,205,175.0,Being Treated,n_cubicles,205.0,0.0
2088,176,19,2,resource_use,treatment_begins,236.69558253423583,2.0,1,3.0,242,,205,175.0,Being Treated,n_cubicles,195.0,0.0
2089,179,22,2,resource_use,treatment_begins,237.21740575373775,4.0,1,4.0,242,,205,175.0,Being Treated,n_cubicles,175.0,0.0
2121,170,17,2,resource_use,treatment_begins,233.40821948692576,3.0,1,1.0,244,,205,175.0,Being Treated,n_cubicles,185.0,0.0
2122,173,18,2,resource_use,treatment_begins,234.18516005122223,1.0,1,2.0,244,,205,175.0,Being Treated,n_cubicles,205.0,0.0
2123,176,19,2,resource_use,treatment_begins,236.69558253423583,2.0,1,3.0,244,,205,175.0,Being Treated,n_cubicles,195.0,0.0
2124,179,22,2,resource_use,treatment_begins,237.21740575373775,4.0,1,4.0,244,,205,175.0,Being Treated,n_cubicles,175.0,0.0
2157,170,17,2,resource_use,treatment_begins,233.40821948692576,3.0,1,1.0,246,,205,175.0,Being Treated,n_cubicles,185.0,0.0
2158,173,18,2,resource_use,treatment_begins,234.18516005122223,1.0,1,2.0,246,,205,175.0,Being Treated,n_cubicles,205.0,0.0
2159,176,19,2,resource_use,treatment_begins,236.69558253423583,2.0,1,3.0,246,,205,175.0,Being Treated,n_cubicles,195.0,0.0
2160,179,22,2,resource_use,treatment_begins,237.21740575373775,4.0,1,4.0,246,,205,175.0,Being Treated,n_cubicles,175.0,0.0
2194,170,17,2,resource_use,treatment_begins,233.40821948692576,3.0,1,1.0,248,,205,175.0,Being Treated,n_cubicles,185.0,0.0
2195,173,18,2,resource_use,treatment_begins,234.18516005122223,1.0,1,2.0,248,,205,175.0,Being Treated,n_cubicles,205.0,0.0
2196,176,19,2,resource_use,treatment_begins,236.69558253423583,2.0,1,3.0,248,,205,175.0,Being Treated,n_cubicles,195.0,0.0
2197,179,22,2,resource_use,treatment_begins,237.21740575373775,4.0,1,4.0,248,,205,175.0,Being Treated,n_cubicles,175.0,0.0
2233,170,17,2,resource_use,treatment_begins,233.40821948692576,3.0,1,1.0,250,,205,175.0,Being Treated,n_cubicles,185.0,0.0
2234,173,18,2,resource_use,treatment_begins,234.18516005122223,1.0,1,2.0,250,,205,175.0,Being Treated,n_cubicles,205.0,0.0
2235,176,19,2,resource_use,treatment_begins,236.69558253423583,2.0,1,3.0,250,,205,175.0,Being Treated,n_cubicles,195.0,0.0
2236,179,22,2,resource_use,treatment_begins,237.21740575373775,4.0,1,4.0,250,,205,175.0,Being Treated,n_cubicles,175.0,0.0
2272,170,17,2,resource_use,treatment_begins,233.40821948692576,3.0,1,1.0,252,,205,175.0,Being Treated,n_cubicles,185.0,0.0
2273,173,18,2,resource_use,treatment_begins,234.18516005122223,1.0,1,2.0,252,,205,175.0,Being Treated,n_cubicles,205.0,0.0
2274,176,19,2,resource_use,treatment_begins,236.69558253423583,2.0,1,3.0,252,,205,175.0,Being Treated,n_cubicles,195.0,0.0
2275,179,22,2,resource_use,treatment_begins,237.21740575373775,4.0,1,4.0,252,,205,175.0,Being Treated,n_cubicles,175.0,0.0
2311,170,17,2,resource_use,treatment_begins,233.40821948692576,3.0,1,1.0,254,,205,175.0,Being Treated,n_cubicles,185.0,0.0
2312,173,18,2,resource_use,treatment_begins,234.18516005122223,1.0,1,2.0,254,,205,175.0,Being Treated,n_cubicles,205.0,0.0
2313,176,19,2,resource_use,treatment_begins,236.69558253423583,2.0,1,3.0,254,,205,175.0,Being Treated,n_cubicles,195.0,0.0
2314,179,22,2,resource_use,treatment_begins,237.21740575373775,4.0,1,4.0,254,,205,175.0,Being Treated,n_cubicles,175.0,0.0
2351,170,17,2,resource_use,treatment_begins,233.40821948692576,3.0,1,1.0,256,,205,175.0,Being Treated,n_cubicles,185.0,0.0
2352,173,18,2,resource_use,treatment_begins,234.18516005122223,1.0,1,2.0,256,,205,175.0,Being Treated,n_cubicles,205.0,0.0
2353,176,19,2,resource_use,treatment_begins,236.69558253423583,2.0,1,3.0,256,,205,175.0,Being Treated,n_cubicles,195.0,0.0
2354,179,22,2,resource_use,treatment_begins,237.21740575373775,4.0,1,4.0,256,,205,175.0,Being Treated,n_cubicles,175.0,0.0
2391,170,17,2,resource_use,treatment_begins,233.40821948692576,3.0,1,1.0,258,,205,175.0,Being Treated,n_cubicles,185.0,0.0
2392,173,18,2,resource_use,treatment_begins,234.18516005122223,1.0,1,2.0,258,,205,175.0,Being Treated,n_cubicles,205.0,0.0
2393,176,19,2,resource_use,treatment_begins,236.69558253423583,2.0,1,3.0,258,,205,175.0,Being Treated,n_cubicles,195.0,0.0
2394,179,22,2,resource_use,treatment_begins,237.21740575373775,4.0,1,4.0,258,,205,175.0,Being Treated,n_cubicles,175.0,0.0
2431,170,17,2,resource_use,treatment_begins,233.40821948692576,3.0,1,1.0,260,,205,175.0,Being Treated,n_cubicles,185.0,0.0
2432,173,18,2,resource_use,treatment_begins,234.18516005122223,1.0,1,2.0,260,,205,175.0,Being Treated,n_cubicles,205.0,0.0
2433,176,19,2,resource_use,treatment_begins,236.69558253423583,2.0,1,3.0,260,,205,175.0,Being Treated,n_cubicles,195.0,0.0
2434,179,22,2,resource_use,treatment_begins,237.21740575373775,4.0,1,4.0,260,,205,175.0,Being Treated,n_cubicles,175.0,0.0
2472,170,17,2,resource_use,treatment_begins,233.40821948692576,3.0,1,1.0,262,,205,175.0,Being Treated,n_cubicles,185.0,0.0
2473,173,18,2,resource_use,treatment_begins,234.18516005122223,1.0,1,2.0,262,,205,175.0,Being Treated,n_cubicles,205.0,0.0
2474,176,19,2,resource_use,treatment_begins,236.69558253423583,2.0,1,3.0,262,,205,175.0,Being Treated,n_cubicles,195.0,0.0
2475,179,22,2,resource_use,treatment_begins,237.21740575373775,4.0,1,4.0,262,,205,175.0,Being Treated,n_cubicles,175.0,0.0
2513,170,17,2,resource_use,treatment_begins,233.40821948692576,3.0,1,1.0,264,,205,175.0,Being Treated,n_cubicles,185.0,0.0
2514,173,18,2,resource_use,treatment_begins,234.18516005122223,1.0,1,2.0,264,,205,175.0,Being Treated,n_cubicles,205.0,0.0
2515,176,19,2,resource_use,treatment_begins,236.69558253423583,2.0,1,3.0,264,,205,175.0,Being Treated,n_cubicles,195.0,0.0
2516,179,22,2,resource_use,treatment_begins,237.21740575373775,4.0,1,4.0,264,,205,175.0,Being Treated,n_cubicles,175.0,0.0
2554,170,17,2,resource_use,treatment_begins,233.40821948692576,3.0,1,1.0,266,,205,175.0,Being Treated,n_cubicles,185.0,0.0
2555,173,18,2,resource_use,treatment_begins,234.18516005122223,1.0,1,2.0,266,,205,175.0,Being Treated,n_cubicles,205.0,0.0
2556,176,19,2,resource_use,treatment_begins,236.69558253423583,2.0,1,3.0,266,,205,175.0,Being Treated,n_cubicles,195.0,0.0
2557,179,22,2,resource_use,treatment_begins,237.21740575373775,4.0,1,4.0,266,,205,175.0,Being Treated,n_cubicles,175.0,0.0
2595,170,17,2,resource_use,treatment_begins,233.40821948692576,3.0,1,1.0,268,,205,175.0,Being Treated,n_cubicles,185.0,0.0
2596,173,18,2,resource_use,treatment_begins,234.18516005122223,1.0,1,2.0,268,,205,175.0,Being Treated,n_cubicles,205.0,0.0
2597,176,19,2,resource_use,treatment_begins,236.69558253423583,2.0,1,3.0,268,,205,175.0,Being Treated,n_cubicles,195.0,0.0
2598,179,22,2,resource_use,treatment_begins,237.21740575373775,4.0,1,4.0,268,,205,175.0,Being Treated,n_cubicles,175.0,0.0
2637,170,17,2,resource_use,treatment_begins,233.40821948692576,3.0,1,1.0,270,,205,175.0,Being Treated,n_cubicles,185.0,0.0
2638,173,18,2,resource_use,treatment_begins,234.18516005122223,1.0,1,2.0,270,,205,175.0,Being Treated,n_cubicles,205.0,0.0
2639,176,19,2,resource_use,treatment_begins,236.69558253423583,2.0,1,3.0,270,,205,175.0,Being Treated,n_cubicles,195.0,0.0
2640,179,22,2,resource_use,treatment_begins,237.21740575373775,4.0,1,4.0,270,,205,175.0,Being Treated,n_cubicles,175.0,0.0
2679,170,17,2,resource_use,treatment_begins,233.40821948692576,3.0,1,1.0,272,,205,175.0,Being Treated,n_cubicles,185.0,0.0
2680,173,18,2,resource_use,treatment_begins,234.18516005122223,1.0,1,2.0,272,,205,175.0,Being Treated,n_cubicles,205.0,0.0
2681,176,19,2,resource_use,treatment_begins,236.69558253423583,2.0,1,3.0,272,,205,175.0,Being Treated,n_cubicles,195.0,0.0
2682,179,22,2,resource_use,treatment_begins,237.21740575373775,4.0,1,4.0,272,,205,175.0,Being Treated,n_cubicles,175.0,0.0
2722,170,17,2,resource_use,treatment_begins,233.40821948692576,3.0,1,1.0,274,,205,175.0,Being Treated,n_cubicles,185.0,0.0
2723,176,19,2,resource_use,treatment_begins,236.69558253423583,2.0,1,2.0,274,,205,175.0,Being Treated,n_cubicles,195.0,0.0
2724,179,22,2,resource_use,treatment_begins,237.21740575373775,4.0,1,3.0,274,,205,175.0,Being Treated,n_cubicles,175.0,0.0
2725,200,57,1,resource_use,treatment_begins,273.1198644749171,1.0,1,4.0,274,,205,175.0,Being Treated,n_cubicles,205.0,0.0
2765,170,17,2,resource_use,treatment_begins,233.40821948692576,3.0,1,1.0,276,,205,175.0,Being Treated,n_cubicles,185.0,0.0
2766,200,57,1,resource_use,treatment_begins,273.1198644749171,1.0,1,2.0,276,,205,175.0,Being Treated,n_cubicles,205.0,0.0
2767,203,61,1,resource_use,treatment_begins,274.325287938145,2.0,1,3.0,276,,205,175.0,Being Treated,n_cubicles,195.0,0.0
2768,206,23,2,resource_use,treatment_begins,275.2058178030438,4.0,1,4.0,276,,205,175.0,Being Treated,n_cubicles,175.0,0.0
2804,170,17,2,resource_use,treatment_begins,233.40821948692576,3.0,1,1.0,278,,205,175.0,Being Treated,n_cubicles,185.0,0.0
2805,200,57,1,resource_use,treatment_begins,273.1198644749171,1.0,1,2.0,278,,205,175.0,Being Treated,n_cubicles,205.0,0.0
2806,203,61,1,resource_use,treatment_begins,274.325287938145,2.0,1,3.0,278,,205,175.0,Being Treated,n_cubicles,195.0,0.0
2807,206,23,2,resource_use,treatment_begins,275.2058178030438,4.0,1,4.0,278,,205,175.0,Being Treated,n_cubicles,175.0,0.0
2844,200,57,1,resource_use,treatment_begins,273.1198644749171,1.0,1,1.0,280,,205,175.0,Being Treated,n_cubicles,205.0,0.0
2845,203,61,1,resource_use,treatment_begins,274.325287938145,2.0,1,2.0,280,,205,175.0,Being Treated,n_cubicles,195.0,0.0
2846,206,23,2,resource_use,treatment_begins,275.2058178030438,4.0,1,3.0,280,,205,175.0,Being Treated,n_cubicles,175.0,0.0
2847,209,24,2,resource_use,treatment_begins,279.6254685109471,3.0,1,4.0,280,,205,175.0,Being Treated,n_cubicles,185.0,0.0
2882,200,57,1,resource_use,treatment_begins,273.1198644749171,1.0,1,1.0,282,,205,175.0,Being Treated,n_cubicles,205.0,0.0
2883,203,61,1,resource_use,treatment_begins,274.325287938145,2.0,1,2.0,282,,205,175.0,Being Treated,n_cubicles,195.0,0.0
2884,206,23,2,resource_use,treatment_begins,275.2058178030438,4.0,1,3.0,282,,205,175.0,Being Treated,n_cubicles,175.0,0.0
2885,209,24,2,resource_use,treatment_begins,279.6254685109471,3.0,1,4.0,282,,205,175.0,Being Treated,n_cubicles,185.0,0.0
2920,200,57,1,resource_use,treatment_begins,273.1198644749171,1.0,1,1.0,284,,205,175.0,Being Treated,n_cubicles,205.0,0.0
2921,203,61,1,resource_use,treatment_begins,274.325287938145,2.0,1,2.0,284,,205,175.0,Being Treated,n_cubicles,195.0,0.0
2922,206,23,2,resource_use,treatment_begins,275.2058178030438,4.0,1,3.0,284,,205,175.0,Being Treated,n_cubicles,175.0,0.0
2923,209,24,2,resource_use,treatment_begins,279.6254685109471,3.0,1,4.0,284,,205,175.0,Being Treated,n_cubicles,185.0,0.0
2958,200,57,1,resource_use,treatment_begins,273.1198644749171,1.0,1,1.0,286,,205,175.0,Being Treated,n_cubicles,205.0,0.0
2959,203,61,1,resource_use,treatment_begins,274.325287938145,2.0,1,2.0,286,,205,175.0,Being Treated,n_cubicles,195.0,0.0
2960,206,23,2,resource_use,treatment_begins,275.2058178030438,4.0,1,3.0,286,,205,175.0,Being Treated,n_cubicles,175.0,0.0
2961,209,24,2,resource_use,treatment_begins,279.6254685109471,3.0,1,4.0,286,,205,175.0,Being Treated,n_cubicles,185.0,0.0
2996,200,57,1,resource_use,treatment_begins,273.1198644749171,1.0,1,1.0,288,,205,175.0,Being Treated,n_cubicles,205.0,0.0
2997,203,61,1,resource_use,treatment_begins,274.325287938145,2.0,1,2.0,288,,205,175.0,Being Treated,n_cubicles,195.0,0.0
2998,206,23,2,resource_use,treatment_begins,275.2058178030438,4.0,1,3.0,288,,205,175.0,Being Treated,n_cubicles,175.0,0.0
2999,209,24,2,resource_use,treatment_begins,279.6254685109471,3.0,1,4.0,288,,205,175.0,Being Treated,n_cubicles,185.0,0.0
3034,200,57,1,resource_use,treatment_begins,273.1198644749171,1.0,1,1.0,290,,205,175.0,Being Treated,n_cubicles,205.0,0.0
3035,203,61,1,resource_use,treatment_begins,274.325287938145,2.0,1,2.0,290,,205,175.0,Being Treated,n_cubicles,195.0,0.0
3036,206,23,2,resource_use,treatment_begins,275.2058178030438,4.0,1,3.0,290,,205,175.0,Being Treated,n_cubicles,175.0,0.0
3037,209,24,2,resource_use,treatment_begins,279.6254685109471,3.0,1,4.0,290,,205,175.0,Being Treated,n_cubicles,185.0,0.0
3072,200,57,1,resource_use,treatment_begins,273.1198644749171,1.0,1,1.0,292,,205,175.0,Being Treated,n_cubicles,205.0,0.0
3073,203,61,1,resource_use,treatment_begins,274.325287938145,2.0,1,2.0,292,,205,175.0,Being Treated,n_cubicles,195.0,0.0
3074,206,23,2,resource_use,treatment_begins,275.2058178030438,4.0,1,3.0,292,,205,175.0,Being Treated,n_cubicles,175.0,0.0
3075,209,24,2,resource_use,treatment_begins,279.6254685109471,3.0,1,4.0,292,,205,175.0,Being Treated,n_cubicles,185.0,0.0
3110,200,57,1,resource_use,treatment_begins,273.1198644749171,1.0,1,1.0,294,,205,175.0,Being Treated,n_cubicles,205.0,0.0
3111,203,61,1,resource_use,treatment_begins,274.325287938145,2.0,1,2.0,294,,205,175.0,Being Treated,n_cubicles,195.0,0.0
3112,206,23,2,resource_use,treatment_begins,275.2058178030438,4.0,1,3.0,294,,205,175.0,Being Treated,n_cubicles,175.0,0.0
3113,209,24,2,resource_use,treatment_begins,279.6254685109471,3.0,1,4.0,294,,205,175.0,Being Treated,n_cubicles,185.0,0.0
3149,200,57,1,resource_use,treatment_begins,273.1198644749171,1.0,1,1.0,296,,205,175.0,Being Treated,n_cubicles,205.0,0.0
3150,203,61,1,resource_use,treatment_begins,274.325287938145,2.0,1,2.0,296,,205,175.0,Being Treated,n_cubicles,195.0,0.0
3151,206,23,2,resource_use,treatment_begins,275.2058178030438,4.0,1,3.0,296,,205,175.0,Being Treated,n_cubicles,175.0,0.0
3152,209,24,2,resource_use,treatment_begins,279.6254685109471,3.0,1,4.0,296,,205,175.0,Being Treated,n_cubicles,185.0,0.0
3188,200,57,1,resource_use,treatment_begins,273.1198644749171,1.0,1,1.0,298,,205,175.0,Being Treated,n_cubicles,205.0,0.0
3189,203,61,1,resource_use,treatment_begins,274.325287938145,2.0,1,2.0,298,,205,175.0,Being Treated,n_cubicles,195.0,0.0
3190,206,23,2,resource_use,treatment_begins,275.2058178030438,4.0,1,3.0,298,,205,175.0,Being Treated,n_cubicles,175.0,0.0
3191,209,24,2,resource_use,treatment_begins,279.6254685109471,3.0,1,4.0,298,,205,175.0,Being Treated,n_cubicles,185.0,0.0
3227,200,57,1,resource_use,treatment_begins,273.1198644749171,1.0,1,1.0,300,,205,175.0,Being Treated,n_cubicles,205.0,0.0
3228,203,61,1,resource_use,treatment_begins,274.325287938145,2.0,1,2.0,300,,205,175.0,Being Treated,n_cubicles,195.0,0.0
3229,206,23,2,resource_use,treatment_begins,275.2058178030438,4.0,1,3.0,300,,205,175.0,Being Treated,n_cubicles,175.0,0.0
3230,209,24,2,resource_use,treatment_begins,279.6254685109471,3.0,1,4.0,300,,205,175.0,Being Treated,n_cubicles,185.0,0.0
3266,200,57,1,resource_use,treatment_begins,273.1198644749171,1.0,1,1.0,302,,205,175.0,Being Treated,n_cubicles,205.0,0.0
3267,203,61,1,resource_use,treatment_begins,274.325287938145,2.0,1,2.0,302,,205,175.0,Being Treated,n_cubicles,195.0,0.0
3268,206,23,2,resource_use,treatment_begins,275.2058178030438,4.0,1,3.0,302,,205,175.0,Being Treated,n_cubicles,175.0,0.0
3269,209,24,2,resource_use,treatment_begins,279.6254685109471,3.0,1,4.0,302,,205,175.0,Being Treated,n_cubicles,185.0,0.0
3305,200,57,1,resource_use,treatment_begins,273.1198644749171,1.0,1,1.0,304,,205,175.0,Being Treated,n_cubicles,205.0,0.0
3306,203,61,1,resource_use,treatment_begins,274.325287938145,2.0,1,2.0,304,,205,175.0,Being Treated,n_cubicles,195.0,0.0
3307,206,23,2,resource_use,treatment_begins,275.2058178030438,4.0,1,3.0,304,,205,175.0,Being Treated,n_cubicles,175.0,0.0
3308,209,24,2,resource_use,treatment_begins,279.6254685109471,3.0,1,4.0,304,,205,175.0,Being Treated,n_cubicles,185.0,0.0
3345,200,57,1,resource_use,treatment_begins,273.1198644749171,1.0,1,1.0,306,,205,175.0,Being Treated,n_cubicles,205.0,0.0
3346,203,61,1,resource_use,treatment_begins,274.325287938145,2.0,1,2.0,306,,205,175.0,Being Treated,n_cubicles,195.0,0.0
3347,206,23,2,resource_use,treatment_begins,275.2058178030438,4.0,1,3.0,306,,205,175.0,Being Treated,n_cubicles,175.0,0.0
3348,209,24,2,resource_use,treatment_begins,279.6254685109471,3.0,1,4.0,306,,205,175.0,Being Treated,n_cubicles,185.0,0.0
3385,200,57,1,resource_use,treatment_begins,273.1198644749171,1.0,1,1.0,308,,205,175.0,Being Treated,n_cubicles,205.0,0.0
3386,203,61,1,resource_use,treatment_begins,274.325287938145,2.0,1,2.0,308,,205,175.0,Being Treated,n_cubicles,195.0,0.0
3387,206,23,2,resource_use,treatment_begins,275.2058178030438,4.0,1,3.0,308,,205,175.0,Being Treated,n_cubicles,175.0,0.0
3388,209,24,2,resource_use,treatment_begins,279.6254685109471,3.0,1,4.0,308,,205,175.0,Being Treated,n_cubicles,185.0,0.0
3425,200,57,1,resource_use,treatment_begins,273.1198644749171,1.0,1,1.0,310,,205,175.0,Being Treated,n_cubicles,205.0,0.0
3426,203,61,1,resource_use,treatment_begins,274.325287938145,2.0,1,2.0,310,,205,175.0,Being Treated,n_cubicles,195.0,0.0
3427,206,23,2,resource_use,treatment_begins,275.2058178030438,4.0,1,3.0,310,,205,175.0,Being Treated,n_cubicles,175.0,0.0
3428,209,24,2,resource_use,treatment_begins,279.6254685109471,3.0,1,4.0,310,,205,175.0,Being Treated,n_cubicles,185.0,0.0
3465,200,57,1,resource_use,treatment_begins,273.1198644749171,1.0,1,1.0,312,,205,175.0,Being Treated,n_cubicles,205.0,0.0
3466,203,61,1,resource_use,treatment_begins,274.325287938145,2.0,1,2.0,312,,205,175.0,Being Treated,n_cubicles,195.0,0.0
3467,206,23,2,resource_use,treatment_begins,275.2058178030438,4.0,1,3.0,312,,205,175.0,Being Treated,n_cubicles,175.0,0.0
3468,209,24,2,resource_use,treatment_begins,279.6254685109471,3.0,1,4.0,312,,205,175.0,Being Treated,n_cubicles,185.0,0.0
3505,200,57,1,resource_use,treatment_begins,273.1198644749171,1.0,1,1.0,314,,205,175.0,Being Treated,n_cubicles,205.0,0.0
3506,203,61,1,resource_use,treatment_begins,274.325287938145,2.0,1,2.0,314,,205,175.0,Being Treated,n_cubicles,195.0,0.0
3507,206,23,2,resource_use,treatment_begins,275.2058178030438,4.0,1,3.0,314,,205,175.0,Being Treated,n_cubicles,175.0,0.0
3508,209,24,2,resource_use,treatment_begins,279.6254685109471,3.0,1,4.0,314,,205,175.0,Being Treated,n_cubicles,185.0,0.0
3548,206,23,2,resource_use,treatment_begins,275.2058178030438,4.0,1,1.0,316,,205,175.0,Being Treated,n_cubicles,175.0,0.0
3549,209,24,2,resource_use,treatment_begins,279.6254685109471,3.0,1,2.0,316,,205,175.0,Being Treated,n_cubicles,185.0,0.0
3550,218,25,2,resource_use,treatment_begins,315.53088597047247,1.0,1,3.0,316,,205,175.0,Being Treated,n_cubicles,205.0,0.0
3551,221,26,2,resource_use,treatment_begins,315.86421229409024,2.0,1,4.0,316,,205,175.0,Being Treated,n_cubicles,195.0,0.0
3588,209,24,2,resource_use,treatment_begins,279.6254685109471,3.0,1,1.0,318,,205,175.0,Being Treated,n_cubicles,185.0,0.0
3589,218,25,2,resource_use,treatment_begins,315.53088597047247,1.0,1,2.0,318,,205,175.0,Being Treated,n_cubicles,205.0,0.0
3590,221,26,2,resource_use,treatment_begins,315.86421229409024,2.0,1,3.0,318,,205,175.0,Being Treated,n_cubicles,195.0,0.0
3591,224,28,2,resource_use,treatment_begins,316.9900519816555,4.0,1,4.0,318,,205,175.0,Being Treated,n_cubicles,175.0,0.0
3627,209,24,2,resource_use,treatment_begins,279.6254685109471,3.0,1,1.0,320,,205,175.0,Being Treated,n_cubicles,185.0,0.0
3628,218,25,2,resource_use,treatment_begins,315.53088597047247,1.0,1,2.0,320,,205,175.0,Being Treated,n_cubicles,205.0,0.0
3629,221,26,2,resource_use,treatment_begins,315.86421229409024,2.0,1,3.0,320,,205,175.0,Being Treated,n_cubicles,195.0,0.0
3630,224,28,2,resource_use,treatment_begins,316.9900519816555,4.0,1,4.0,320,,205,175.0,Being Treated,n_cubicles,175.0,0.0
3667,218,25,2,resource_use,treatment_begins,315.53088597047247,1.0,1,1.0,322,,205,175.0,Being Treated,n_cubicles,205.0,0.0
3668,221,26,2,resource_use,treatment_begins,315.86421229409024,2.0,1,2.0,322,,205,175.0,Being Treated,n_cubicles,195.0,0.0
3669,224,28,2,resource_use,treatment_begins,316.9900519816555,4.0,1,3.0,322,,205,175.0,Being Treated,n_cubicles,175.0,0.0
3670,233,29,2,resource_use,treatment_begins,321.50391899214605,3.0,1,4.0,322,,205,175.0,Being Treated,n_cubicles,185.0,0.0
3707,218,25,2,resource_use,treatment_begins,315.53088597047247,1.0,1,1.0,324,,205,175.0,Being Treated,n_cubicles,205.0,0.0
3708,221,26,2,resource_use,treatment_begins,315.86421229409024,2.0,1,2.0,324,,205,175.0,Being Treated,n_cubicles,195.0,0.0
3709,224,28,2,resource_use,treatment_begins,316.9900519816555,4.0,1,3.0,324,,205,175.0,Being Treated,n_cubicles,175.0,0.0
3710,233,29,2,resource_use,treatment_begins,321.50391899214605,3.0,1,4.0,324,,205,175.0,Being Treated,n_cubicles,185.0,0.0
3747,218,25,2,resource_use,treatment_begins,315.53088597047247,1.0,1,1.0,326,,205,175.0,Being Treated,n_cubicles,205.0,0.0
3748,221,26,2,resource_use,treatment_begins,315.86421229409024,2.0,1,2.0,326,,205,175.0,Being Treated,n_cubicles,195.0,0.0
3749,224,28,2,resource_use,treatment_begins,316.9900519816555,4.0,1,3.0,326,,205,175.0,Being Treated,n_cubicles,175.0,0.0
3750,233,29,2,resource_use,treatment_begins,321.50391899214605,3.0,1,4.0,326,,205,175.0,Being Treated,n_cubicles,185.0,0.0
3788,218,25,2,resource_use,treatment_begins,315.53088597047247,1.0,1,1.0,328,,205,175.0,Being Treated,n_cubicles,205.0,0.0
3789,221,26,2,resource_use,treatment_begins,315.86421229409024,2.0,1,2.0,328,,205,175.0,Being Treated,n_cubicles,195.0,0.0
3790,224,28,2,resource_use,treatment_begins,316.9900519816555,4.0,1,3.0,328,,205,175.0,Being Treated,n_cubicles,175.0,0.0
3791,233,29,2,resource_use,treatment_begins,321.50391899214605,3.0,1,4.0,328,,205,175.0,Being Treated,n_cubicles,185.0,0.0
3829,218,25,2,resource_use,treatment_begins,315.53088597047247,1.0,1,1.0,330,,205,175.0,Being Treated,n_cubicles,205.0,0.0
3830,221,26,2,resource_use,treatment_begins,315.86421229409024,2.0,1,2.0,330,,205,175.0,Being Treated,n_cubicles,195.0,0.0
3831,224,28,2,resource_use,treatment_begins,316.9900519816555,4.0,1,3.0,330,,205,175.0,Being Treated,n_cubicles,175.0,0.0
3832,233,29,2,resource_use,treatment_begins,321.50391899214605,3.0,1,4.0,330,,205,175.0,Being Treated,n_cubicles,185.0,0.0
3871,218,25,2,resource_use,treatment_begins,315.53088597047247,1.0,1,1.0,332,,205,175.0,Being Treated,n_cubicles,205.0,0.0
3872,221,26,2,resource_use,treatment_begins,315.86421229409024,2.0,1,2.0,332,,205,175.0,Being Treated,n_cubicles,195.0,0.0
3873,224,28,2,resource_use,treatment_begins,316.9900519816555,4.0,1,3.0,332,,205,175.0,Being Treated,n_cubicles,175.0,0.0
3874,233,29,2,resource_use,treatment_begins,321.50391899214605,3.0,1,4.0,332,,205,175.0,Being Treated,n_cubicles,185.0,0.0
3913,218,25,2,resource_use,treatment_begins,315.53088597047247,1.0,1,1.0,334,,205,175.0,Being Treated,n_cubicles,205.0,0.0
3914,221,26,2,resource_use,treatment_begins,315.86421229409024,2.0,1,2.0,334,,205,175.0,Being Treated,n_cubicles,195.0,0.0
3915,224,28,2,resource_use,treatment_begins,316.9900519816555,4.0,1,3.0,334,,205,175.0,Being Treated,n_cubicles,175.0,0.0
3916,233,29,2,resource_use,treatment_begins,321.50391899214605,3.0,1,4.0,334,,205,175.0,Being Treated,n_cubicles,185.0,0.0
3955,218,25,2,resource_use,treatment_begins,315.53088597047247,1.0,1,1.0,336,,205,175.0,Being Treated,n_cubicles,205.0,0.0
3956,221,26,2,resource_use,treatment_begins,315.86421229409024,2.0,1,2.0,336,,205,175.0,Being Treated,n_cubicles,195.0,0.0
3957,224,28,2,resource_use,treatment_begins,316.9900519816555,4.0,1,3.0,336,,205,175.0,Being Treated,n_cubicles,175.0,0.0
3958,233,29,2,resource_use,treatment_begins,321.50391899214605,3.0,1,4.0,336,,205,175.0,Being Treated,n_cubicles,185.0,0.0
3998,218,25,2,resource_use,treatment_begins,315.53088597047247,1.0,1,1.0,338,,205,175.0,Being Treated,n_cubicles,205.0,0.0
3999,221,26,2,resource_use,treatment_begins,315.86421229409024,2.0,1,2.0,338,,205,175.0,Being Treated,n_cubicles,195.0,0.0
4000,224,28,2,resource_use,treatment_begins,316.9900519816555,4.0,1,3.0,338,,205,175.0,Being Treated,n_cubicles,175.0,0.0
4001,233,29,2,resource_use,treatment_begins,321.50391899214605,3.0,1,4.0,338,,205,175.0,Being Treated,n_cubicles,185.0,0.0
4041,218,25,2,resource_use,treatment_begins,315.53088597047247,1.0,1,1.0,340,,205,175.0,Being Treated,n_cubicles,205.0,0.0
4042,221,26,2,resource_use,treatment_begins,315.86421229409024,2.0,1,2.0,340,,205,175.0,Being Treated,n_cubicles,195.0,0.0
4043,224,28,2,resource_use,treatment_begins,316.9900519816555,4.0,1,3.0,340,,205,175.0,Being Treated,n_cubicles,175.0,0.0
4044,233,29,2,resource_use,treatment_begins,321.50391899214605,3.0,1,4.0,340,,205,175.0,Being Treated,n_cubicles,185.0,0.0
4084,218,25,2,resource_use,treatment_begins,315.53088597047247,1.0,1,1.0,342,,205,175.0,Being Treated,n_cubicles,205.0,0.0
4085,221,26,2,resource_use,treatment_begins,315.86421229409024,2.0,1,2.0,342,,205,175.0,Being Treated,n_cubicles,195.0,0.0
4086,224,28,2,resource_use,treatment_begins,316.9900519816555,4.0,1,3.0,342,,205,175.0,Being Treated,n_cubicles,175.0,0.0
4087,233,29,2,resource_use,treatment_begins,321.50391899214605,3.0,1,4.0,342,,205,175.0,Being Treated,n_cubicles,185.0,0.0
4127,218,25,2,resource_use,treatment_begins,315.53088597047247,1.0,1,1.0,344,,205,175.0,Being Treated,n_cubicles,205.0,0.0
4128,221,26,2,resource_use,treatment_begins,315.86421229409024,2.0,1,2.0,344,,205,175.0,Being Treated,n_cubicles,195.0,0.0
4129,224,28,2,resource_use,treatment_begins,316.9900519816555,4.0,1,3.0,344,,205,175.0,Being Treated,n_cubicles,175.0,0.0
4130,233,29,2,resource_use,treatment_begins,321.50391899214605,3.0,1,4.0,344,,205,175.0,Being Treated,n_cubicles,185.0,0.0
4170,218,25,2,resource_use,treatment_begins,315.53088597047247,1.0,1,1.0,346,,205,175.0,Being Treated,n_cubicles,205.0,0.0
4171,221,26,2,resource_use,treatment_begins,315.86421229409024,2.0,1,2.0,346,,205,175.0,Being Treated,n_cubicles,195.0,0.0
4172,224,28,2,resource_use,treatment_begins,316.9900519816555,4.0,1,3.0,346,,205,175.0,Being Treated,n_cubicles,175.0,0.0
4173,233,29,2,resource_use,treatment_begins,321.50391899214605,3.0,1,4.0,346,,205,175.0,Being Treated,n_cubicles,185.0,0.0
4213,218,25,2,resource_use,treatment_begins,315.53088597047247,1.0,1,1.0,348,,205,175.0,Being Treated,n_cubicles,205.0,0.0
4214,221,26,2,resource_use,treatment_begins,315.86421229409024,2.0,1,2.0,348,,205,175.0,Being Treated,n_cubicles,195.0,0.0
4215,224,28,2,resource_use,treatment_begins,316.9900519816555,4.0,1,3.0,348,,205,175.0,Being Treated,n_cubicles,175.0,0.0
4216,233,29,2,resource_use,treatment_begins,321.50391899214605,3.0,1,4.0,348,,205,175.0,Being Treated,n_cubicles,185.0,0.0
4259,218,25,2,resource_use,treatment_begins,315.53088597047247,1.0,1,1.0,350,,205,175.0,Being Treated,n_cubicles,205.0,0.0
4260,221,26,2,resource_use,treatment_begins,315.86421229409024,2.0,1,2.0,350,,205,175.0,Being Treated,n_cubicles,195.0,0.0
4261,224,28,2,resource_use,treatment_begins,316.9900519816555,4.0,1,3.0,350,,205,175.0,Being Treated,n_cubicles,175.0,0.0
4262,233,29,2,resource_use,treatment_begins,321.50391899214605,3.0,1,4.0,350,,205,175.0,Being Treated,n_cubicles,185.0,0.0
4305,218,25,2,resource_use,treatment_begins,315.53088597047247,1.0,1,1.0,352,,205,175.0,Being Treated,n_cubicles,205.0,0.0
4306,221,26,2,resource_use,treatment_begins,315.86421229409024,2.0,1,2.0,352,,205,175.0,Being Treated,n_cubicles,195.0,0.0
4307,224,28,2,resource_use,treatment_begins,316.9900519816555,4.0,1,3.0,352,,205,175.0,Being Treated,n_cubicles,175.0,0.0
4308,233,29,2,resource_use,treatment_begins,321.50391899214605,3.0,1,4.0,352,,205,175.0,Being Treated,n_cubicles,185.0,0.0
4352,218,25,2,resource_use,treatment_begins,315.53088597047247,1.0,1,1.0,354,,205,175.0,Being Treated,n_cubicles,205.0,0.0
4353,224,28,2,resource_use,treatment_begins,316.9900519816555,4.0,1,2.0,354,,205,175.0,Being Treated,n_cubicles,175.0,0.0
4354,233,29,2,resource_use,treatment_begins,321.50391899214605,3.0,1,3.0,354,,205,175.0,Being Treated,n_cubicles,185.0,0.0
4355,250,72,1,resource_use,treatment_begins,353.5967301978835,2.0,1,4.0,354,,205,175.0,Being Treated,n_cubicles,195.0,0.0
4399,218,25,2,resource_use,treatment_begins,315.53088597047247,1.0,1,1.0,356,,205,175.0,Being Treated,n_cubicles,205.0,0.0
4400,233,29,2,resource_use,treatment_begins,321.50391899214605,3.0,1,2.0,356,,205,175.0,Being Treated,n_cubicles,185.0,0.0
4401,250,72,1,resource_use,treatment_begins,353.5967301978835,2.0,1,3.0,356,,205,175.0,Being Treated,n_cubicles,195.0,0.0
4402,253,73,1,resource_use,treatment_begins,354.2286216557717,4.0,1,4.0,356,,205,175.0,Being Treated,n_cubicles,175.0,0.0
4445,218,25,2,resource_use,treatment_begins,315.53088597047247,1.0,1,1.0,358,,205,175.0,Being Treated,n_cubicles,205.0,0.0
4446,250,72,1,resource_use,treatment_begins,353.5967301978835,2.0,1,2.0,358,,205,175.0,Being Treated,n_cubicles,195.0,0.0
4447,253,73,1,resource_use,treatment_begins,354.2286216557717,4.0,1,3.0,358,,205,175.0,Being Treated,n_cubicles,175.0,0.0
4448,256,30,2,resource_use,treatment_begins,357.37027837937836,3.0,1,4.0,358,,205,175.0,Being Treated,n_cubicles,185.0,0.0
4489,218,25,2,resource_use,treatment_begins,315.53088597047247,1.0,1,1.0,360,,205,175.0,Being Treated,n_cubicles,205.0,0.0
4490,250,72,1,resource_use,treatment_begins,353.5967301978835,2.0,1,2.0,360,,205,175.0,Being Treated,n_cubicles,195.0,0.0
4491,253,73,1,resource_use,treatment_begins,354.2286216557717,4.0,1,3.0,360,,205,175.0,Being Treated,n_cubicles,175.0,0.0
4492,256,30,2,resource_use,treatment_begins,357.37027837937836,3.0,1,4.0,360,,205,175.0,Being Treated,n_cubicles,185.0,0.0
4533,218,25,2,resource_use,treatment_begins,315.53088597047247,1.0,1,1.0,362,,205,175.0,Being Treated,n_cubicles,205.0,0.0
4534,250,72,1,resource_use,treatment_begins,353.5967301978835,2.0,1,2.0,362,,205,175.0,Being Treated,n_cubicles,195.0,0.0
4535,253,73,1,resource_use,treatment_begins,354.2286216557717,4.0,1,3.0,362,,205,175.0,Being Treated,n_cubicles,175.0,0.0
4536,256,30,2,resource_use,treatment_begins,357.37027837937836,3.0,1,4.0,362,,205,175.0,Being Treated,n_cubicles,185.0,0.0
4577,218,25,2,resource_use,treatment_begins,315.53088597047247,1.0,1,1.0,364,,205,175.0,Being Treated,n_cubicles,205.0,0.0
4578,250,72,1,resource_use,treatment_begins,353.5967301978835,2.0,1,2.0,364,,205,175.0,Being Treated,n_cubicles,195.0,0.0
4579,253,73,1,resource_use,treatment_begins,354.2286216557717,4.0,1,3.0,364,,205,175.0,Being Treated,n_cubicles,175.0,0.0
4580,256,30,2,resource_use,treatment_begins,357.37027837937836,3.0,1,4.0,364,,205,175.0,Being Treated,n_cubicles,185.0,0.0
4621,218,25,2,resource_use,treatment_begins,315.53088597047247,1.0,1,1.0,366,,205,175.0,Being Treated,n_cubicles,205.0,0.0
4622,250,72,1,resource_use,treatment_begins,353.5967301978835,2.0,1,2.0,366,,205,175.0,Being Treated,n_cubicles,195.0,0.0
4623,253,73,1,resource_use,treatment_begins,354.2286216557717,4.0,1,3.0,366,,205,175.0,Being Treated,n_cubicles,175.0,0.0
4624,256,30,2,resource_use,treatment_begins,357.37027837937836,3.0,1,4.0,366,,205,175.0,Being Treated,n_cubicles,185.0,0.0
4667,250,72,1,resource_use,treatment_begins,353.5967301978835,2.0,1,1.0,368,,205,175.0,Being Treated,n_cubicles,195.0,0.0
4668,253,73,1,resource_use,treatment_begins,354.2286216557717,4.0,1,2.0,368,,205,175.0,Being Treated,n_cubicles,175.0,0.0
4669,256,30,2,resource_use,treatment_begins,357.37027837937836,3.0,1,3.0,368,,205,175.0,Being Treated,n_cubicles,185.0,0.0
4670,261,78,1,resource_use,treatment_begins,367.35193108649406,1.0,1,4.0,368,,205,175.0,Being Treated,n_cubicles,205.0,0.0
4711,250,72,1,resource_use,treatment_begins,353.5967301978835,2.0,1,1.0,370,,205,175.0,Being Treated,n_cubicles,195.0,0.0
4712,253,73,1,resource_use,treatment_begins,354.2286216557717,4.0,1,2.0,370,,205,175.0,Being Treated,n_cubicles,175.0,0.0
4713,256,30,2,resource_use,treatment_begins,357.37027837937836,3.0,1,3.0,370,,205,175.0,Being Treated,n_cubicles,185.0,0.0
4714,261,78,1,resource_use,treatment_begins,367.35193108649406,1.0,1,4.0,370,,205,175.0,Being Treated,n_cubicles,205.0,0.0
4756,250,72,1,resource_use,treatment_begins,353.5967301978835,2.0,1,1.0,372,,205,175.0,Being Treated,n_cubicles,195.0,0.0
4757,253,73,1,resource_use,treatment_begins,354.2286216557717,4.0,1,2.0,372,,205,175.0,Being Treated,n_cubicles,175.0,0.0
4758,256,30,2,resource_use,treatment_begins,357.37027837937836,3.0,1,3.0,372,,205,175.0,Being Treated,n_cubicles,185.0,0.0
4759,261,78,1,resource_use,treatment_begins,367.35193108649406,1.0,1,4.0,372,,205,175.0,Being Treated,n_cubicles,205.0,0.0
4801,250,72,1,resource_use,treatment_begins,353.5967301978835,2.0,1,1.0,374,,205,175.0,Being Treated,n_cubicles,195.0,0.0
4802,253,73,1,resource_use,treatment_begins,354.2286216557717,4.0,1,2.0,374,,205,175.0,Being Treated,n_cubicles,175.0,0.0
4803,256,30,2,resource_use,treatment_begins,357.37027837937836,3.0,1,3.0,374,,205,175.0,Being Treated,n_cubicles,185.0,0.0
4804,261,78,1,resource_use,treatment_begins,367.35193108649406,1.0,1,4.0,374,,205,175.0,Being Treated,n_cubicles,205.0,0.0
4846,250,72,1,resource_use,treatment_begins,353.5967301978835,2.0,1,1.0,376,,205,175.0,Being Treated,n_cubicles,195.0,0.0
4847,253,73,1,resource_use,treatment_begins,354.2286216557717,4.0,1,2.0,376,,205,175.0,Being Treated,n_cubicles,175.0,0.0
4848,256,30,2,resource_use,treatment_begins,357.37027837937836,3.0,1,3.0,376,,205,175.0,Being Treated,n_cubicles,185.0,0.0
4849,261,78,1,resource_use,treatment_begins,367.35193108649406,1.0,1,4.0,376,,205,175.0,Being Treated,n_cubicles,205.0,0.0
4891,250,72,1,resource_use,treatment_begins,353.5967301978835,2.0,1,1.0,378,,205,175.0,Being Treated,n_cubicles,195.0,0.0
4892,253,73,1,resource_use,treatment_begins,354.2286216557717,4.0,1,2.0,378,,205,175.0,Being Treated,n_cubicles,175.0,0.0
4893,256,30,2,resource_use,treatment_begins,357.37027837937836,3.0,1,3.0,378,,205,175.0,Being Treated,n_cubicles,185.0,0.0
4894,261,78,1,resource_use,treatment_begins,367.35193108649406,1.0,1,4.0,378,,205,175.0,Being Treated,n_cubicles,205.0,0.0
4936,250,72,1,resource_use,treatment_begins,353.5967301978835,2.0,1,1.0,380,,205,175.0,Being Treated,n_cubicles,195.0,0.0
4937,253,73,1,resource_use,treatment_begins,354.2286216557717,4.0,1,2.0,380,,205,175.0,Being Treated,n_cubicles,175.0,0.0
4938,256,30,2,resource_use,treatment_begins,357.37027837937836,3.0,1,3.0,380,,205,175.0,Being Treated,n_cubicles,185.0,0.0
4939,261,78,1,resource_use,treatment_begins,367.35193108649406,1.0,1,4.0,380,,205,175.0,Being Treated,n_cubicles,205.0,0.0
4981,250,72,1,resource_use,treatment_begins,353.5967301978835,2.0,1,1.0,382,,205,175.0,Being Treated,n_cubicles,195.0,0.0
4982,253,73,1,resource_use,treatment_begins,354.2286216557717,4.0,1,2.0,382,,205,175.0,Being Treated,n_cubicles,175.0,0.0
4983,256,30,2,resource_use,treatment_begins,357.37027837937836,3.0,1,3.0,382,,205,175.0,Being Treated,n_cubicles,185.0,0.0
4984,261,78,1,resource_use,treatment_begins,367.35193108649406,1.0,1,4.0,382,,205,175.0,Being Treated,n_cubicles,205.0,0.0
5027,250,72,1,resource_use,treatment_begins,353.5967301978835,2.0,1,1.0,384,,205,175.0,Being Treated,n_cubicles,195.0,0.0
5028,253,73,1,resource_use,treatment_begins,354.2286216557717,4.0,1,2.0,384,,205,175.0,Being Treated,n_cubicles,175.0,0.0
5029,256,30,2,resource_use,treatment_begins,357.37027837937836,3.0,1,3.0,384,,205,175.0,Being Treated,n_cubicles,185.0,0.0
5030,261,78,1,resource_use,treatment_begins,367.35193108649406,1.0,1,4.0,384,,205,175.0,Being Treated,n_cubicles,205.0,0.0
5074,250,72,1,resource_use,treatment_begins,353.5967301978835,2.0,1,1.0,386,,205,175.0,Being Treated,n_cubicles,195.0,0.0
5075,253,73,1,resource_use,treatment_begins,354.2286216557717,4.0,1,2.0,386,,205,175.0,Being Treated,n_cubicles,175.0,0.0
5076,256,30,2,resource_use,treatment_begins,357.37027837937836,3.0,1,3.0,386,,205,175.0,Being Treated,n_cubicles,185.0,0.0
5077,261,78,1,resource_use,treatment_begins,367.35193108649406,1.0,1,4.0,386,,205,175.0,Being Treated,n_cubicles,205.0,0.0
5121,250,72,1,resource_use,treatment_begins,353.5967301978835,2.0,1,1.0,388,,205,175.0,Being Treated,n_cubicles,195.0,0.0
5122,253,73,1,resource_use,treatment_begins,354.2286216557717,4.0,1,2.0,388,,205,175.0,Being Treated,n_cubicles,175.0,0.0
5123,256,30,2,resource_use,treatment_begins,357.37027837937836,3.0,1,3.0,388,,205,175.0,Being Treated,n_cubicles,185.0,0.0
5124,261,78,1,resource_use,treatment_begins,367.35193108649406,1.0,1,4.0,388,,205,175.0,Being Treated,n_cubicles,205.0,0.0
5168,250,72,1,resource_use,treatment_begins,353.5967301978835,2.0,1,1.0,390,,205,175.0,Being Treated,n_cubicles,195.0,0.0
5169,253,73,1,resource_use,treatment_begins,354.2286216557717,4.0,1,2.0,390,,205,175.0,Being Treated,n_cubicles,175.0,0.0
5170,256,30,2,resource_use,treatment_begins,357.37027837937836,3.0,1,3.0,390,,205,175.0,Being Treated,n_cubicles,185.0,0.0
5171,261,78,1,resource_use,treatment_begins,367.35193108649406,1.0,1,4.0,390,,205,175.0,Being Treated,n_cubicles,205.0,0.0
5215,250,72,1,resource_use,treatment_begins,353.5967301978835,2.0,1,1.0,392,,205,175.0,Being Treated,n_cubicles,195.0,0.0
5216,253,73,1,resource_use,treatment_begins,354.2286216557717,4.0,1,2.0,392,,205,175.0,Being Treated,n_cubicles,175.0,0.0
5217,256,30,2,resource_use,treatment_begins,357.37027837937836,3.0,1,3.0,392,,205,175.0,Being Treated,n_cubicles,185.0,0.0
5218,261,78,1,resource_use,treatment_begins,367.35193108649406,1.0,1,4.0,392,,205,175.0,Being Treated,n_cubicles,205.0,0.0
5264,250,72,1,resource_use,treatment_begins,353.5967301978835,2.0,1,1.0,394,,205,175.0,Being Treated,n_cubicles,195.0,0.0
5265,253,73,1,resource_use,treatment_begins,354.2286216557717,4.0,1,2.0,394,,205,175.0,Being Treated,n_cubicles,175.0,0.0
5266,256,30,2,resource_use,treatment_begins,357.37027837937836,3.0,1,3.0,394,,205,175.0,Being Treated,n_cubicles,185.0,0.0
5267,261,78,1,resource_use,treatment_begins,367.35193108649406,1.0,1,4.0,394,,205,175.0,Being Treated,n_cubicles,205.0,0.0
5314,250,72,1,resource_use,treatment_begins,353.5967301978835,2.0,1,1.0,396,,205,175.0,Being Treated,n_cubicles,195.0,0.0
5315,253,73,1,resource_use,treatment_begins,354.2286216557717,4.0,1,2.0,396,,205,175.0,Being Treated,n_cubicles,175.0,0.0
5316,256,30,2,resource_use,treatment_begins,357.37027837937836,3.0,1,3.0,396,,205,175.0,Being Treated,n_cubicles,185.0,0.0
5317,261,78,1,resource_use,treatment_begins,367.35193108649406,1.0,1,4.0,396,,205,175.0,Being Treated,n_cubicles,205.0,0.0
5366,253,73,1,resource_use,treatment_begins,354.2286216557717,4.0,1,1.0,398,,205,175.0,Being Treated,n_cubicles,175.0,0.0
5367,261,78,1,resource_use,treatment_begins,367.35193108649406,1.0,1,2.0,398,,205,175.0,Being Treated,n_cubicles,205.0,0.0
5368,282,31,2,resource_use,treatment_begins,396.45191071385847,2.0,1,3.0,398,,205,175.0,Being Treated,n_cubicles,195.0,0.0
5369,285,32,2,resource_use,treatment_begins,396.50222181208954,3.0,1,4.0,398,,205,175.0,Being Treated,n_cubicles,185.0,0.0
5417,261,78,1,resource_use,treatment_begins,367.35193108649406,1.0,1,1.0,400,,205,175.0,Being Treated,n_cubicles,205.0,0.0
5418,282,31,2,resource_use,treatment_begins,396.45191071385847,2.0,1,2.0,400,,205,175.0,Being Treated,n_cubicles,195.0,0.0
5419,285,32,2,resource_use,treatment_begins,396.50222181208954,3.0,1,3.0,400,,205,175.0,Being Treated,n_cubicles,185.0,0.0
5420,288,33,2,resource_use,treatment_begins,399.91052623913504,4.0,1,4.0,400,,205,175.0,Being Treated,n_cubicles,175.0,0.0
5467,261,78,1,resource_use,treatment_begins,367.35193108649406,1.0,1,1.0,402,,205,175.0,Being Treated,n_cubicles,205.0,0.0
5468,282,31,2,resource_use,treatment_begins,396.45191071385847,2.0,1,2.0,402,,205,175.0,Being Treated,n_cubicles,195.0,0.0
5469,285,32,2,resource_use,treatment_begins,396.50222181208954,3.0,1,3.0,402,,205,175.0,Being Treated,n_cubicles,185.0,0.0
5470,288,33,2,resource_use,treatment_begins,399.91052623913504,4.0,1,4.0,402,,205,175.0,Being Treated,n_cubicles,175.0,0.0
5518,282,31,2,resource_use,treatment_begins,396.45191071385847,2.0,1,1.0,404,,205,175.0,Being Treated,n_cubicles,195.0,0.0
5519,285,32,2,resource_use,treatment_begins,396.50222181208954,3.0,1,2.0,404,,205,175.0,Being Treated,n_cubicles,185.0,0.0
5520,288,33,2,resource_use,treatment_begins,399.91052623913504,4.0,1,3.0,404,,205,175.0,Being Treated,n_cubicles,175.0,0.0
5521,293,34,2,resource_use,treatment_begins,403.1006558643084,1.0,1,4.0,404,,205,175.0,Being Treated,n_cubicles,205.0,0.0
5568,282,31,2,resource_use,treatment_begins,396.45191071385847,2.0,1,1.0,406,,205,175.0,Being Treated,n_cubicles,195.0,0.0
5569,285,32,2,resource_use,treatment_begins,396.50222181208954,3.0,1,2.0,406,,205,175.0,Being Treated,n_cubicles,185.0,0.0
5570,288,33,2,resource_use,treatment_begins,399.91052623913504,4.0,1,3.0,406,,205,175.0,Being Treated,n_cubicles,175.0,0.0
5571,293,34,2,resource_use,treatment_begins,403.1006558643084,1.0,1,4.0,406,,205,175.0,Being Treated,n_cubicles,205.0,0.0
5618,282,31,2,resource_use,treatment_begins,396.45191071385847,2.0,1,1.0,408,,205,175.0,Being Treated,n_cubicles,195.0,0.0
5619,285,32,2,resource_use,treatment_begins,396.50222181208954,3.0,1,2.0,408,,205,175.0,Being Treated,n_cubicles,185.0,0.0
5620,288,33,2,resource_use,treatment_begins,399.91052623913504,4.0,1,3.0,408,,205,175.0,Being Treated,n_cubicles,175.0,0.0
5621,293,34,2,resource_use,treatment_begins,403.1006558643084,1.0,1,4.0,408,,205,175.0,Being Treated,n_cubicles,205.0,0.0
5668,282,31,2,resource_use,treatment_begins,396.45191071385847,2.0,1,1.0,410,,205,175.0,Being Treated,n_cubicles,195.0,0.0
5669,285,32,2,resource_use,treatment_begins,396.50222181208954,3.0,1,2.0,410,,205,175.0,Being Treated,n_cubicles,185.0,0.0
5670,288,33,2,resource_use,treatment_begins,399.91052623913504,4.0,1,3.0,410,,205,175.0,Being Treated,n_cubicles,175.0,0.0
5671,293,34,2,resource_use,treatment_begins,403.1006558643084,1.0,1,4.0,410,,205,175.0,Being Treated,n_cubicles,205.0,0.0
5718,282,31,2,resource_use,treatment_begins,396.45191071385847,2.0,1,1.0,412,,205,175.0,Being Treated,n_cubicles,195.0,0.0
5719,285,32,2,resource_use,treatment_begins,396.50222181208954,3.0,1,2.0,412,,205,175.0,Being Treated,n_cubicles,185.0,0.0
5720,288,33,2,resource_use,treatment_begins,399.91052623913504,4.0,1,3.0,412,,205,175.0,Being Treated,n_cubicles,175.0,0.0
5721,293,34,2,resource_use,treatment_begins,403.1006558643084,1.0,1,4.0,412,,205,175.0,Being Treated,n_cubicles,205.0,0.0
5768,282,31,2,resource_use,treatment_begins,396.45191071385847,2.0,1,1.0,414,,205,175.0,Being Treated,n_cubicles,195.0,0.0
5769,285,32,2,resource_use,treatment_begins,396.50222181208954,3.0,1,2.0,414,,205,175.0,Being Treated,n_cubicles,185.0,0.0
5770,288,33,2,resource_use,treatment_begins,399.91052623913504,4.0,1,3.0,414,,205,175.0,Being Treated,n_cubicles,175.0,0.0
5771,293,34,2,resource_use,treatment_begins,403.1006558643084,1.0,1,4.0,414,,205,175.0,Being Treated,n_cubicles,205.0,0.0
5818,282,31,2,resource_use,treatment_begins,396.45191071385847,2.0,1,1.0,416,,205,175.0,Being Treated,n_cubicles,195.0,0.0
5819,285,32,2,resource_use,treatment_begins,396.50222181208954,3.0,1,2.0,416,,205,175.0,Being Treated,n_cubicles,185.0,0.0
5820,288,33,2,resource_use,treatment_begins,399.91052623913504,4.0,1,3.0,416,,205,175.0,Being Treated,n_cubicles,175.0,0.0
5821,293,34,2,resource_use,treatment_begins,403.1006558643084,1.0,1,4.0,416,,205,175.0,Being Treated,n_cubicles,205.0,0.0
5868,282,31,2,resource_use,treatment_begins,396.45191071385847,2.0,1,1.0,418,,205,175.0,Being Treated,n_cubicles,195.0,0.0
5869,285,32,2,resource_use,treatment_begins,396.50222181208954,3.0,1,2.0,418,,205,175.0,Being Treated,n_cubicles,185.0,0.0
5870,288,33,2,resource_use,treatment_begins,399.91052623913504,4.0,1,3.0,418,,205,175.0,Being Treated,n_cubicles,175.0,0.0
5871,293,34,2,resource_use,treatment_begins,403.1006558643084,1.0,1,4.0,418,,205,175.0,Being Treated,n_cubicles,205.0,0.0
5918,282,31,2,resource_use,treatment_begins,396.45191071385847,2.0,1,1.0,420,,205,175.0,Being Treated,n_cubicles,195.0,0.0
5919,285,32,2,resource_use,treatment_begins,396.50222181208954,3.0,1,2.0,420,,205,175.0,Being Treated,n_cubicles,185.0,0.0
5920,288,33,2,resource_use,treatment_begins,399.91052623913504,4.0,1,3.0,420,,205,175.0,Being Treated,n_cubicles,175.0,0.0
5921,293,34,2,resource_use,treatment_begins,403.1006558643084,1.0,1,4.0,420,,205,175.0,Being Treated,n_cubicles,205.0,0.0
5968,282,31,2,resource_use,treatment_begins,396.45191071385847,2.0,1,1.0,422,,205,175.0,Being Treated,n_cubicles,195.0,0.0
5969,285,32,2,resource_use,treatment_begins,396.50222181208954,3.0,1,2.0,422,,205,175.0,Being Treated,n_cubicles,185.0,0.0
5970,288,33,2,resource_use,treatment_begins,399.91052623913504,4.0,1,3.0,422,,205,175.0,Being Treated,n_cubicles,175.0,0.0
5971,293,34,2,resource_use,treatment_begins,403.1006558643084,1.0,1,4.0,422,,205,175.0,Being Treated,n_cubicles,205.0,0.0
6018,282,31,2,resource_use,treatment_begins,396.45191071385847,2.0,1,1.0,424,,205,175.0,Being Treated,n_cubicles,195.0,0.0
6019,285,32,2,resource_use,treatment_begins,396.50222181208954,3.0,1,2.0,424,,205,175.0,Being Treated,n_cubicles,185.0,0.0
6020,288,33,2,resource_use,treatment_begins,399.91052623913504,4.0,1,3.0,424,,205,175.0,Being Treated,n_cubicles,175.0,0.0
6021,293,34,2,resource_use,treatment_begins,403.1006558643084,1.0,1,4.0,424,,205,175.0,Being Treated,n_cubicles,205.0,0.0
6068,282,31,2,resource_use,treatment_begins,396.45191071385847,2.0,1,1.0,426,,205,175.0,Being Treated,n_cubicles,195.0,0.0
6069,285,32,2,resource_use,treatment_begins,396.50222181208954,3.0,1,2.0,426,,205,175.0,Being Treated,n_cubicles,185.0,0.0
6070,288,33,2,resource_use,treatment_begins,399.91052623913504,4.0,1,3.0,426,,205,175.0,Being Treated,n_cubicles,175.0,0.0
6071,293,34,2,resource_use,treatment_begins,403.1006558643084,1.0,1,4.0,426,,205,175.0,Being Treated,n_cubicles,205.0,0.0
6118,282,31,2,resource_use,treatment_begins,396.45191071385847,2.0,1,1.0,428,,205,175.0,Being Treated,n_cubicles,195.0,0.0
6119,285,32,2,resource_use,treatment_begins,396.50222181208954,3.0,1,2.0,428,,205,175.0,Being Treated,n_cubicles,185.0,0.0
6120,288,33,2,resource_use,treatment_begins,399.91052623913504,4.0,1,3.0,428,,205,175.0,Being Treated,n_cubicles,175.0,0.0
6121,293,34,2,resource_use,treatment_begins,403.1006558643084,1.0,1,4.0,428,,205,175.0,Being Treated,n_cubicles,205.0,0.0
6168,282,31,2,resource_use,treatment_begins,396.45191071385847,2.0,1,1.0,430,,205,175.0,Being Treated,n_cubicles,195.0,0.0
6169,285,32,2,resource_use,treatment_begins,396.50222181208954,3.0,1,2.0,430,,205,175.0,Being Treated,n_cubicles,185.0,0.0
6170,288,33,2,resource_use,treatment_begins,399.91052623913504,4.0,1,3.0,430,,205,175.0,Being Treated,n_cubicles,175.0,0.0
6171,293,34,2,resource_use,treatment_begins,403.1006558643084,1.0,1,4.0,430,,205,175.0,Being Treated,n_cubicles,205.0,0.0
6218,282,31,2,resource_use,treatment_begins,396.45191071385847,2.0,1,1.0,432,,205,175.0,Being Treated,n_cubicles,195.0,0.0
6219,285,32,2,resource_use,treatment_begins,396.50222181208954,3.0,1,2.0,432,,205,175.0,Being Treated,n_cubicles,185.0,0.0
6220,288,33,2,resource_use,treatment_begins,399.91052623913504,4.0,1,3.0,432,,205,175.0,Being Treated,n_cubicles,175.0,0.0
6221,293,34,2,resource_use,treatment_begins,403.1006558643084,1.0,1,4.0,432,,205,175.0,Being Treated,n_cubicles,205.0,0.0
6269,285,32,2,resource_use,treatment_begins,396.50222181208954,3.0,1,1.0,434,,205,175.0,Being Treated,n_cubicles,185.0,0.0
6270,288,33,2,resource_use,treatment_begins,399.91052623913504,4.0,1,2.0,434,,205,175.0,Being Treated,n_cubicles,175.0,0.0
6271,293,34,2,resource_use,treatment_begins,403.1006558643084,1.0,1,3.0,434,,205,175.0,Being Treated,n_cubicles,205.0,0.0
6272,312,92,1,resource_use,treatment_begins,432.27047862841533,2.0,1,4.0,434,,205,175.0,Being Treated,n_cubicles,195.0,0.0
6319,285,32,2,resource_use,treatment_begins,396.50222181208954,3.0,1,1.0,436,,205,175.0,Being Treated,n_cubicles,185.0,0.0
6320,288,33,2,resource_use,treatment_begins,399.91052623913504,4.0,1,2.0,436,,205,175.0,Being Treated,n_cubicles,175.0,0.0
6321,293,34,2,resource_use,treatment_begins,403.1006558643084,1.0,1,3.0,436,,205,175.0,Being Treated,n_cubicles,205.0,0.0
6322,312,92,1,resource_use,treatment_begins,432.27047862841533,2.0,1,4.0,436,,205,175.0,Being Treated,n_cubicles,195.0,0.0
6369,285,32,2,resource_use,treatment_begins,396.50222181208954,3.0,1,1.0,438,,205,175.0,Being Treated,n_cubicles,185.0,0.0
6370,288,33,2,resource_use,treatment_begins,399.91052623913504,4.0,1,2.0,438,,205,175.0,Being Treated,n_cubicles,175.0,0.0
6371,293,34,2,resource_use,treatment_begins,403.1006558643084,1.0,1,3.0,438,,205,175.0,Being Treated,n_cubicles,205.0,0.0
6372,312,92,1,resource_use,treatment_begins,432.27047862841533,2.0,1,4.0,438,,205,175.0,Being Treated,n_cubicles,195.0,0.0
6420,288,33,2,resource_use,treatment_begins,399.91052623913504,4.0,1,1.0,440,,205,175.0,Being Treated,n_cubicles,175.0,0.0
6421,293,34,2,resource_use,treatment_begins,403.1006558643084,1.0,1,2.0,440,,205,175.0,Being Treated,n_cubicles,205.0,0.0
6422,312,92,1,resource_use,treatment_begins,432.27047862841533,2.0,1,3.0,440,,205,175.0,Being Treated,n_cubicles,195.0,0.0
6423,323,35,2,resource_use,treatment_begins,439.54250294568897,3.0,1,4.0,440,,205,175.0,Being Treated,n_cubicles,185.0,0.0
6470,288,33,2,resource_use,treatment_begins,399.91052623913504,4.0,1,1.0,442,,205,175.0,Being Treated,n_cubicles,175.0,0.0
6471,293,34,2,resource_use,treatment_begins,403.1006558643084,1.0,1,2.0,442,,205,175.0,Being Treated,n_cubicles,205.0,0.0
6472,312,92,1,resource_use,treatment_begins,432.27047862841533,2.0,1,3.0,442,,205,175.0,Being Treated,n_cubicles,195.0,0.0
6473,323,35,2,resource_use,treatment_begins,439.54250294568897,3.0,1,4.0,442,,205,175.0,Being Treated,n_cubicles,185.0,0.0
6521,293,34,2,resource_use,treatment_begins,403.1006558643084,1.0,1,1.0,444,,205,175.0,Being Treated,n_cubicles,205.0,0.0
6522,312,92,1,resource_use,treatment_begins,432.27047862841533,2.0,1,2.0,444,,205,175.0,Being Treated,n_cubicles,195.0,0.0
6523,323,35,2,resource_use,treatment_begins,439.54250294568897,3.0,1,3.0,444,,205,175.0,Being Treated,n_cubicles,185.0,0.0
6524,326,37,2,resource_use,treatment_begins,443.4502736642007,4.0,1,4.0,444,,205,175.0,Being Treated,n_cubicles,175.0,0.0
6572,312,92,1,resource_use,treatment_begins,432.27047862841533,2.0,1,1.0,446,,205,175.0,Being Treated,n_cubicles,195.0,0.0
6573,323,35,2,resource_use,treatment_begins,439.54250294568897,3.0,1,2.0,446,,205,175.0,Being Treated,n_cubicles,185.0,0.0
6574,326,37,2,resource_use,treatment_begins,443.4502736642007,4.0,1,3.0,446,,205,175.0,Being Treated,n_cubicles,175.0,0.0
6575,329,38,2,resource_use,treatment_begins,445.56898722159673,1.0,1,4.0,446,,205,175.0,Being Treated,n_cubicles,205.0,0.0
6622,312,92,1,resource_use,treatment_begins,432.27047862841533,2.0,1,1.0,448,,205,175.0,Being Treated,n_cubicles,195.0,0.0
6623,323,35,2,resource_use,treatment_begins,439.54250294568897,3.0,1,2.0,448,,205,175.0,Being Treated,n_cubicles,185.0,0.0
6624,326,37,2,resource_use,treatment_begins,443.4502736642007,4.0,1,3.0,448,,205,175.0,Being Treated,n_cubicles,175.0,0.0
6625,329,38,2,resource_use,treatment_begins,445.56898722159673,1.0,1,4.0,448,,205,175.0,Being Treated,n_cubicles,205.0,0.0
6672,312,92,1,resource_use,treatment_begins,432.27047862841533,2.0,1,1.0,450,,205,175.0,Being Treated,n_cubicles,195.0,0.0
6673,323,35,2,resource_use,treatment_begins,439.54250294568897,3.0,1,2.0,450,,205,175.0,Being Treated,n_cubicles,185.0,0.0
6674,326,37,2,resource_use,treatment_begins,443.4502736642007,4.0,1,3.0,450,,205,175.0,Being Treated,n_cubicles,175.0,0.0
6675,329,38,2,resource_use,treatment_begins,445.56898722159673,1.0,1,4.0,450,,205,175.0,Being Treated,n_cubicles,205.0,0.0
6722,312,92,1,resource_use,treatment_begins,432.27047862841533,2.0,1,1.0,452,,205,175.0,Being Treated,n_cubicles,195.0,0.0
6723,323,35,2,resource_use,treatment_begins,439.54250294568897,3.0,1,2.0,452,,205,175.0,Being Treated,n_cubicles,185.0,0.0
6724,326,37,2,resource_use,treatment_begins,443.4502736642007,4.0,1,3.0,452,,205,175.0,Being Treated,n_cubicles,175.0,0.0
6725,329,38,2,resource_use,treatment_begins,445.56898722159673,1.0,1,4.0,452,,205,175.0,Being Treated,n_cubicles,205.0,0.0
6772,312,92,1,resource_use,treatment_begins,432.27047862841533,2.0,1,1.0,454,,205,175.0,Being Treated,n_cubicles,195.0,0.0
6773,323,35,2,resource_use,treatment_begins,439.54250294568897,3.0,1,2.0,454,,205,175.0,Being Treated,n_cubicles,185.0,0.0
6774,326,37,2,resource_use,treatment_begins,443.4502736642007,4.0,1,3.0,454,,205,175.0,Being Treated,n_cubicles,175.0,0.0
6775,329,38,2,resource_use,treatment_begins,445.56898722159673,1.0,1,4.0,454,,205,175.0,Being Treated,n_cubicles,205.0,0.0
6822,312,92,1,resource_use,treatment_begins,432.27047862841533,2.0,1,1.0,456,,205,175.0,Being Treated,n_cubicles,195.0,0.0
6823,323,35,2,resource_use,treatment_begins,439.54250294568897,3.0,1,2.0,456,,205,175.0,Being Treated,n_cubicles,185.0,0.0
6824,326,37,2,resource_use,treatment_begins,443.4502736642007,4.0,1,3.0,456,,205,175.0,Being Treated,n_cubicles,175.0,0.0
6825,329,38,2,resource_use,treatment_begins,445.56898722159673,1.0,1,4.0,456,,205,175.0,Being Treated,n_cubicles,205.0,0.0
6872,312,92,1,resource_use,treatment_begins,432.27047862841533,2.0,1,1.0,458,,205,175.0,Being Treated,n_cubicles,195.0,0.0
6873,323,35,2,resource_use,treatment_begins,439.54250294568897,3.0,1,2.0,458,,205,175.0,Being Treated,n_cubicles,185.0,0.0
6874,326,37,2,resource_use,treatment_begins,443.4502736642007,4.0,1,3.0,458,,205,175.0,Being Treated,n_cubicles,175.0,0.0
6875,329,38,2,resource_use,treatment_begins,445.56898722159673,1.0,1,4.0,458,,205,175.0,Being Treated,n_cubicles,205.0,0.0
6922,312,92,1,resource_use,treatment_begins,432.27047862841533,2.0,1,1.0,460,,205,175.0,Being Treated,n_cubicles,195.0,0.0
6923,323,35,2,resource_use,treatment_begins,439.54250294568897,3.0,1,2.0,460,,205,175.0,Being Treated,n_cubicles,185.0,0.0
6924,326,37,2,resource_use,treatment_begins,443.4502736642007,4.0,1,3.0,460,,205,175.0,Being Treated,n_cubicles,175.0,0.0
6925,329,38,2,resource_use,treatment_begins,445.56898722159673,1.0,1,4.0,460,,205,175.0,Being Treated,n_cubicles,205.0,0.0
6972,312,92,1,resource_use,treatment_begins,432.27047862841533,2.0,1,1.0,462,,205,175.0,Being Treated,n_cubicles,195.0,0.0
6973,323,35,2,resource_use,treatment_begins,439.54250294568897,3.0,1,2.0,462,,205,175.0,Being Treated,n_cubicles,185.0,0.0
6974,326,37,2,resource_use,treatment_begins,443.4502736642007,4.0,1,3.0,462,,205,175.0,Being Treated,n_cubicles,175.0,0.0
6975,329,38,2,resource_use,treatment_begins,445.56898722159673,1.0,1,4.0,462,,205,175.0,Being Treated,n_cubicles,205.0,0.0
7022,312,92,1,resource_use,treatment_begins,432.27047862841533,2.0,1,1.0,464,,205,175.0,Being Treated,n_cubicles,195.0,0.0
7023,323,35,2,resource_use,treatment_begins,439.54250294568897,3.0,1,2.0,464,,205,175.0,Being Treated,n_cubicles,185.0,0.0
7024,326,37,2,resource_use,treatment_begins,443.4502736642007,4.0,1,3.0,464,,205,175.0,Being Treated,n_cubicles,175.0,0.0
7025,329,38,2,resource_use,treatment_begins,445.56898722159673,1.0,1,4.0,464,,205,175.0,Being Treated,n_cubicles,205.0,0.0
7072,312,92,1,resource_use,treatment_begins,432.27047862841533,2.0,1,1.0,466,,205,175.0,Being Treated,n_cubicles,195.0,0.0
7073,323,35,2,resource_use,treatment_begins,439.54250294568897,3.0,1,2.0,466,,205,175.0,Being Treated,n_cubicles,185.0,0.0
7074,326,37,2,resource_use,treatment_begins,443.4502736642007,4.0,1,3.0,466,,205,175.0,Being Treated,n_cubicles,175.0,0.0
7075,329,38,2,resource_use,treatment_begins,445.56898722159673,1.0,1,4.0,466,,205,175.0,Being Treated,n_cubicles,205.0,0.0
7122,312,92,1,resource_use,treatment_begins,432.27047862841533,2.0,1,1.0,468,,205,175.0,Being Treated,n_cubicles,195.0,0.0
7123,323,35,2,resource_use,treatment_begins,439.54250294568897,3.0,1,2.0,468,,205,175.0,Being Treated,n_cubicles,185.0,0.0
7124,326,37,2,resource_use,treatment_begins,443.4502736642007,4.0,1,3.0,468,,205,175.0,Being Treated,n_cubicles,175.0,0.0
7125,329,38,2,resource_use,treatment_begins,445.56898722159673,1.0,1,4.0,468,,205,175.0,Being Treated,n_cubicles,205.0,0.0
7173,323,35,2,resource_use,treatment_begins,439.54250294568897,3.0,1,1.0,470,,205,175.0,Being Treated,n_cubicles,185.0,0.0
7174,326,37,2,resource_use,treatment_begins,443.4502736642007,4.0,1,2.0,470,,205,175.0,Being Treated,n_cubicles,175.0,0.0
7175,329,38,2,resource_use,treatment_begins,445.56898722159673,1.0,1,3.0,470,,205,175.0,Being Treated,n_cubicles,205.0,0.0
7176,336,101,1,resource_use,treatment_begins,468.8051197255543,2.0,1,4.0,470,,205,175.0,Being Treated,n_cubicles,195.0,0.0
7223,323,35,2,resource_use,treatment_begins,439.54250294568897,3.0,1,1.0,472,,205,175.0,Being Treated,n_cubicles,185.0,0.0
7224,326,37,2,resource_use,treatment_begins,443.4502736642007,4.0,1,2.0,472,,205,175.0,Being Treated,n_cubicles,175.0,0.0
7225,329,38,2,resource_use,treatment_begins,445.56898722159673,1.0,1,3.0,472,,205,175.0,Being Treated,n_cubicles,205.0,0.0
7226,336,101,1,resource_use,treatment_begins,468.8051197255543,2.0,1,4.0,472,,205,175.0,Being Treated,n_cubicles,195.0,0.0
7273,323,35,2,resource_use,treatment_begins,439.54250294568897,3.0,1,1.0,474,,205,175.0,Being Treated,n_cubicles,185.0,0.0
7274,326,37,2,resource_use,treatment_begins,443.4502736642007,4.0,1,2.0,474,,205,175.0,Being Treated,n_cubicles,175.0,0.0
7275,329,38,2,resource_use,treatment_begins,445.56898722159673,1.0,1,3.0,474,,205,175.0,Being Treated,n_cubicles,205.0,0.0
7276,336,101,1,resource_use,treatment_begins,468.8051197255543,2.0,1,4.0,474,,205,175.0,Being Treated,n_cubicles,195.0,0.0
7323,323,35,2,resource_use,treatment_begins,439.54250294568897,3.0,1,1.0,476,,205,175.0,Being Treated,n_cubicles,185.0,0.0
7324,326,37,2,resource_use,treatment_begins,443.4502736642007,4.0,1,2.0,476,,205,175.0,Being Treated,n_cubicles,175.0,0.0
7325,329,38,2,resource_use,treatment_begins,445.56898722159673,1.0,1,3.0,476,,205,175.0,Being Treated,n_cubicles,205.0,0.0
7326,336,101,1,resource_use,treatment_begins,468.8051197255543,2.0,1,4.0,476,,205,175.0,Being Treated,n_cubicles,195.0,0.0
7373,323,35,2,resource_use,treatment_begins,439.54250294568897,3.0,1,1.0,478,,205,175.0,Being Treated,n_cubicles,185.0,0.0
7374,326,37,2,resource_use,treatment_begins,443.4502736642007,4.0,1,2.0,478,,205,175.0,Being Treated,n_cubicles,175.0,0.0
7375,329,38,2,resource_use,treatment_begins,445.56898722159673,1.0,1,3.0,478,,205,175.0,Being Treated,n_cubicles,205.0,0.0
7376,336,101,1,resource_use,treatment_begins,468.8051197255543,2.0,1,4.0,478,,205,175.0,Being Treated,n_cubicles,195.0,0.0
7423,323,35,2,resource_use,treatment_begins,439.54250294568897,3.0,1,1.0,480,,205,175.0,Being Treated,n_cubicles,185.0,0.0
7424,326,37,2,resource_use,treatment_begins,443.4502736642007,4.0,1,2.0,480,,205,175.0,Being Treated,n_cubicles,175.0,0.0
7425,329,38,2,resource_use,treatment_begins,445.56898722159673,1.0,1,3.0,480,,205,175.0,Being Treated,n_cubicles,205.0,0.0
7426,336,101,1,resource_use,treatment_begins,468.8051197255543,2.0,1,4.0,480,,205,175.0,Being Treated,n_cubicles,195.0,0.0
7474,326,37,2,resource_use,treatment_begins,443.4502736642007,4.0,1,1.0,482,,205,175.0,Being Treated,n_cubicles,175.0,0.0
7475,329,38,2,resource_use,treatment_begins,445.56898722159673,1.0,1,2.0,482,,205,175.0,Being Treated,n_cubicles,205.0,0.0
7476,336,101,1,resource_use,treatment_begins,468.8051197255543,2.0,1,3.0,482,,205,175.0,Being Treated,n_cubicles,195.0,0.0
7477,343,104,1,resource_use,treatment_begins,480.39774410631543,3.0,1,4.0,482,,205,175.0,Being Treated,n_cubicles,185.0,0.0
7525,329,38,2,resource_use,treatment_begins,445.56898722159673,1.0,1,1.0,484,,205,175.0,Being Treated,n_cubicles,205.0,0.0
7526,336,101,1,resource_use,treatment_begins,468.8051197255543,2.0,1,2.0,484,,205,175.0,Being Treated,n_cubicles,195.0,0.0
7527,343,104,1,resource_use,treatment_begins,480.39774410631543,3.0,1,3.0,484,,205,175.0,Being Treated,n_cubicles,185.0,0.0
7528,346,39,2,resource_use,treatment_begins,483.7222797172585,4.0,1,4.0,484,,205,175.0,Being Treated,n_cubicles,175.0,0.0
7575,329,38,2,resource_use,treatment_begins,445.56898722159673,1.0,1,1.0,486,,205,175.0,Being Treated,n_cubicles,205.0,0.0
7576,336,101,1,resource_use,treatment_begins,468.8051197255543,2.0,1,2.0,486,,205,175.0,Being Treated,n_cubicles,195.0,0.0
7577,343,104,1,resource_use,treatment_begins,480.39774410631543,3.0,1,3.0,486,,205,175.0,Being Treated,n_cubicles,185.0,0.0
7578,346,39,2,resource_use,treatment_begins,483.7222797172585,4.0,1,4.0,486,,205,175.0,Being Treated,n_cubicles,175.0,0.0
7626,336,101,1,resource_use,treatment_begins,468.8051197255543,2.0,1,1.0,488,,205,175.0,Being Treated,n_cubicles,195.0,0.0
7627,343,104,1,resource_use,treatment_begins,480.39774410631543,3.0,1,2.0,488,,205,175.0,Being Treated,n_cubicles,185.0,0.0
7628,346,39,2,resource_use,treatment_begins,483.7222797172585,4.0,1,3.0,488,,205,175.0,Being Treated,n_cubicles,175.0,0.0
7629,351,41,2,resource_use,treatment_begins,486.35574841702277,1.0,1,4.0,488,,205,175.0,Being Treated,n_cubicles,205.0,0.0
7676,336,101,1,resource_use,treatment_begins,468.8051197255543,2.0,1,1.0,490,,205,175.0,Being Treated,n_cubicles,195.0,0.0
7677,343,104,1,resource_use,treatment_begins,480.39774410631543,3.0,1,2.0,490,,205,175.0,Being Treated,n_cubicles,185.0,0.0
7678,346,39,2,resource_use,treatment_begins,483.7222797172585,4.0,1,3.0,490,,205,175.0,Being Treated,n_cubicles,175.0,0.0
7679,351,41,2,resource_use,treatment_begins,486.35574841702277,1.0,1,4.0,490,,205,175.0,Being Treated,n_cubicles,205.0,0.0
7726,336,101,1,resource_use,treatment_begins,468.8051197255543,2.0,1,1.0,492,,205,175.0,Being Treated,n_cubicles,195.0,0.0
7727,343,104,1,resource_use,treatment_begins,480.39774410631543,3.0,1,2.0,492,,205,175.0,Being Treated,n_cubicles,185.0,0.0
7728,346,39,2,resource_use,treatment_begins,483.7222797172585,4.0,1,3.0,492,,205,175.0,Being Treated,n_cubicles,175.0,0.0
7729,351,41,2,resource_use,treatment_begins,486.35574841702277,1.0,1,4.0,492,,205,175.0,Being Treated,n_cubicles,205.0,0.0
7776,336,101,1,resource_use,treatment_begins,468.8051197255543,2.0,1,1.0,494,,205,175.0,Being Treated,n_cubicles,195.0,0.0
7777,343,104,1,resource_use,treatment_begins,480.39774410631543,3.0,1,2.0,494,,205,175.0,Being Treated,n_cubicles,185.0,0.0
7778,346,39,2,resource_use,treatment_begins,483.7222797172585,4.0,1,3.0,494,,205,175.0,Being Treated,n_cubicles,175.0,0.0
7779,351,41,2,resource_use,treatment_begins,486.35574841702277,1.0,1,4.0,494,,205,175.0,Being Treated,n_cubicles,205.0,0.0
7826,336,101,1,resource_use,treatment_begins,468.8051197255543,2.0,1,1.0,496,,205,175.0,Being Treated,n_cubicles,195.0,0.0
7827,343,104,1,resource_use,treatment_begins,480.39774410631543,3.0,1,2.0,496,,205,175.0,Being Treated,n_cubicles,185.0,0.0
7828,346,39,2,resource_use,treatment_begins,483.7222797172585,4.0,1,3.0,496,,205,175.0,Being Treated,n_cubicles,175.0,0.0
7829,351,41,2,resource_use,treatment_begins,486.35574841702277,1.0,1,4.0,496,,205,175.0,Being Treated,n_cubicles,205.0,0.0
7876,336,101,1,resource_use,treatment_begins,468.8051197255543,2.0,1,1.0,498,,205,175.0,Being Treated,n_cubicles,195.0,0.0
7877,343,104,1,resource_use,treatment_begins,480.39774410631543,3.0,1,2.0,498,,205,175.0,Being Treated,n_cubicles,185.0,0.0
7878,346,39,2,resource_use,treatment_begins,483.7222797172585,4.0,1,3.0,498,,205,175.0,Being Treated,n_cubicles,175.0,0.0
7879,351,41,2,resource_use,treatment_begins,486.35574841702277,1.0,1,4.0,498,,205,175.0,Being Treated,n_cubicles,205.0,0.0
7926,336,101,1,resource_use,treatment_begins,468.8051197255543,2.0,1,1.0,500,,205,175.0,Being Treated,n_cubicles,195.0,0.0
7927,343,104,1,resource_use,treatment_begins,480.39774410631543,3.0,1,2.0,500,,205,175.0,Being Treated,n_cubicles,185.0,0.0
7928,346,39,2,resource_use,treatment_begins,483.7222797172585,4.0,1,3.0,500,,205,175.0,Being Treated,n_cubicles,175.0,0.0
7929,351,41,2,resource_use,treatment_begins,486.35574841702277,1.0,1,4.0,500,,205,175.0,Being Treated,n_cubicles,205.0,0.0
7976,336,101,1,resource_use,treatment_begins,468.8051197255543,2.0,1,1.0,502,,205,175.0,Being Treated,n_cubicles,195.0,0.0
7977,343,104,1,resource_use,treatment_begins,480.39774410631543,3.0,1,2.0,502,,205,175.0,Being Treated,n_cubicles,185.0,0.0
7978,346,39,2,resource_use,treatment_begins,483.7222797172585,4.0,1,3.0,502,,205,175.0,Being Treated,n_cubicles,175.0,0.0
7979,351,41,2,resource_use,treatment_begins,486.35574841702277,1.0,1,4.0,502,,205,175.0,Being Treated,n_cubicles,205.0,0.0
8026,336,101,1,resource_use,treatment_begins,468.8051197255543,2.0,1,1.0,504,,205,175.0,Being Treated,n_cubicles,195.0,0.0
8027,343,104,1,resource_use,treatment_begins,480.39774410631543,3.0,1,2.0,504,,205,175.0,Being Treated,n_cubicles,185.0,0.0
8028,346,39,2,resource_use,treatment_begins,483.7222797172585,4.0,1,3.0,504,,205,175.0,Being Treated,n_cubicles,175.0,0.0
8029,351,41,2,resource_use,treatment_begins,486.35574841702277,1.0,1,4.0,504,,205,175.0,Being Treated,n_cubicles,205.0,0.0
8076,336,101,1,resource_use,treatment_begins,468.8051197255543,2.0,1,1.0,506,,205,175.0,Being Treated,n_cubicles,195.0,0.0
8077,343,104,1,resource_use,treatment_begins,480.39774410631543,3.0,1,2.0,506,,205,175.0,Being Treated,n_cubicles,185.0,0.0
8078,346,39,2,resource_use,treatment_begins,483.7222797172585,4.0,1,3.0,506,,205,175.0,Being Treated,n_cubicles,175.0,0.0
8079,351,41,2,resource_use,treatment_begins,486.35574841702277,1.0,1,4.0,506,,205,175.0,Being Treated,n_cubicles,205.0,0.0
8126,336,101,1,resource_use,treatment_begins,468.8051197255543,2.0,1,1.0,508,,205,175.0,Being Treated,n_cubicles,195.0,0.0
8127,343,104,1,resource_use,treatment_begins,480.39774410631543,3.0,1,2.0,508,,205,175.0,Being Treated,n_cubicles,185.0,0.0
8128,346,39,2,resource_use,treatment_begins,483.7222797172585,4.0,1,3.0,508,,205,175.0,Being Treated,n_cubicles,175.0,0.0
8129,351,41,2,resource_use,treatment_begins,486.35574841702277,1.0,1,4.0,508,,205,175.0,Being Treated,n_cubicles,205.0,0.0
8176,336,101,1,resource_use,treatment_begins,468.8051197255543,2.0,1,1.0,510,,205,175.0,Being Treated,n_cubicles,195.0,0.0
8177,343,104,1,resource_use,treatment_begins,480.39774410631543,3.0,1,2.0,510,,205,175.0,Being Treated,n_cubicles,185.0,0.0
8178,346,39,2,resource_use,treatment_begins,483.7222797172585,4.0,1,3.0,510,,205,175.0,Being Treated,n_cubicles,175.0,0.0
8179,351,41,2,resource_use,treatment_begins,486.35574841702277,1.0,1,4.0,510,,205,175.0,Being Treated,n_cubicles,205.0,0.0
8226,336,101,1,resource_use,treatment_begins,468.8051197255543,2.0,1,1.0,512,,205,175.0,Being Treated,n_cubicles,195.0,0.0
8227,343,104,1,resource_use,treatment_begins,480.39774410631543,3.0,1,2.0,512,,205,175.0,Being Treated,n_cubicles,185.0,0.0
8228,346,39,2,resource_use,treatment_begins,483.7222797172585,4.0,1,3.0,512,,205,175.0,Being Treated,n_cubicles,175.0,0.0
8229,351,41,2,resource_use,treatment_begins,486.35574841702277,1.0,1,4.0,512,,205,175.0,Being Treated,n_cubicles,205.0,0.0
8277,343,104,1,resource_use,treatment_begins,480.39774410631543,3.0,1,1.0,514,,205,175.0,Being Treated,n_cubicles,185.0,0.0
8278,346,39,2,resource_use,treatment_begins,483.7222797172585,4.0,1,2.0,514,,205,175.0,Being Treated,n_cubicles,175.0,0.0
8279,351,41,2,resource_use,treatment_begins,486.35574841702277,1.0,1,3.0,514,,205,175.0,Being Treated,n_cubicles,205.0,0.0
8280,364,42,2,resource_use,treatment_begins,513.0453259889181,2.0,1,4.0,514,,205,175.0,Being Treated,n_cubicles,195.0,0.0
8327,343,104,1,resource_use,treatment_begins,480.39774410631543,3.0,1,1.0,516,,205,175.0,Being Treated,n_cubicles,185.0,0.0
8328,346,39,2,resource_use,treatment_begins,483.7222797172585,4.0,1,2.0,516,,205,175.0,Being Treated,n_cubicles,175.0,0.0
8329,351,41,2,resource_use,treatment_begins,486.35574841702277,1.0,1,3.0,516,,205,175.0,Being Treated,n_cubicles,205.0,0.0
8330,364,42,2,resource_use,treatment_begins,513.0453259889181,2.0,1,4.0,516,,205,175.0,Being Treated,n_cubicles,195.0,0.0
8377,343,104,1,resource_use,treatment_begins,480.39774410631543,3.0,1,1.0,518,,205,175.0,Being Treated,n_cubicles,185.0,0.0
8378,346,39,2,resource_use,treatment_begins,483.7222797172585,4.0,1,2.0,518,,205,175.0,Being Treated,n_cubicles,175.0,0.0
8379,351,41,2,resource_use,treatment_begins,486.35574841702277,1.0,1,3.0,518,,205,175.0,Being Treated,n_cubicles,205.0,0.0
8380,364,42,2,resource_use,treatment_begins,513.0453259889181,2.0,1,4.0,518,,205,175.0,Being Treated,n_cubicles,195.0,0.0
8427,343,104,1,resource_use,treatment_begins,480.39774410631543,3.0,1,1.0,520,,205,175.0,Being Treated,n_cubicles,185.0,0.0
8428,346,39,2,resource_use,treatment_begins,483.7222797172585,4.0,1,2.0,520,,205,175.0,Being Treated,n_cubicles,175.0,0.0
8429,351,41,2,resource_use,treatment_begins,486.35574841702277,1.0,1,3.0,520,,205,175.0,Being Treated,n_cubicles,205.0,0.0
8430,364,42,2,resource_use,treatment_begins,513.0453259889181,2.0,1,4.0,520,,205,175.0,Being Treated,n_cubicles,195.0,0.0
8478,346,39,2,resource_use,treatment_begins,483.7222797172585,4.0,1,1.0,522,,205,175.0,Being Treated,n_cubicles,175.0,0.0
8479,351,41,2,resource_use,treatment_begins,486.35574841702277,1.0,1,2.0,522,,205,175.0,Being Treated,n_cubicles,205.0,0.0
8480,364,42,2,resource_use,treatment_begins,513.0453259889181,2.0,1,3.0,522,,205,175.0,Being Treated,n_cubicles,195.0,0.0
8481,375,113,1,resource_use,treatment_begins,521.2094333460852,3.0,1,4.0,522,,205,175.0,Being Treated,n_cubicles,185.0,0.0
8528,346,39,2,resource_use,treatment_begins,483.7222797172585,4.0,1,1.0,524,,205,175.0,Being Treated,n_cubicles,175.0,0.0
8529,351,41,2,resource_use,treatment_begins,486.35574841702277,1.0,1,2.0,524,,205,175.0,Being Treated,n_cubicles,205.0,0.0
8530,364,42,2,resource_use,treatment_begins,513.0453259889181,2.0,1,3.0,524,,205,175.0,Being Treated,n_cubicles,195.0,0.0
8531,375,113,1,resource_use,treatment_begins,521.2094333460852,3.0,1,4.0,524,,205,175.0,Being Treated,n_cubicles,185.0,0.0
8578,346,39,2,resource_use,treatment_begins,483.7222797172585,4.0,1,1.0,526,,205,175.0,Being Treated,n_cubicles,175.0,0.0
8579,351,41,2,resource_use,treatment_begins,486.35574841702277,1.0,1,2.0,526,,205,175.0,Being Treated,n_cubicles,205.0,0.0
8580,364,42,2,resource_use,treatment_begins,513.0453259889181,2.0,1,3.0,526,,205,175.0,Being Treated,n_cubicles,195.0,0.0
8581,375,113,1,resource_use,treatment_begins,521.2094333460852,3.0,1,4.0,526,,205,175.0,Being Treated,n_cubicles,185.0,0.0
8630,364,42,2,resource_use,treatment_begins,513.0453259889181,2.0,1,1.0,528,,205,175.0,Being Treated,n_cubicles,195.0,0.0
8631,375,113,1,resource_use,treatment_begins,521.2094333460852,3.0,1,2.0,528,,205,175.0,Being Treated,n_cubicles,185.0,0.0
8632,380,115,1,resource_use,treatment_begins,526.3822599668748,1.0,1,3.0,528,,205,175.0,Being Treated,n_cubicles,205.0,0.0
8633,383,44,2,resource_use,treatment_begins,526.9146053453272,4.0,1,4.0,528,,205,175.0,Being Treated,n_cubicles,175.0,0.0
8680,364,42,2,resource_use,treatment_begins,513.0453259889181,2.0,1,1.0,530,,205,175.0,Being Treated,n_cubicles,195.0,0.0
8681,375,113,1,resource_use,treatment_begins,521.2094333460852,3.0,1,2.0,530,,205,175.0,Being Treated,n_cubicles,185.0,0.0
8682,380,115,1,resource_use,treatment_begins,526.3822599668748,1.0,1,3.0,530,,205,175.0,Being Treated,n_cubicles,205.0,0.0
8683,383,44,2,resource_use,treatment_begins,526.9146053453272,4.0,1,4.0,530,,205,175.0,Being Treated,n_cubicles,175.0,0.0
8730,364,42,2,resource_use,treatment_begins,513.0453259889181,2.0,1,1.0,532,,205,175.0,Being Treated,n_cubicles,195.0,0.0
8731,375,113,1,resource_use,treatment_begins,521.2094333460852,3.0,1,2.0,532,,205,175.0,Being Treated,n_cubicles,185.0,0.0
8732,380,115,1,resource_use,treatment_begins,526.3822599668748,1.0,1,3.0,532,,205,175.0,Being Treated,n_cubicles,205.0,0.0
8733,383,44,2,resource_use,treatment_begins,526.9146053453272,4.0,1,4.0,532,,205,175.0,Being Treated,n_cubicles,175.0,0.0
8780,364,42,2,resource_use,treatment_begins,513.0453259889181,2.0,1,1.0,534,,205,175.0,Being Treated,n_cubicles,195.0,0.0
8781,375,113,1,resource_use,treatment_begins,521.2094333460852,3.0,1,2.0,534,,205,175.0,Being Treated,n_cubicles,185.0,0.0
8782,380,115,1,resource_use,treatment_begins,526.3822599668748,1.0,1,3.0,534,,205,175.0,Being Treated,n_cubicles,205.0,0.0
8783,383,44,2,resource_use,treatment_begins,526.9146053453272,4.0,1,4.0,534,,205,175.0,Being Treated,n_cubicles,175.0,0.0
8830,364,42,2,resource_use,treatment_begins,513.0453259889181,2.0,1,1.0,536,,205,175.0,Being Treated,n_cubicles,195.0,0.0
8831,375,113,1,resource_use,treatment_begins,521.2094333460852,3.0,1,2.0,536,,205,175.0,Being Treated,n_cubicles,185.0,0.0
8832,380,115,1,resource_use,treatment_begins,526.3822599668748,1.0,1,3.0,536,,205,175.0,Being Treated,n_cubicles,205.0,0.0
8833,383,44,2,resource_use,treatment_begins,526.9146053453272,4.0,1,4.0,536,,205,175.0,Being Treated,n_cubicles,175.0,0.0
8880,364,42,2,resource_use,treatment_begins,513.0453259889181,2.0,1,1.0,538,,205,175.0,Being Treated,n_cubicles,195.0,0.0
8881,375,113,1,resource_use,treatment_begins,521.2094333460852,3.0,1,2.0,538,,205,175.0,Being Treated,n_cubicles,185.0,0.0
8882,380,115,1,resource_use,treatment_begins,526.3822599668748,1.0,1,3.0,538,,205,175.0,Being Treated,n_cubicles,205.0,0.0
8883,383,44,2,resource_use,treatment_begins,526.9146053453272,4.0,1,4.0,538,,205,175.0,Being Treated,n_cubicles,175.0,0.0
8930,364,42,2,resource_use,treatment_begins,513.0453259889181,2.0,1,1.0,540,,205,175.0,Being Treated,n_cubicles,195.0,0.0
8931,375,113,1,resource_use,treatment_begins,521.2094333460852,3.0,1,2.0,540,,205,175.0,Being Treated,n_cubicles,185.0,0.0
8932,380,115,1,resource_use,treatment_begins,526.3822599668748,1.0,1,3.0,540,,205,175.0,Being Treated,n_cubicles,205.0,0.0
8933,383,44,2,resource_use,treatment_begins,526.9146053453272,4.0,1,4.0,540,,205,175.0,Being Treated,n_cubicles,175.0,0.0
8980,364,42,2,resource_use,treatment_begins,513.0453259889181,2.0,1,1.0,542,,205,175.0,Being Treated,n_cubicles,195.0,0.0
8981,375,113,1,resource_use,treatment_begins,521.2094333460852,3.0,1,2.0,542,,205,175.0,Being Treated,n_cubicles,185.0,0.0
8982,380,115,1,resource_use,treatment_begins,526.3822599668748,1.0,1,3.0,542,,205,175.0,Being Treated,n_cubicles,205.0,0.0
8983,383,44,2,resource_use,treatment_begins,526.9146053453272,4.0,1,4.0,542,,205,175.0,Being Treated,n_cubicles,175.0,0.0
9030,364,42,2,resource_use,treatment_begins,513.0453259889181,2.0,1,1.0,544,,205,175.0,Being Treated,n_cubicles,195.0,0.0
9031,375,113,1,resource_use,treatment_begins,521.2094333460852,3.0,1,2.0,544,,205,175.0,Being Treated,n_cubicles,185.0,0.0
9032,380,115,1,resource_use,treatment_begins,526.3822599668748,1.0,1,3.0,544,,205,175.0,Being Treated,n_cubicles,205.0,0.0
9033,383,44,2,resource_use,treatment_begins,526.9146053453272,4.0,1,4.0,544,,205,175.0,Being Treated,n_cubicles,175.0,0.0
9080,364,42,2,resource_use,treatment_begins,513.0453259889181,2.0,1,1.0,546,,205,175.0,Being Treated,n_cubicles,195.0,0.0
9081,375,113,1,resource_use,treatment_begins,521.2094333460852,3.0,1,2.0,546,,205,175.0,Being Treated,n_cubicles,185.0,0.0
9082,380,115,1,resource_use,treatment_begins,526.3822599668748,1.0,1,3.0,546,,205,175.0,Being Treated,n_cubicles,205.0,0.0
9083,383,44,2,resource_use,treatment_begins,526.9146053453272,4.0,1,4.0,546,,205,175.0,Being Treated,n_cubicles,175.0,0.0
9130,364,42,2,resource_use,treatment_begins,513.0453259889181,2.0,1,1.0,548,,205,175.0,Being Treated,n_cubicles,195.0,0.0
9131,375,113,1,resource_use,treatment_begins,521.2094333460852,3.0,1,2.0,548,,205,175.0,Being Treated,n_cubicles,185.0,0.0
9132,380,115,1,resource_use,treatment_begins,526.3822599668748,1.0,1,3.0,548,,205,175.0,Being Treated,n_cubicles,205.0,0.0
9133,383,44,2,resource_use,treatment_begins,526.9146053453272,4.0,1,4.0,548,,205,175.0,Being Treated,n_cubicles,175.0,0.0
9180,364,42,2,resource_use,treatment_begins,513.0453259889181,2.0,1,1.0,550,,205,175.0,Being Treated,n_cubicles,195.0,0.0
9181,375,113,1,resource_use,treatment_begins,521.2094333460852,3.0,1,2.0,550,,205,175.0,Being Treated,n_cubicles,185.0,0.0
9182,380,115,1,resource_use,treatment_begins,526.3822599668748,1.0,1,3.0,550,,205,175.0,Being Treated,n_cubicles,205.0,0.0
9183,383,44,2,resource_use,treatment_begins,526.9146053453272,4.0,1,4.0,550,,205,175.0,Being Treated,n_cubicles,175.0,0.0
9230,364,42,2,resource_use,treatment_begins,513.0453259889181,2.0,1,1.0,552,,205,175.0,Being Treated,n_cubicles,195.0,0.0
9231,375,113,1,resource_use,treatment_begins,521.2094333460852,3.0,1,2.0,552,,205,175.0,Being Treated,n_cubicles,185.0,0.0
9232,380,115,1,resource_use,treatment_begins,526.3822599668748,1.0,1,3.0,552,,205,175.0,Being Treated,n_cubicles,205.0,0.0
9233,383,44,2,resource_use,treatment_begins,526.9146053453272,4.0,1,4.0,552,,205,175.0,Being Treated,n_cubicles,175.0,0.0
9280,364,42,2,resource_use,treatment_begins,513.0453259889181,2.0,1,1.0,554,,205,175.0,Being Treated,n_cubicles,195.0,0.0
9281,375,113,1,resource_use,treatment_begins,521.2094333460852,3.0,1,2.0,554,,205,175.0,Being Treated,n_cubicles,185.0,0.0
9282,380,115,1,resource_use,treatment_begins,526.3822599668748,1.0,1,3.0,554,,205,175.0,Being Treated,n_cubicles,205.0,0.0
9283,383,44,2,resource_use,treatment_begins,526.9146053453272,4.0,1,4.0,554,,205,175.0,Being Treated,n_cubicles,175.0,0.0
9331,375,113,1,resource_use,treatment_begins,521.2094333460852,3.0,1,1.0,556,,205,175.0,Being Treated,n_cubicles,185.0,0.0
9332,380,115,1,resource_use,treatment_begins,526.3822599668748,1.0,1,2.0,556,,205,175.0,Being Treated,n_cubicles,205.0,0.0
9333,383,44,2,resource_use,treatment_begins,526.9146053453272,4.0,1,3.0,556,,205,175.0,Being Treated,n_cubicles,175.0,0.0
9334,394,45,2,resource_use,treatment_begins,554.1913498305421,2.0,1,4.0,556,,205,175.0,Being Treated,n_cubicles,195.0,0.0
9381,375,113,1,resource_use,treatment_begins,521.2094333460852,3.0,1,1.0,558,,205,175.0,Being Treated,n_cubicles,185.0,0.0
9382,380,115,1,resource_use,treatment_begins,526.3822599668748,1.0,1,2.0,558,,205,175.0,Being Treated,n_cubicles,205.0,0.0
9383,383,44,2,resource_use,treatment_begins,526.9146053453272,4.0,1,3.0,558,,205,175.0,Being Treated,n_cubicles,175.0,0.0
9384,394,45,2,resource_use,treatment_begins,554.1913498305421,2.0,1,4.0,558,,205,175.0,Being Treated,n_cubicles,195.0,0.0
9432,375,113,1,resource_use,treatment_begins,521.2094333460852,3.0,1,1.0,560,,205,175.0,Being Treated,n_cubicles,185.0,0.0
9433,383,44,2,resource_use,treatment_begins,526.9146053453272,4.0,1,2.0,560,,205,175.0,Being Treated,n_cubicles,175.0,0.0
9434,394,45,2,resource_use,treatment_begins,554.1913498305421,2.0,1,3.0,560,,205,175.0,Being Treated,n_cubicles,195.0,0.0
9435,401,46,2,resource_use,treatment_begins,559.4873956191101,1.0,1,4.0,560,,205,175.0,Being Treated,n_cubicles,205.0,0.0
9482,375,113,1,resource_use,treatment_begins,521.2094333460852,3.0,1,1.0,562,,205,175.0,Being Treated,n_cubicles,185.0,0.0
9483,383,44,2,resource_use,treatment_begins,526.9146053453272,4.0,1,2.0,562,,205,175.0,Being Treated,n_cubicles,175.0,0.0
9484,394,45,2,resource_use,treatment_begins,554.1913498305421,2.0,1,3.0,562,,205,175.0,Being Treated,n_cubicles,195.0,0.0
9485,401,46,2,resource_use,treatment_begins,559.4873956191101,1.0,1,4.0,562,,205,175.0,Being Treated,n_cubicles,205.0,0.0
9532,375,113,1,resource_use,treatment_begins,521.2094333460852,3.0,1,1.0,564,,205,175.0,Being Treated,n_cubicles,185.0,0.0
9533,383,44,2,resource_use,treatment_begins,526.9146053453272,4.0,1,2.0,564,,205,175.0,Being Treated,n_cubicles,175.0,0.0
9534,394,45,2,resource_use,treatment_begins,554.1913498305421,2.0,1,3.0,564,,205,175.0,Being Treated,n_cubicles,195.0,0.0
9535,401,46,2,resource_use,treatment_begins,559.4873956191101,1.0,1,4.0,564,,205,175.0,Being Treated,n_cubicles,205.0,0.0
9584,394,45,2,resource_use,treatment_begins,554.1913498305421,2.0,1,1.0,566,,205,175.0,Being Treated,n_cubicles,195.0,0.0
9585,401,46,2,resource_use,treatment_begins,559.4873956191101,1.0,1,2.0,566,,205,175.0,Being Treated,n_cubicles,205.0,0.0
9586,406,47,2,resource_use,treatment_begins,564.1463818012539,3.0,1,3.0,566,,205,175.0,Being Treated,n_cubicles,185.0,0.0
9587,411,48,2,resource_use,treatment_begins,565.0568801115129,4.0,1,4.0,566,,205,175.0,Being Treated,n_cubicles,175.0,0.0
9634,394,45,2,resource_use,treatment_begins,554.1913498305421,2.0,1,1.0,568,,205,175.0,Being Treated,n_cubicles,195.0,0.0
9635,401,46,2,resource_use,treatment_begins,559.4873956191101,1.0,1,2.0,568,,205,175.0,Being Treated,n_cubicles,205.0,0.0
9636,406,47,2,resource_use,treatment_begins,564.1463818012539,3.0,1,3.0,568,,205,175.0,Being Treated,n_cubicles,185.0,0.0
9637,411,48,2,resource_use,treatment_begins,565.0568801115129,4.0,1,4.0,568,,205,175.0,Being Treated,n_cubicles,175.0,0.0
9684,394,45,2,resource_use,treatment_begins,554.1913498305421,2.0,1,1.0,570,,205,175.0,Being Treated,n_cubicles,195.0,0.0
9685,401,46,2,resource_use,treatment_begins,559.4873956191101,1.0,1,2.0,570,,205,175.0,Being Treated,n_cubicles,205.0,0.0
9686,406,47,2,resource_use,treatment_begins,564.1463818012539,3.0,1,3.0,570,,205,175.0,Being Treated,n_cubicles,185.0,0.0
9687,411,48,2,resource_use,treatment_begins,565.0568801115129,4.0,1,4.0,570,,205,175.0,Being Treated,n_cubicles,175.0,0.0
9734,394,45,2,resource_use,treatment_begins,554.1913498305421,2.0,1,1.0,572,,205,175.0,Being Treated,n_cubicles,195.0,0.0
9735,401,46,2,resource_use,treatment_begins,559.4873956191101,1.0,1,2.0,572,,205,175.0,Being Treated,n_cubicles,205.0,0.0
9736,406,47,2,resource_use,treatment_begins,564.1463818012539,3.0,1,3.0,572,,205,175.0,Being Treated,n_cubicles,185.0,0.0
9737,411,48,2,resource_use,treatment_begins,565.0568801115129,4.0,1,4.0,572,,205,175.0,Being Treated,n_cubicles,175.0,0.0
9784,394,45,2,resource_use,treatment_begins,554.1913498305421,2.0,1,1.0,574,,205,175.0,Being Treated,n_cubicles,195.0,0.0
9785,401,46,2,resource_use,treatment_begins,559.4873956191101,1.0,1,2.0,574,,205,175.0,Being Treated,n_cubicles,205.0,0.0
9786,406,47,2,resource_use,treatment_begins,564.1463818012539,3.0,1,3.0,574,,205,175.0,Being Treated,n_cubicles,185.0,0.0
9787,411,48,2,resource_use,treatment_begins,565.0568801115129,4.0,1,4.0,574,,205,175.0,Being Treated,n_cubicles,175.0,0.0
9834,394,45,2,resource_use,treatment_begins,554.1913498305421,2.0,1,1.0,576,,205,175.0,Being Treated,n_cubicles,195.0,0.0
9835,401,46,2,resource_use,treatment_begins,559.4873956191101,1.0,1,2.0,576,,205,175.0,Being Treated,n_cubicles,205.0,0.0
9836,406,47,2,resource_use,treatment_begins,564.1463818012539,3.0,1,3.0,576,,205,175.0,Being Treated,n_cubicles,185.0,0.0
9837,411,48,2,resource_use,treatment_begins,565.0568801115129,4.0,1,4.0,576,,205,175.0,Being Treated,n_cubicles,175.0,0.0
9884,394,45,2,resource_use,treatment_begins,554.1913498305421,2.0,1,1.0,578,,205,175.0,Being Treated,n_cubicles,195.0,0.0
9885,401,46,2,resource_use,treatment_begins,559.4873956191101,1.0,1,2.0,578,,205,175.0,Being Treated,n_cubicles,205.0,0.0
9886,406,47,2,resource_use,treatment_begins,564.1463818012539,3.0,1,3.0,578,,205,175.0,Being Treated,n_cubicles,185.0,0.0
9887,411,48,2,resource_use,treatment_begins,565.0568801115129,4.0,1,4.0,578,,205,175.0,Being Treated,n_cubicles,175.0,0.0
9934,394,45,2,resource_use,treatment_begins,554.1913498305421,2.0,1,1.0,580,,205,175.0,Being Treated,n_cubicles,195.0,0.0
9935,401,46,2,resource_use,treatment_begins,559.4873956191101,1.0,1,2.0,580,,205,175.0,Being Treated,n_cubicles,205.0,0.0
9936,406,47,2,resource_use,treatment_begins,564.1463818012539,3.0,1,3.0,580,,205,175.0,Being Treated,n_cubicles,185.0,0.0
9937,411,48,2,resource_use,treatment_begins,565.0568801115129,4.0,1,4.0,580,,205,175.0,Being Treated,n_cubicles,175.0,0.0
9984,394,45,2,resource_use,treatment_begins,554.1913498305421,2.0,1,1.0,582,,205,175.0,Being Treated,n_cubicles,195.0,0.0
9985,401,46,2,resource_use,treatment_begins,559.4873956191101,1.0,1,2.0,582,,205,175.0,Being Treated,n_cubicles,205.0,0.0
9986,406,47,2,resource_use,treatment_begins,564.1463818012539,3.0,1,3.0,582,,205,175.0,Being Treated,n_cubicles,185.0,0.0
9987,411,48,2,resource_use,treatment_begins,565.0568801115129,4.0,1,4.0,582,,205,175.0,Being Treated,n_cubicles,175.0,0.0
10034,394,45,2,resource_use,treatment_begins,554.1913498305421,2.0,1,1.0,584,,205,175.0,Being Treated,n_cubicles,195.0,0.0
10035,401,46,2,resource_use,treatment_begins,559.4873956191101,1.0,1,2.0,584,,205,175.0,Being Treated,n_cubicles,205.0,0.0
10036,406,47,2,resource_use,treatment_begins,564.1463818012539,3.0,1,3.0,584,,205,175.0,Being Treated,n_cubicles,185.0,0.0
10037,411,48,2,resource_use,treatment_begins,565.0568801115129,4.0,1,4.0,584,,205,175.0,Being Treated,n_cubicles,175.0,0.0
10084,394,45,2,resource_use,treatment_begins,554.1913498305421,2.0,1,1.0,586,,205,175.0,Being Treated,n_cubicles,195.0,0.0
10085,401,46,2,resource_use,treatment_begins,559.4873956191101,1.0,1,2.0,586,,205,175.0,Being Treated,n_cubicles,205.0,0.0
10086,406,47,2,resource_use,treatment_begins,564.1463818012539,3.0,1,3.0,586,,205,175.0,Being Treated,n_cubicles,185.0,0.0
10087,411,48,2,resource_use,treatment_begins,565.0568801115129,4.0,1,4.0,586,,205,175.0,Being Treated,n_cubicles,175.0,0.0
10134,394,45,2,resource_use,treatment_begins,554.1913498305421,2.0,1,1.0,588,,205,175.0,Being Treated,n_cubicles,195.0,0.0
10135,401,46,2,resource_use,treatment_begins,559.4873956191101,1.0,1,2.0,588,,205,175.0,Being Treated,n_cubicles,205.0,0.0
10136,406,47,2,resource_use,treatment_begins,564.1463818012539,3.0,1,3.0,588,,205,175.0,Being Treated,n_cubicles,185.0,0.0
10137,411,48,2,resource_use,treatment_begins,565.0568801115129,4.0,1,4.0,588,,205,175.0,Being Treated,n_cubicles,175.0,0.0
10184,394,45,2,resource_use,treatment_begins,554.1913498305421,2.0,1,1.0,590,,205,175.0,Being Treated,n_cubicles,195.0,0.0
10185,401,46,2,resource_use,treatment_begins,559.4873956191101,1.0,1,2.0,590,,205,175.0,Being Treated,n_cubicles,205.0,0.0
10186,406,47,2,resource_use,treatment_begins,564.1463818012539,3.0,1,3.0,590,,205,175.0,Being Treated,n_cubicles,185.0,0.0
10187,411,48,2,resource_use,treatment_begins,565.0568801115129,4.0,1,4.0,590,,205,175.0,Being Treated,n_cubicles,175.0,0.0
10235,401,46,2,resource_use,treatment_begins,559.4873956191101,1.0,1,1.0,592,,205,175.0,Being Treated,n_cubicles,205.0,0.0
10236,406,47,2,resource_use,treatment_begins,564.1463818012539,3.0,1,2.0,592,,205,175.0,Being Treated,n_cubicles,185.0,0.0
10237,411,48,2,resource_use,treatment_begins,565.0568801115129,4.0,1,3.0,592,,205,175.0,Being Treated,n_cubicles,175.0,0.0
10238,428,124,1,resource_use,treatment_begins,591.6245692350104,2.0,1,4.0,592,,205,175.0,Being Treated,n_cubicles,195.0,0.0
10285,401,46,2,resource_use,treatment_begins,559.4873956191101,1.0,1,1.0,594,,205,175.0,Being Treated,n_cubicles,205.0,0.0
10286,406,47,2,resource_use,treatment_begins,564.1463818012539,3.0,1,2.0,594,,205,175.0,Being Treated,n_cubicles,185.0,0.0
10287,411,48,2,resource_use,treatment_begins,565.0568801115129,4.0,1,3.0,594,,205,175.0,Being Treated,n_cubicles,175.0,0.0
10288,428,124,1,resource_use,treatment_begins,591.6245692350104,2.0,1,4.0,594,,205,175.0,Being Treated,n_cubicles,195.0,0.0
10335,401,46,2,resource_use,treatment_begins,559.4873956191101,1.0,1,1.0,596,,205,175.0,Being Treated,n_cubicles,205.0,0.0
10336,406,47,2,resource_use,treatment_begins,564.1463818012539,3.0,1,2.0,596,,205,175.0,Being Treated,n_cubicles,185.0,0.0
10337,411,48,2,resource_use,treatment_begins,565.0568801115129,4.0,1,3.0,596,,205,175.0,Being Treated,n_cubicles,175.0,0.0
10338,428,124,1,resource_use,treatment_begins,591.6245692350104,2.0,1,4.0,596,,205,175.0,Being Treated,n_cubicles,195.0,0.0
10386,406,47,2,resource_use,treatment_begins,564.1463818012539,3.0,1,1.0,598,,205,175.0,Being Treated,n_cubicles,185.0,0.0
10387,411,48,2,resource_use,treatment_begins,565.0568801115129,4.0,1,2.0,598,,205,175.0,Being Treated,n_cubicles,175.0,0.0
10388,428,124,1,resource_use,treatment_begins,591.6245692350104,2.0,1,3.0,598,,205,175.0,Being Treated,n_cubicles,195.0,0.0
10389,433,125,1,resource_use,treatment_begins,596.1433898790066,1.0,1,4.0,598,,205,175.0,Being Treated,n_cubicles,205.0,0.0
10436,406,47,2,resource_use,treatment_begins,564.1463818012539,3.0,1,1.0,600,,205,175.0,Being Treated,n_cubicles,185.0,0.0
10437,411,48,2,resource_use,treatment_begins,565.0568801115129,4.0,1,2.0,600,,205,175.0,Being Treated,n_cubicles,175.0,0.0
10438,428,124,1,resource_use,treatment_begins,591.6245692350104,2.0,1,3.0,600,,205,175.0,Being Treated,n_cubicles,195.0,0.0
10439,433,125,1,resource_use,treatment_begins,596.1433898790066,1.0,1,4.0,600,,205,175.0,Being Treated,n_cubicles,205.0,0.0
